auxiliary_inconsistency_rate,encoded_energy_mean,family,instance_id,noise_level,optimum_hit_rate,original_objective_mean,representation
0.0,-3.7615559895833335,cubic_spin_glass,inst_023cdc8fe68bc010af3e4b8267ac107052b34378aa9702e637d696f06b410084,noiseless,0.17708333333333334,-3.7615559895833335,all_native
0.0,0.005859375,cubic_spin_glass,inst_023cdc8fe68bc010af3e4b8267ac107052b34378aa9702e637d696f06b410084,realistic_high,0.030436197916666668,0.005859375,all_native
0.0,-0.6241861979166666,cubic_spin_glass,inst_023cdc8fe68bc010af3e4b8267ac107052b34378aa9702e637d696f06b410084,realistic_low,0.052734375,-0.6241861979166666,all_native
0.97509765625,60.182373046875,cubic_spin_glass,inst_023cdc8fe68bc010af3e4b8267ac107052b34378aa9702e637d696f06b410084,noiseless,0.03955078125,-0.3330078125,fully_quadratized
0.9708658854166666,57.78515625,cubic_spin_glass,inst_023cdc8fe68bc010af3e4b8267ac107052b34378aa9702e637d696f06b410084,realistic_high,0.030192057291666668,-0.0625,fully_quadratized
0.9751790364583334,59.415852864583336,cubic_spin_glass,inst_023cdc8fe68bc010af3e4b8267ac107052b34378aa9702e637d696f06b410084,realistic_low,0.035074869791666664,-0.16910807291666666,fully_quadratized
0.0,-2.6288736979166667,cubic_spin_glass,inst_023cdc8fe68bc010af3e4b8267ac107052b34378aa9702e637d696f06b410084,noiseless,0.11500651041666668,-2.6288736979166667,matched_random_selective
0.0,0.01435546875,cubic_spin_glass,inst_023cdc8fe68bc010af3e4b8267ac107052b34378aa9702e637d696f06b410084,realistic_high,0.030436197916666668,0.01435546875,matched_random_selective
0.0,-0.4203450520833333,cubic_spin_glass,inst_023cdc8fe68bc010af3e4b8267ac107052b34378aa9702e637d696f06b410084,realistic_low,0.0427734375,-0.4203450520833333,matched_random_selective
0.0,-3.0076497395833335,cubic_spin_glass,inst_023cdc8fe68bc010af3e4b8267ac107052b34378aa9702e637d696f06b410084,noiseless,0.12166341145833333,-3.0076497395833335,selective
0.0,0.02099609375,cubic_spin_glass,inst_023cdc8fe68bc010af3e4b8267ac107052b34378aa9702e637d696f06b410084,realistic_high,0.029866536458333332,0.02099609375,selective
0.0,-0.4728190104166667,cubic_spin_glass,inst_023cdc8fe68bc010af3e4b8267ac107052b34378aa9702e637d696f06b410084,realistic_low,0.043782552083333336,-0.4728190104166667,selective
0.0,-4.112467447916667,cubic_spin_glass,inst_1b4f0ef7fd72cb047be9f8d1f10dd8b773de7906795b02e88a72b0aec525d5ef,noiseless,0.025065104166666668,-4.112467447916667,all_native
0.0,-0.3614908854166667,cubic_spin_glass,inst_1b4f0ef7fd72cb047be9f8d1f10dd8b773de7906795b02e88a72b0aec525d5ef,realistic_high,0.0021158854166666665,-0.3614908854166667,all_native
0.0,-1.5099283854166667,cubic_spin_glass,inst_1b4f0ef7fd72cb047be9f8d1f10dd8b773de7906795b02e88a72b0aec525d5ef,realistic_low,0.009440104166666666,-1.5099283854166667,all_native
0.729248046875,45.549479166666664,cubic_spin_glass,inst_1b4f0ef7fd72cb047be9f8d1f10dd8b773de7906795b02e88a72b0aec525d5ef,noiseless,0.005940755208333333,-1.1539713541666667,fully_quadratized
0.7447916666666666,43.397216796875,cubic_spin_glass,inst_1b4f0ef7fd72cb047be9f8d1f10dd8b773de7906795b02e88a72b0aec525d5ef,realistic_high,0.0025227864583333335,0.037760416666666664,fully_quadratized
0.7372233072916666,43.260904947916664,cubic_spin_glass,inst_1b4f0ef7fd72cb047be9f8d1f10dd8b773de7906795b02e88a72b0aec525d5ef,realistic_low,0.003173828125,-0.14534505208333334,fully_quadratized
0.0,-3.7096028645833337,cubic_spin_glass,inst_1b4f0ef7fd72cb047be9f8d1f10dd8b773de7906795b02e88a72b0aec525d5ef,noiseless,0.018408203125,-3.7096028645833337,matched_random_selective
0.0,-0.215234375,cubic_spin_glass,inst_1b4f0ef7fd72cb047be9f8d1f10dd8b773de7906795b02e88a72b0aec525d5ef,realistic_high,0.0016438802083333331,-0.215234375,matched_random_selective
0.0,-1.2660481770833334,cubic_spin_glass,inst_1b4f0ef7fd72cb047be9f8d1f10dd8b773de7906795b02e88a72b0aec525d5ef,realistic_low,0.00625,-1.2660481770833334,matched_random_selective
0.0,-4.546223958333333,cubic_spin_glass,inst_1b4f0ef7fd72cb047be9f8d1f10dd8b773de7906795b02e88a72b0aec525d5ef,noiseless,0.030029296875,-4.546223958333333,selective
0.0,-0.3175455729166667,cubic_spin_glass,inst_1b4f0ef7fd72cb047be9f8d1f10dd8b773de7906795b02e88a72b0aec525d5ef,realistic_high,0.001708984375,-0.3175455729166667,selective
0.0,-1.5388997395833333,cubic_spin_glass,inst_1b4f0ef7fd72cb047be9f8d1f10dd8b773de7906795b02e88a72b0aec525d5ef,realistic_low,0.009440104166666666,-1.5388997395833333,selective
0.0,-2.2112630208333335,cubic_spin_glass,inst_2b7c854a2ddbb78ddffae9a2720daf40eaa572b5cf2bb2b48a7306e186d37058,noiseless,0.045572916666666664,-2.2112630208333335,all_native
0.0,-0.12727864583333334,cubic_spin_glass,inst_2b7c854a2ddbb78ddffae9a2720daf40eaa572b5cf2bb2b48a7306e186d37058,realistic_high,0.0166015625,-0.12727864583333334,all_native
0.0,-0.8935546875,cubic_spin_glass,inst_2b7c854a2ddbb78ddffae9a2720daf40eaa572b5cf2bb2b48a7306e186d37058,realistic_low,0.026611328125,-0.8935546875,all_native
0.9879557291666666,97.14298502604167,cubic_spin_glass,inst_2b7c854a2ddbb78ddffae9a2720daf40eaa572b5cf2bb2b48a7306e186d37058,noiseless,0.008707682291666666,-0.7174479166666666,fully_quadratized
0.9873046875,91.158203125,cubic_spin_glass,inst_2b7c854a2ddbb78ddffae9a2720daf40eaa572b5cf2bb2b48a7306e186d37058,realistic_high,0.012125651041666666,-0.09700520833333333,fully_quadratized
0.9881184895833334,94.385498046875,cubic_spin_glass,inst_2b7c854a2ddbb78ddffae9a2720daf40eaa572b5cf2bb2b48a7306e186d37058,realistic_low,0.00830078125,-0.3772786458333333,fully_quadratized
0.0,-3.6801432291666663,cubic_spin_glass,inst_2b7c854a2ddbb78ddffae9a2720daf40eaa572b5cf2bb2b48a7306e186d37058,noiseless,0.06588541666666667,-3.6801432291666663,matched_random_selective
0.0,-0.35,cubic_spin_glass,inst_2b7c854a2ddbb78ddffae9a2720daf40eaa572b5cf2bb2b48a7306e186d37058,realistic_high,0.018815104166666666,-0.35,matched_random_selective
0.0,-1.7216145833333332,cubic_spin_glass,inst_2b7c854a2ddbb78ddffae9a2720daf40eaa572b5cf2bb2b48a7306e186d37058,realistic_low,0.03595377604166666,-1.7216145833333332,matched_random_selective
0.0,-3.12890625,cubic_spin_glass,inst_2b7c854a2ddbb78ddffae9a2720daf40eaa572b5cf2bb2b48a7306e186d37058,noiseless,0.058756510416666664,-3.12890625,selective
0.0,-0.2652994791666667,cubic_spin_glass,inst_2b7c854a2ddbb78ddffae9a2720daf40eaa572b5cf2bb2b48a7306e186d37058,realistic_high,0.018229166666666668,-0.2652994791666667,selective
0.0,-1.4427083333333333,cubic_spin_glass,inst_2b7c854a2ddbb78ddffae9a2720daf40eaa572b5cf2bb2b48a7306e186d37058,realistic_low,0.031819661458333336,-1.4427083333333333,selective
0.0,-4.218424479166667,cubic_spin_glass,inst_336b32e64a4e400307ddc3a363856314c3215ad4d7bbf6244ed91f1a3fb34983,noiseless,0.7185872395833334,-4.218424479166667,all_native
0.0,-0.07096354166666667,cubic_spin_glass,inst_336b32e64a4e400307ddc3a363856314c3215ad4d7bbf6244ed91f1a3fb34983,realistic_high,0.13118489583333334,-0.07096354166666667,all_native
0.0,-0.6998697916666666,cubic_spin_glass,inst_336b32e64a4e400307ddc3a363856314c3215ad4d7bbf6244ed91f1a3fb34983,realistic_low,0.21956380208333334,-0.6998697916666666,all_native
0.8709309895833334,45.635091145833336,cubic_spin_glass,inst_336b32e64a4e400307ddc3a363856314c3215ad4d7bbf6244ed91f1a3fb34983,noiseless,0.155517578125,-0.4163411458333333,fully_quadratized
0.8714192708333334,45.90673828125,cubic_spin_glass,inst_336b32e64a4e400307ddc3a363856314c3215ad4d7bbf6244ed91f1a3fb34983,realistic_high,0.12833658854166666,0.0029296875,fully_quadratized
0.8702799479166666,45.769124348958336,cubic_spin_glass,inst_336b32e64a4e400307ddc3a363856314c3215ad4d7bbf6244ed91f1a3fb34983,realistic_low,0.13175455729166666,-0.0888671875,fully_quadratized
0.0,-4.266731770833333,cubic_spin_glass,inst_336b32e64a4e400307ddc3a363856314c3215ad4d7bbf6244ed91f1a3fb34983,noiseless,0.6645670572916667,-4.266731770833333,matched_random_selective
0.0,-0.06497395833333333,cubic_spin_glass,inst_336b32e64a4e400307ddc3a363856314c3215ad4d7bbf6244ed91f1a3fb34983,realistic_high,0.13128255208333334,-0.06497395833333333,matched_random_selective
0.0,-0.8673828125,cubic_spin_glass,inst_336b32e64a4e400307ddc3a363856314c3215ad4d7bbf6244ed91f1a3fb34983,realistic_low,0.22293294270833336,-0.8673828125,matched_random_selective
0.0,-3.462890625,cubic_spin_glass,inst_336b32e64a4e400307ddc3a363856314c3215ad4d7bbf6244ed91f1a3fb34983,noiseless,0.488525390625,-3.462890625,selective
0.0,-0.0732421875,cubic_spin_glass,inst_336b32e64a4e400307ddc3a363856314c3215ad4d7bbf6244ed91f1a3fb34983,realistic_high,0.13134765625,-0.0732421875,selective
0.0,-0.7724609375,cubic_spin_glass,inst_336b32e64a4e400307ddc3a363856314c3215ad4d7bbf6244ed91f1a3fb34983,realistic_low,0.19816080729166666,-0.7724609375,selective
0.0,-2.3385416666666665,cubic_spin_glass,inst_3a21a5de486b7fbdc0811f15d7ef512d6ac91340274b87abdd9b0057a6a0e294,noiseless,0.030354817708333332,-2.3385416666666665,all_native
0.0,-0.07259114583333333,cubic_spin_glass,inst_3a21a5de486b7fbdc0811f15d7ef512d6ac91340274b87abdd9b0057a6a0e294,realistic_high,0.0032552083333333335,-0.07259114583333333,all_native
0.0,-0.4044596354166667,cubic_spin_glass,inst_3a21a5de486b7fbdc0811f15d7ef512d6ac91340274b87abdd9b0057a6a0e294,realistic_low,0.007161458333333333,-0.4044596354166667,all_native
0.9443359375,46.410237630208336,cubic_spin_glass,inst_3a21a5de486b7fbdc0811f15d7ef512d6ac91340274b87abdd9b0057a6a0e294,noiseless,0.005615234375,-0.4119466145833333,fully_quadratized
0.944580078125,43.786865234375,cubic_spin_glass,inst_3a21a5de486b7fbdc0811f15d7ef512d6ac91340274b87abdd9b0057a6a0e294,realistic_high,0.00439453125,-0.018391927083333332,fully_quadratized
0.939453125,44.51318359375,cubic_spin_glass,inst_3a21a5de486b7fbdc0811f15d7ef512d6ac91340274b87abdd9b0057a6a0e294,realistic_low,0.004557291666666667,-0.08951822916666667,fully_quadratized
0.0,-3.046158854166667,cubic_spin_glass,inst_3a21a5de486b7fbdc0811f15d7ef512d6ac91340274b87abdd9b0057a6a0e294,noiseless,0.05139973958333334,-3.046158854166667,matched_random_selective
0.0,-0.08196614583333334,cubic_spin_glass,inst_3a21a5de486b7fbdc0811f15d7ef512d6ac91340274b87abdd9b0057a6a0e294,realistic_high,0.0036458333333333334,-0.08196614583333334,matched_random_selective
0.0,-0.6070963541666666,cubic_spin_glass,inst_3a21a5de486b7fbdc0811f15d7ef512d6ac91340274b87abdd9b0057a6a0e294,realistic_low,0.011328125,-0.6070963541666666,matched_random_selective
0.0,-3.55810546875,cubic_spin_glass,inst_3a21a5de486b7fbdc0811f15d7ef512d6ac91340274b87abdd9b0057a6a0e294,noiseless,0.057779947916666664,-3.55810546875,selective
0.0,-0.14599609375,cubic_spin_glass,inst_3a21a5de486b7fbdc0811f15d7ef512d6ac91340274b87abdd9b0057a6a0e294,realistic_high,0.0038248697916666665,-0.14599609375,selective
0.0,-0.8644205729166666,cubic_spin_glass,inst_3a21a5de486b7fbdc0811f15d7ef512d6ac91340274b87abdd9b0057a6a0e294,realistic_low,0.013427734375,-0.8644205729166666,selective
0.0,-1.8387044270833333,cubic_spin_glass,inst_40b7da8688b096406256a812d6f1b491c34f975d3379ab3d2aa25f8b20dd3025,noiseless,0.07242838541666667,-1.8387044270833333,all_native
0.0,-0.034830729166666664,cubic_spin_glass,inst_40b7da8688b096406256a812d6f1b491c34f975d3379ab3d2aa25f8b20dd3025,realistic_high,0.016194661458333332,-0.034830729166666664,all_native
0.0,-0.18505859375,cubic_spin_glass,inst_40b7da8688b096406256a812d6f1b491c34f975d3379ab3d2aa25f8b20dd3025,realistic_low,0.020345052083333332,-0.18505859375,all_native
0.7464192708333334,25.249430338541668,cubic_spin_glass,inst_40b7da8688b096406256a812d6f1b491c34f975d3379ab3d2aa25f8b20dd3025,noiseless,0.041585286458333336,-0.6407877604166666,fully_quadratized
0.7523600260416666,27.287760416666668,cubic_spin_glass,inst_40b7da8688b096406256a812d6f1b491c34f975d3379ab3d2aa25f8b20dd3025,realistic_high,0.016764322916666668,-0.031087239583333332,fully_quadratized
0.7501627604166666,27.085693359375,cubic_spin_glass,inst_40b7da8688b096406256a812d6f1b491c34f975d3379ab3d2aa25f8b20dd3025,realistic_low,0.020833333333333332,-0.1220703125,fully_quadratized
0.0,-2.209635416666667,cubic_spin_glass,inst_40b7da8688b096406256a812d6f1b491c34f975d3379ab3d2aa25f8b20dd3025,noiseless,0.09449869791666667,-2.209635416666667,matched_random_selective
0.0,-0.03372395833333334,cubic_spin_glass,inst_40b7da8688b096406256a812d6f1b491c34f975d3379ab3d2aa25f8b20dd3025,realistic_high,0.01640625,-0.03372395833333334,matched_random_selective
0.0,-0.23037109375,cubic_spin_glass,inst_40b7da8688b096406256a812d6f1b491c34f975d3379ab3d2aa25f8b20dd3025,realistic_low,0.02421875,-0.23037109375,matched_random_selective
0.0,-2.5797526041666665,cubic_spin_glass,inst_40b7da8688b096406256a812d6f1b491c34f975d3379ab3d2aa25f8b20dd3025,noiseless,0.10091145833333333,-2.5797526041666665,selective
0.0,-0.034505208333333336,cubic_spin_glass,inst_40b7da8688b096406256a812d6f1b491c34f975d3379ab3d2aa25f8b20dd3025,realistic_high,0.016276041666666668,-0.034505208333333336,selective
0.0,-0.2906901041666667,cubic_spin_glass,inst_40b7da8688b096406256a812d6f1b491c34f975d3379ab3d2aa25f8b20dd3025,realistic_low,0.026611328125,-0.2906901041666667,selective
0.0,-2.6588541666666665,cubic_spin_glass,inst_7a77be45945816cdb503e7f7499301da069c2cbea99b8c7736abc24242d83658,noiseless,0.20475260416666666,-2.6588541666666665,all_native
0.0,0.018717447916666668,cubic_spin_glass,inst_7a77be45945816cdb503e7f7499301da069c2cbea99b8c7736abc24242d83658,realistic_high,0.033772786458333336,0.018717447916666668,all_native
0.0,-0.42529296875,cubic_spin_glass,inst_7a77be45945816cdb503e7f7499301da069c2cbea99b8c7736abc24242d83658,realistic_low,0.06404622395833333,-0.42529296875,all_native
0.8023274739583334,50.794189453125,cubic_spin_glass,inst_7a77be45945816cdb503e7f7499301da069c2cbea99b8c7736abc24242d83658,noiseless,0.08683268229166667,-0.736328125,fully_quadratized
0.759521484375,42.884358723958336,cubic_spin_glass,inst_7a77be45945816cdb503e7f7499301da069c2cbea99b8c7736abc24242d83658,realistic_high,0.036376953125,-0.0517578125,fully_quadratized
0.7783203125,46.298909505208336,cubic_spin_glass,inst_7a77be45945816cdb503e7f7499301da069c2cbea99b8c7736abc24242d83658,realistic_low,0.053466796875,-0.2503255208333333,fully_quadratized
0.0,-2.623763020833333,cubic_spin_glass,inst_7a77be45945816cdb503e7f7499301da069c2cbea99b8c7736abc24242d83658,noiseless,0.18795572916666667,-2.623763020833333,matched_random_selective
0.0,-0.019270833333333334,cubic_spin_glass,inst_7a77be45945816cdb503e7f7499301da069c2cbea99b8c7736abc24242d83658,realistic_high,0.03474934895833333,-0.019270833333333334,matched_random_selective
0.0,-0.4799479166666666,cubic_spin_glass,inst_7a77be45945816cdb503e7f7499301da069c2cbea99b8c7736abc24242d83658,realistic_low,0.06251627604166667,-0.4799479166666666,matched_random_selective
0.0,-2.3839518229166665,cubic_spin_glass,inst_7a77be45945816cdb503e7f7499301da069c2cbea99b8c7736abc24242d83658,noiseless,0.154296875,-2.3839518229166665,selective
0.0,-0.0032552083333333335,cubic_spin_glass,inst_7a77be45945816cdb503e7f7499301da069c2cbea99b8c7736abc24242d83658,realistic_high,0.032307942708333336,-0.0032552083333333335,selective
0.0,-0.31298828125,cubic_spin_glass,inst_7a77be45945816cdb503e7f7499301da069c2cbea99b8c7736abc24242d83658,realistic_low,0.050699869791666664,-0.31298828125,selective
0.0,-2.27978515625,cubic_spin_glass,inst_aaead796fbc07b3bf205acd3394d06c5e034ff1f664327964b61110ee9cf9cb6,noiseless,0.4860026041666667,-2.27978515625,all_native
0.0,-0.024251302083333332,cubic_spin_glass,inst_aaead796fbc07b3bf205acd3394d06c5e034ff1f664327964b61110ee9cf9cb6,realistic_high,0.12630208333333334,-0.024251302083333332,all_native
0.0,-0.2692057291666667,cubic_spin_glass,inst_aaead796fbc07b3bf205acd3394d06c5e034ff1f664327964b61110ee9cf9cb6,realistic_low,0.165283203125,-0.2692057291666667,all_native
0.9423828125,36.991048177083336,cubic_spin_glass,inst_aaead796fbc07b3bf205acd3394d06c5e034ff1f664327964b61110ee9cf9cb6,noiseless,0.2099609375,-0.5611979166666666,fully_quadratized
0.9356282552083334,33.658040364583336,cubic_spin_glass,inst_aaead796fbc07b3bf205acd3394d06c5e034ff1f664327964b61110ee9cf9cb6,realistic_high,0.125244140625,-0.010579427083333334,fully_quadratized
0.9396158854166666,34.433186848958336,cubic_spin_glass,inst_aaead796fbc07b3bf205acd3394d06c5e034ff1f664327964b61110ee9cf9cb6,realistic_low,0.14925130208333334,-0.15087890625,fully_quadratized
0.0,-2.6549479166666665,cubic_spin_glass,inst_aaead796fbc07b3bf205acd3394d06c5e034ff1f664327964b61110ee9cf9cb6,noiseless,0.55498046875,-2.6549479166666665,matched_random_selective
0.0,-0.032877604166666664,cubic_spin_glass,inst_aaead796fbc07b3bf205acd3394d06c5e034ff1f664327964b61110ee9cf9cb6,realistic_high,0.12838541666666664,-0.032877604166666664,matched_random_selective
0.0,-0.30514322916666664,cubic_spin_glass,inst_aaead796fbc07b3bf205acd3394d06c5e034ff1f664327964b61110ee9cf9cb6,realistic_low,0.173876953125,-0.30514322916666664,matched_random_selective
0.0,-2.6246744791666665,cubic_spin_glass,inst_aaead796fbc07b3bf205acd3394d06c5e034ff1f664327964b61110ee9cf9cb6,noiseless,0.5592447916666666,-2.6246744791666665,selective
0.0,-0.026529947916666668,cubic_spin_glass,inst_aaead796fbc07b3bf205acd3394d06c5e034ff1f664327964b61110ee9cf9cb6,realistic_high,0.127685546875,-0.026529947916666668,selective
0.0,-0.30859375,cubic_spin_glass,inst_aaead796fbc07b3bf205acd3394d06c5e034ff1f664327964b61110ee9cf9cb6,realistic_low,0.17513020833333334,-0.30859375,selective
0.0,-4.047688802083333,cubic_spin_glass,inst_d961c906ab8eb747e49d8004739def871391f3aee44b8abd0fcfe0dcae8b9c8a,noiseless,0.022705078125,-4.047688802083333,all_native
0.0,-0.11490885416666667,cubic_spin_glass,inst_d961c906ab8eb747e49d8004739def871391f3aee44b8abd0fcfe0dcae8b9c8a,realistic_high,0.0035807291666666665,-0.11490885416666667,all_native
0.0,-1.2752278645833333,cubic_spin_glass,inst_d961c906ab8eb747e49d8004739def871391f3aee44b8abd0fcfe0dcae8b9c8a,realistic_low,0.006591796875,-1.2752278645833333,all_native
0.8670247395833334,75.072021484375,cubic_spin_glass,inst_d961c906ab8eb747e49d8004739def871391f3aee44b8abd0fcfe0dcae8b9c8a,noiseless,0.008544921875,-0.6085611979166666,fully_quadratized
0.879638671875,78.55045572916667,cubic_spin_glass,inst_d961c906ab8eb747e49d8004739def871391f3aee44b8abd0fcfe0dcae8b9c8a,realistic_high,0.004313151041666667,-0.05712890625,fully_quadratized
0.8748372395833334,77.20198567708333,cubic_spin_glass,inst_d961c906ab8eb747e49d8004739def871391f3aee44b8abd0fcfe0dcae8b9c8a,realistic_low,0.005289713541666667,-0.18212890625,fully_quadratized
0.7400553385416667,15.163460286458335,cubic_spin_glass,inst_d961c906ab8eb747e49d8004739def871391f3aee44b8abd0fcfe0dcae8b9c8a,noiseless,0.011083984375,-1.7560546875,matched_random_selective
0.7384440104166666,17.00302734375,cubic_spin_glass,inst_d961c906ab8eb747e49d8004739def871391f3aee44b8abd0fcfe0dcae8b9c8a,realistic_high,0.0053059895833333336,-0.32919921875,matched_random_selective
0.738427734375,15.941357421875,cubic_spin_glass,inst_d961c906ab8eb747e49d8004739def871391f3aee44b8abd0fcfe0dcae8b9c8a,realistic_low,0.007421875,-1.0236653645833331,matched_random_selective
0.75732421875,30.394856770833332,cubic_spin_glass,inst_d961c906ab8eb747e49d8004739def871391f3aee44b8abd0fcfe0dcae8b9c8a,noiseless,0.00341796875,-1.0149739583333333,selective
0.7469075520833334,32.763346354166664,cubic_spin_glass,inst_d961c906ab8eb747e49d8004739def871391f3aee44b8abd0fcfe0dcae8b9c8a,realistic_high,0.0034993489583333335,-0.2635091145833333,selective
0.7517903645833334,31.795166015625,cubic_spin_glass,inst_d961c906ab8eb747e49d8004739def871391f3aee44b8abd0fcfe0dcae8b9c8a,realistic_low,0.003662109375,-0.5568033854166666,selective
0.0,2.7139485677083335,max3sat,inst_1e4da500dce3d92221927deee513215ccf25427772bb75430a1f8eb8417f5465,noiseless,0.4736328125,2.7139485677083335,all_native
0.0,5.126057942708333,max3sat,inst_1e4da500dce3d92221927deee513215ccf25427772bb75430a1f8eb8417f5465,realistic_high,0.2647298177083333,5.126057942708333,all_native
0.0,4.55810546875,max3sat,inst_1e4da500dce3d92221927deee513215ccf25427772bb75430a1f8eb8417f5465,realistic_low,0.3103841145833333,4.55810546875,all_native
0.9464518229166666,28.450276692708332,max3sat,inst_1e4da500dce3d92221927deee513215ccf25427772bb75430a1f8eb8417f5465,noiseless,0.271240234375,4.513509114583333,fully_quadratized
0.9419759114583334,29.166422526041668,max3sat,inst_1e4da500dce3d92221927deee513215ccf25427772bb75430a1f8eb8417f5465,realistic_high,0.263671875,5.124918619791667,fully_quadratized
0.9432779947916666,28.783203125,max3sat,inst_1e4da500dce3d92221927deee513215ccf25427772bb75430a1f8eb8417f5465,realistic_low,0.271240234375,4.89306640625,fully_quadratized
0.7294759114583333,10.962809244791668,max3sat,inst_1e4da500dce3d92221927deee513215ccf25427772bb75430a1f8eb8417f5465,noiseless,0.359765625,3.8360026041666666,matched_random_selective
0.7525227864583333,12.192008463541665,max3sat,inst_1e4da500dce3d92221927deee513215ccf25427772bb75430a1f8eb8417f5465,realistic_high,0.2670572916666667,5.108186848958333,matched_random_selective
0.7481119791666667,11.942171223958333,max3sat,inst_1e4da500dce3d92221927deee513215ccf25427772bb75430a1f8eb8417f5465,realistic_low,0.2798502604166667,4.921891276041667,matched_random_selective
0.7227376302083334,13.399251302083334,max3sat,inst_1e4da500dce3d92221927deee513215ccf25427772bb75430a1f8eb8417f5465,noiseless,0.33544921875,4.114908854166667,selective
0.7434895833333334,14.407958984375,max3sat,inst_1e4da500dce3d92221927deee513215ccf25427772bb75430a1f8eb8417f5465,realistic_high,0.2738444010416667,5.062255859375,selective
0.7379557291666666,14.070068359375,max3sat,inst_1e4da500dce3d92221927deee513215ccf25427772bb75430a1f8eb8417f5465,realistic_low,0.2874348958333333,4.850748697916667,selective
0.0,6.176188151041667,max3sat,inst_25b483ef7012b2525897b043600d7021fdf80f7bdca55f987e5490a7352a1570,noiseless,0.07340494791666667,6.176188151041667,all_native
0.0,7.035237630208333,max3sat,inst_25b483ef7012b2525897b043600d7021fdf80f7bdca55f987e5490a7352a1570,realistic_high,0.032633463541666664,7.035237630208333,all_native
0.0,6.923258463541667,max3sat,inst_25b483ef7012b2525897b043600d7021fdf80f7bdca55f987e5490a7352a1570,realistic_low,0.041097005208333336,6.923258463541667,all_native
0.7315266927083334,25.43603515625,max3sat,inst_25b483ef7012b2525897b043600d7021fdf80f7bdca55f987e5490a7352a1570,noiseless,0.06388346354166667,6.5087890625,fully_quadratized
0.7567545572916666,26.238444010416668,max3sat,inst_25b483ef7012b2525897b043600d7021fdf80f7bdca55f987e5490a7352a1570,realistic_high,0.030924479166666668,7.086344401041667,fully_quadratized
0.7461751302083334,26.094889322916668,max3sat,inst_25b483ef7012b2525897b043600d7021fdf80f7bdca55f987e5490a7352a1570,realistic_low,0.041259765625,6.952880859375,fully_quadratized
0.70078125,16.65613606770833,max3sat,inst_25b483ef7012b2525897b043600d7021fdf80f7bdca55f987e5490a7352a1570,noiseless,0.058154296875,6.26611328125,matched_random_selective
0.743212890625,18.58362630208333,max3sat,inst_25b483ef7012b2525897b043600d7021fdf80f7bdca55f987e5490a7352a1570,realistic_high,0.03185221354166667,7.119612630208333,matched_random_selective
0.7274739583333334,17.950227864583333,max3sat,inst_25b483ef7012b2525897b043600d7021fdf80f7bdca55f987e5490a7352a1570,realistic_low,0.03722330729166666,6.921305338541667,matched_random_selective
0.7268880208333334,25.263509114583332,max3sat,inst_25b483ef7012b2525897b043600d7021fdf80f7bdca55f987e5490a7352a1570,noiseless,0.046712239583333336,6.767496744791667,selective
0.7513834635416666,26.08349609375,max3sat,inst_25b483ef7012b2525897b043600d7021fdf80f7bdca55f987e5490a7352a1570,realistic_high,0.0322265625,7.048665364583333,selective
0.7482096354166666,25.800211588541668,max3sat,inst_25b483ef7012b2525897b043600d7021fdf80f7bdca55f987e5490a7352a1570,realistic_low,0.033447265625,7.020751953125,selective
0.0,15.764485677083334,max3sat,inst_3419a0a271f895203877dd111ea5b69937d12be4625e682c969accdb8084cbdd,noiseless,0.003662109375,15.764485677083334,all_native
0.0,16.902018229166668,max3sat,inst_3419a0a271f895203877dd111ea5b69937d12be4625e682c969accdb8084cbdd,realistic_high,0.004069010416666667,16.902018229166668,all_native
0.0,16.531494140625,max3sat,inst_3419a0a271f895203877dd111ea5b69937d12be4625e682c969accdb8084cbdd,realistic_low,0.0037434895833333335,16.531494140625,all_native
0.75244140625,36.379313151041664,max3sat,inst_3419a0a271f895203877dd111ea5b69937d12be4625e682c969accdb8084cbdd,noiseless,0.015462239583333334,15.341145833333334,fully_quadratized
0.7400716145833334,35.563232421875,max3sat,inst_3419a0a271f895203877dd111ea5b69937d12be4625e682c969accdb8084cbdd,realistic_high,0.005452473958333333,16.403727213541668,fully_quadratized
0.741455078125,35.893961588541664,max3sat,inst_3419a0a271f895203877dd111ea5b69937d12be4625e682c969accdb8084cbdd,realistic_low,0.01171875,15.753173828125,fully_quadratized
0.71689453125,21.83349609375,max3sat,inst_3419a0a271f895203877dd111ea5b69937d12be4625e682c969accdb8084cbdd,noiseless,0.0109375,15.099479166666665,matched_random_selective
0.752099609375,23.807649739583333,max3sat,inst_3419a0a271f895203877dd111ea5b69937d12be4625e682c969accdb8084cbdd,realistic_high,0.0041341145833333325,16.68390299479167,matched_random_selective
0.73671875,23.020654296875,max3sat,inst_3419a0a271f895203877dd111ea5b69937d12be4625e682c969accdb8084cbdd,realistic_low,0.005908203125,16.0822265625,matched_random_selective
0.7354329427083334,27.01708984375,max3sat,inst_3419a0a271f895203877dd111ea5b69937d12be4625e682c969accdb8084cbdd,noiseless,0.006917317708333333,16.382242838541668,selective
0.7421061197916666,27.521077473958332,max3sat,inst_3419a0a271f895203877dd111ea5b69937d12be4625e682c969accdb8084cbdd,realistic_high,0.004720052083333333,16.917805989583332,selective
0.751708984375,27.5537109375,max3sat,inst_3419a0a271f895203877dd111ea5b69937d12be4625e682c969accdb8084cbdd,realistic_low,0.004964192708333333,16.675130208333332,selective
0.0,11.5673828125,max3sat,inst_6e1b06d7ea43e3f3ea56b4d65c888b171b0b8e082d901f1993a38fcee8467025,noiseless,0.07194010416666667,11.5673828125,all_native
0.0,13.232340494791666,max3sat,inst_6e1b06d7ea43e3f3ea56b4d65c888b171b0b8e082d901f1993a38fcee8467025,realistic_high,0.031412760416666664,13.232340494791666,all_native
0.0,12.709879557291666,max3sat,inst_6e1b06d7ea43e3f3ea56b4d65c888b171b0b8e082d901f1993a38fcee8467025,realistic_low,0.04248046875,12.709879557291666,all_native
0.9733072916666666,48.495279947916664,max3sat,inst_6e1b06d7ea43e3f3ea56b4d65c888b171b0b8e082d901f1993a38fcee8467025,noiseless,0.03466796875,12.979817708333334,fully_quadratized
0.9812825520833334,48.272054036458336,max3sat,inst_6e1b06d7ea43e3f3ea56b4d65c888b171b0b8e082d901f1993a38fcee8467025,realistic_high,0.034342447916666664,13.138753255208334,fully_quadratized
0.9769694010416666,48.316487630208336,max3sat,inst_6e1b06d7ea43e3f3ea56b4d65c888b171b0b8e082d901f1993a38fcee8467025,realistic_low,0.036865234375,13.10009765625,fully_quadratized
0.984033203125,36.3505859375,max3sat,inst_6e1b06d7ea43e3f3ea56b4d65c888b171b0b8e082d901f1993a38fcee8467025,noiseless,0.03885091145833334,12.705029296875,matched_random_selective
0.9830403645833334,35.873111979166666,max3sat,inst_6e1b06d7ea43e3f3ea56b4d65c888b171b0b8e082d901f1993a38fcee8467025,realistic_high,0.03103841145833333,13.165364583333334,matched_random_selective
0.9815104166666666,36.03782552083333,max3sat,inst_6e1b06d7ea43e3f3ea56b4d65c888b171b0b8e082d901f1993a38fcee8467025,realistic_low,0.03292643229166667,13.036214192708332,matched_random_selective
0.9874674479166666,48.597086588541664,max3sat,inst_6e1b06d7ea43e3f3ea56b4d65c888b171b0b8e082d901f1993a38fcee8467025,noiseless,0.032958984375,12.966552734375,selective
0.9852701822916666,47.853759765625,max3sat,inst_6e1b06d7ea43e3f3ea56b4d65c888b171b0b8e082d901f1993a38fcee8467025,realistic_high,0.029378255208333332,13.493896484375,selective
0.9851888020833334,48.050455729166664,max3sat,inst_6e1b06d7ea43e3f3ea56b4d65c888b171b0b8e082d901f1993a38fcee8467025,realistic_low,0.030924479166666668,13.368570963541666,selective
0.0,3.300537109375,max3sat,inst_76b4fceaa4971ac39515576d3b4ae8be7e9cc630ca02f37f35038b1a211ddd14,noiseless,0.36767578125,3.300537109375,all_native
0.0,6.109375,max3sat,inst_76b4fceaa4971ac39515576d3b4ae8be7e9cc630ca02f37f35038b1a211ddd14,realistic_high,0.09415690104166667,6.109375,all_native
0.0,5.574137369791667,max3sat,inst_76b4fceaa4971ac39515576d3b4ae8be7e9cc630ca02f37f35038b1a211ddd14,realistic_low,0.1376953125,5.574137369791667,all_native
0.7608235677083334,21.406901041666668,max3sat,inst_76b4fceaa4971ac39515576d3b4ae8be7e9cc630ca02f37f35038b1a211ddd14,noiseless,0.136474609375,5.332438151041667,fully_quadratized
0.7501627604166666,22.4404296875,max3sat,inst_76b4fceaa4971ac39515576d3b4ae8be7e9cc630ca02f37f35038b1a211ddd14,realistic_high,0.09375,6.008707682291667,fully_quadratized
0.7548828125,21.858072916666668,max3sat,inst_76b4fceaa4971ac39515576d3b4ae8be7e9cc630ca02f37f35038b1a211ddd14,realistic_low,0.109619140625,5.68896484375,fully_quadratized
0.7055826822916667,10.19072265625,max3sat,inst_76b4fceaa4971ac39515576d3b4ae8be7e9cc630ca02f37f35038b1a211ddd14,noiseless,0.176416015625,4.800992838541667,matched_random_selective
0.735302734375,12.157356770833333,max3sat,inst_76b4fceaa4971ac39515576d3b4ae8be7e9cc630ca02f37f35038b1a211ddd14,realistic_high,0.0970703125,6.066927083333334,matched_random_selective
0.720654296875,11.525797526041668,max3sat,inst_76b4fceaa4971ac39515576d3b4ae8be7e9cc630ca02f37f35038b1a211ddd14,realistic_low,0.11306966145833333,5.744547526041666,matched_random_selective
0.7801920572916666,11.326741536458334,max3sat,inst_76b4fceaa4971ac39515576d3b4ae8be7e9cc630ca02f37f35038b1a211ddd14,noiseless,0.14469401041666666,4.781168619791667,selective
0.7587890625,13.321940104166666,max3sat,inst_76b4fceaa4971ac39515576d3b4ae8be7e9cc630ca02f37f35038b1a211ddd14,realistic_high,0.100341796875,6.089192708333333,selective
0.751220703125,12.763102213541666,max3sat,inst_76b4fceaa4971ac39515576d3b4ae8be7e9cc630ca02f37f35038b1a211ddd14,realistic_low,0.10481770833333333,5.74853515625,selective
0.0,10.238525390625,max3sat,inst_978c368ff5bb87297b67d689adffef2a8a61615398dcc1b4abee87bbe84a351c,noiseless,0.048909505208333336,10.238525390625,all_native
0.0,13.0927734375,max3sat,inst_978c368ff5bb87297b67d689adffef2a8a61615398dcc1b4abee87bbe84a351c,realistic_high,0.015055338541666666,13.0927734375,all_native
0.0,12.72119140625,max3sat,inst_978c368ff5bb87297b67d689adffef2a8a61615398dcc1b4abee87bbe84a351c,realistic_low,0.019612630208333332,12.72119140625,all_native
0.740234375,29.651041666666668,max3sat,inst_978c368ff5bb87297b67d689adffef2a8a61615398dcc1b4abee87bbe84a351c,noiseless,0.024495442708333332,12.303629557291666,fully_quadratized
0.75341796875,30.351399739583332,max3sat,inst_978c368ff5bb87297b67d689adffef2a8a61615398dcc1b4abee87bbe84a351c,realistic_high,0.015787760416666668,13.104329427083334,fully_quadratized
0.7504069010416666,30.331705729166668,max3sat,inst_978c368ff5bb87297b67d689adffef2a8a61615398dcc1b4abee87bbe84a351c,realistic_low,0.017252604166666668,12.961588541666666,fully_quadratized
0.7377604166666667,20.075325520833335,max3sat,inst_978c368ff5bb87297b67d689adffef2a8a61615398dcc1b4abee87bbe84a351c,noiseless,0.038069661458333334,11.535091145833334,matched_random_selective
0.7440755208333333,22.102750651041667,max3sat,inst_978c368ff5bb87297b67d689adffef2a8a61615398dcc1b4abee87bbe84a351c,realistic_high,0.016145833333333335,13.0400390625,matched_random_selective
0.736669921875,21.482047526041665,max3sat,inst_978c368ff5bb87297b67d689adffef2a8a61615398dcc1b4abee87bbe84a351c,realistic_low,0.021435546875,12.68076171875,matched_random_selective
0.7723795572916666,30.816324869791668,max3sat,inst_978c368ff5bb87297b67d689adffef2a8a61615398dcc1b4abee87bbe84a351c,noiseless,0.02099609375,12.000895182291666,selective
0.7583821614583334,30.521647135416668,max3sat,inst_978c368ff5bb87297b67d689adffef2a8a61615398dcc1b4abee87bbe84a351c,realistic_high,0.016764322916666668,13.0390625,selective
0.76806640625,30.922037760416668,max3sat,inst_978c368ff5bb87297b67d689adffef2a8a61615398dcc1b4abee87bbe84a351c,realistic_low,0.016357421875,12.837890625,selective
0.0,11.199137369791666,max3sat,inst_9b6ce8884ae154982c2939a60289ee47dfa313091f1d48b8103f43407954fa13,noiseless,0.006022135416666667,11.199137369791666,all_native
0.0,11.858642578125,max3sat,inst_9b6ce8884ae154982c2939a60289ee47dfa313091f1d48b8103f43407954fa13,realistic_high,0.004069010416666667,11.858642578125,all_native
0.0,11.580647786458334,max3sat,inst_9b6ce8884ae154982c2939a60289ee47dfa313091f1d48b8103f43407954fa13,realistic_low,0.005940755208333333,11.580647786458334,all_native
0.7613932291666666,29.044108072916668,max3sat,inst_9b6ce8884ae154982c2939a60289ee47dfa313091f1d48b8103f43407954fa13,noiseless,0.006591796875,11.407145182291666,fully_quadratized
0.7491048177083334,28.698567708333332,max3sat,inst_9b6ce8884ae154982c2939a60289ee47dfa313091f1d48b8103f43407954fa13,realistic_high,0.0037434895833333335,12.008382161458334,fully_quadratized
0.7569986979166666,28.911865234375,max3sat,inst_9b6ce8884ae154982c2939a60289ee47dfa313091f1d48b8103f43407954fa13,realistic_low,0.004150390625,11.851155598958334,fully_quadratized
0.7046223958333333,17.95896809895833,max3sat,inst_9b6ce8884ae154982c2939a60289ee47dfa313091f1d48b8103f43407954fa13,noiseless,0.008951822916666666,10.337125651041667,matched_random_selective
0.7405436197916667,19.795572916666668,max3sat,inst_9b6ce8884ae154982c2939a60289ee47dfa313091f1d48b8103f43407954fa13,realistic_high,0.004508463541666667,11.799235026041668,matched_random_selective
0.7278157552083333,19.03583984375,max3sat,inst_9b6ce8884ae154982c2939a60289ee47dfa313091f1d48b8103f43407954fa13,realistic_low,0.0053873697916666675,11.219449869791667,matched_random_selective
0.7224934895833334,27.40234375,max3sat,inst_9b6ce8884ae154982c2939a60289ee47dfa313091f1d48b8103f43407954fa13,noiseless,0.004720052083333333,10.889322916666666,selective
0.74853515625,28.761149088541668,max3sat,inst_9b6ce8884ae154982c2939a60289ee47dfa313091f1d48b8103f43407954fa13,realistic_high,0.004720052083333333,11.985270182291666,selective
0.7494303385416666,28.70068359375,max3sat,inst_9b6ce8884ae154982c2939a60289ee47dfa313091f1d48b8103f43407954fa13,realistic_low,0.00390625,11.677327473958334,selective
0.0,6.096354166666667,max3sat,inst_acbf81eed080cb0966307b9d199008aead5fdef8c6ff8f37b637df67070c0e62,noiseless,0.08740234375,6.096354166666667,all_native
0.0,8.460856119791666,max3sat,inst_acbf81eed080cb0966307b9d199008aead5fdef8c6ff8f37b637df67070c0e62,realistic_high,0.047281901041666664,8.460856119791666,all_native
0.0,7.974853515625,max3sat,inst_acbf81eed080cb0966307b9d199008aead5fdef8c6ff8f37b637df67070c0e62,realistic_low,0.05517578125,7.974853515625,all_native
0.9610188802083334,45.156656901041664,max3sat,inst_acbf81eed080cb0966307b9d199008aead5fdef8c6ff8f37b637df67070c0e62,noiseless,0.055419921875,8.332356770833334,fully_quadratized
0.9662272135416666,44.905517578125,max3sat,inst_acbf81eed080cb0966307b9d199008aead5fdef8c6ff8f37b637df67070c0e62,realistic_high,0.04541015625,8.523193359375,fully_quadratized
0.9650065104166666,45.108561197916664,max3sat,inst_acbf81eed080cb0966307b9d199008aead5fdef8c6ff8f37b637df67070c0e62,realistic_low,0.0517578125,8.38720703125,fully_quadratized
0.6877278645833333,14.26298828125,max3sat,inst_acbf81eed080cb0966307b9d199008aead5fdef8c6ff8f37b637df67070c0e62,noiseless,0.09620768229166667,6.6836588541666675,matched_random_selective
0.7448893229166667,16.7919921875,max3sat,inst_acbf81eed080cb0966307b9d199008aead5fdef8c6ff8f37b637df67070c0e62,realistic_high,0.048356119791666666,8.440641276041665,matched_random_selective
0.73076171875,16.184114583333333,max3sat,inst_acbf81eed080cb0966307b9d199008aead5fdef8c6ff8f37b637df67070c0e62,realistic_low,0.056233723958333336,8.088395182291666,matched_random_selective
0.54736328125,11.45654296875,max3sat,inst_acbf81eed080cb0966307b9d199008aead5fdef8c6ff8f37b637df67070c0e62,noiseless,0.115966796875,5.981282552083333,selective
0.7451171875,16.972900390625,max3sat,inst_acbf81eed080cb0966307b9d199008aead5fdef8c6ff8f37b637df67070c0e62,realistic_high,0.048502604166666664,8.447998046875,selective
0.6976725260416666,15.869303385416666,max3sat,inst_acbf81eed080cb0966307b9d199008aead5fdef8c6ff8f37b637df67070c0e62,realistic_low,0.06005859375,8.063883463541666,selective
0.0,4.51806640625,max3sat,inst_b37828179f6c6800c802702f1d239fd05b463464d96b80d54b9f3288c26e23b2,noiseless,0.024820963541666668,4.51806640625,all_native
0.0,5.486735026041667,max3sat,inst_b37828179f6c6800c802702f1d239fd05b463464d96b80d54b9f3288c26e23b2,realistic_high,0.008951822916666666,5.486735026041667,all_native
0.0,5.172526041666667,max3sat,inst_b37828179f6c6800c802702f1d239fd05b463464d96b80d54b9f3288c26e23b2,realistic_low,0.011881510416666666,5.172526041666667,all_native
0.7456868489583334,19.881266276041668,max3sat,inst_b37828179f6c6800c802702f1d239fd05b463464d96b80d54b9f3288c26e23b2,noiseless,0.016764322916666668,4.497965494791667,fully_quadratized
0.747314453125,19.241536458333332,max3sat,inst_b37828179f6c6800c802702f1d239fd05b463464d96b80d54b9f3288c26e23b2,realistic_high,0.0087890625,5.300211588541667,fully_quadratized
0.74072265625,19.40771484375,max3sat,inst_b37828179f6c6800c802702f1d239fd05b463464d96b80d54b9f3288c26e23b2,realistic_low,0.011881510416666666,4.97607421875,fully_quadratized
0.6822428385416666,10.344905598958333,max3sat,inst_b37828179f6c6800c802702f1d239fd05b463464d96b80d54b9f3288c26e23b2,noiseless,0.02049153645833333,4.358610026041666,matched_random_selective
0.7448079427083333,11.659798177083333,max3sat,inst_b37828179f6c6800c802702f1d239fd05b463464d96b80d54b9f3288c26e23b2,realistic_high,0.009261067708333333,5.3521484375,matched_random_selective
0.7257975260416666,11.217903645833333,max3sat,inst_b37828179f6c6800c802702f1d239fd05b463464d96b80d54b9f3288c26e23b2,realistic_low,0.012288411458333334,5.020361328125,matched_random_selective
0.6502278645833334,11.531412760416666,max3sat,inst_b37828179f6c6800c802702f1d239fd05b463464d96b80d54b9f3288c26e23b2,noiseless,0.024332682291666668,4.429036458333333,selective
0.7392578125,13.49169921875,max3sat,inst_b37828179f6c6800c802702f1d239fd05b463464d96b80d54b9f3288c26e23b2,realistic_high,0.0126953125,5.142822265625,selective
0.7100423177083334,12.708333333333334,max3sat,inst_b37828179f6c6800c802702f1d239fd05b463464d96b80d54b9f3288c26e23b2,realistic_low,0.016357421875,4.848388671875,selective
