ci95_high,ci95_low,df,dz,family,favorable_direction,losses,mean,metric,n_instances,noise_level,representation,sd,ties,wins
3.1806212471164184,1.6833110445502486,8,2.4969771257626743,cubic_spin_glass,lower,9,2.4319661458333335,original_objective_mean,9,noiseless,fully_quadratized,0.9739641267600784,0,0
0.004072744863552247,-0.2752496835209597,8,-0.7462524528047793,cubic_spin_glass,higher,9,-0.13558846932870372,optimum_hit_rate,9,noiseless,fully_quadratized,0.1816924940334821,0,0
73.30884653893344,40.13429582217768,8,2.6285244737632407,cubic_spin_glass,lower,9,56.72157118055556,encoded_energy_mean,9,noiseless,fully_quadratized,21.579244076562723,0,0
0.9485215559989977,0.7994168120565579,8,9.011010198249531,cubic_spin_glass,lower,9,0.8739691840277778,auxiliary_inconsistency_rate,9,noiseless,fully_quadratized,0.09698903505819514,0,0
0.1618053601402808,-0.05203250134398449,8,0.39459283864326133,cubic_spin_glass,lower,6,0.054886429398148154,original_objective_mean,9,realistic_high,fully_quadratized,0.13909636471575504,1,2
0.001307401983985818,-0.002012697122874713,8,-0.1632896543616652,cubic_spin_glass,higher,0,-0.00035264756944444753,optimum_hit_rate,9,realistic_high,fully_quadratized,0.002159644288690693,9,0
67.73260244745342,35.64440493101881,8,2.476380984812184,cubic_spin_glass,lower,9,51.688503689236114,encoded_energy_mean,9,realistic_high,fully_quadratized,20.872597555160247,0,0
0.9465088498516699,0.7970711559353673,8,8.968515234307025,cubic_spin_glass,lower,9,0.8717900028935186,auxiliary_inconsistency_rate,9,realistic_high,fully_quadratized,0.09720561097545816,0,0
0.8656672264278683,0.1812801115350947,8,1.1758768481304334,cubic_spin_glass,lower,9,0.5234736689814815,original_objective_mean,9,realistic_low,fully_quadratized,0.44517729030363185,0,0
0.0031370321619249505,-0.03870922544896199,8,-0.6534206362486287,cubic_spin_glass,higher,5,-0.01778609664351852,optimum_hit_rate,9,realistic_low,fully_quadratized,0.027219979989659915,4,0
69.70925337303389,36.657662859605,8,2.4737341922241427,cubic_spin_glass,lower,9,53.18345811631944,encoded_energy_mean,9,realistic_low,fully_quadratized,21.499261433784856,0,0
0.9470245784231381,0.7981287780583435,8,9.009277733717393,cubic_spin_glass,lower,9,0.8725766782407408,auxiliary_inconsistency_rate,9,realistic_low,fully_quadratized,0.09685312230691989,0,0
0.9388270151311892,-0.7407439711497076,8,0.09065416551135314,cubic_spin_glass,lower,4,0.09904152199074079,original_objective_mean,9,noiseless,matched_random_selective,1.0925203649724982,0,5
0.029249999911198036,-0.03342028347601287,8,-0.0511496604433708,cubic_spin_glass,higher,4,-0.0020851417824074175,optimum_hit_rate,9,noiseless,matched_random_selective,0.04076550585738366,1,4
6.976853893043355,-3.018878632626688,8,0.3043667983350993,cubic_spin_glass,lower,4,1.9789876302083336,encoded_energy_mean,9,noiseless,matched_random_selective,6.501982611222673,0,5
0.271847334388741,-0.10739059249059284,8,0.3333333333333333,cubic_spin_glass,lower,1,0.08222837094907408,auxiliary_inconsistency_rate,9,noiseless,matched_random_selective,0.24668511284722225,8,0
0.05187165097410103,-0.12546106069632323,8,-0.318981349667856,cubic_spin_glass,lower,1,-0.03679470486111111,original_objective_mean,9,realistic_high,matched_random_selective,0.11535064636043496,5,3
0.0015618211876747632,4.408159010300429e-05,8,0.8133188003651814,cubic_spin_glass,higher,0,0.0008029513888888838,optimum_hit_rate,9,realistic_high,matched_random_selective,0.0009872529548417635,9,0
6.279351866219972,-2.5013353731644177,8,0.33073043974579425,cubic_spin_glass,lower,2,1.8890082465277775,encoded_energy_mean,9,realistic_high,matched_random_selective,5.711624995811409,5,2
0.2712554391171387,-0.1071567701356572,8,0.33333333333333337,cubic_spin_glass,lower,1,0.08204933449074074,auxiliary_inconsistency_rate,9,realistic_high,matched_random_selective,0.2461480034722222,8,0
0.18449876366881418,-0.32557225903918446,8,-0.21259527216729968,cubic_spin_glass,lower,3,-0.07053674768518514,original_objective_mean,9,realistic_low,matched_random_selective,0.331788882067316,0,6
0.0063544384955407434,-0.0029111514585037,8,0.2856531239235482,cubic_spin_glass,higher,0,0.0017216435185185217,optimum_hit_rate,9,realistic_low,matched_random_selective,0.006027042501307635,9,0
6.260484551406505,-2.6315529831194686,8,0.3137013000057754,cubic_spin_glass,lower,3,1.8144657841435183,encoded_energy_mean,9,realistic_low,matched_random_selective,5.784055673693775,0,6
0.27124946037702147,-0.10715440829368815,8,0.33333333333333337,cubic_spin_glass,lower,1,0.08204752604166667,auxiliary_inconsistency_rate,9,realistic_low,matched_random_selective,0.24614257812499998,8,0
1.1255191269532905,-0.8677066269532903,8,0.0994228726880057,cubic_spin_glass,lower,4,0.1289062500000001,original_objective_mean,9,noiseless,selective,1.2965452165571079,0,5
0.04415012274589185,-0.09035599658848446,8,-0.26405474258723655,cubic_spin_glass,higher,4,-0.023102936921296308,optimum_hit_rate,9,noiseless,selective,0.08749298230712035,1,4
12.52027521970118,-5.28250033544192,8,0.31250443245176973,cubic_spin_glass,lower,4,3.6188874421296293,encoded_energy_mean,9,noiseless,selective,11.580275561973506,0,5
0.2781907776530849,-0.10989650681975156,8,0.33333333333333337,cubic_spin_glass,lower,1,0.08414713541666667,auxiliary_inconsistency_rate,9,noiseless,selective,0.25244140625,8,0
0.01612400306654236,-0.08882365584432014,8,-0.5324740023527753,cubic_spin_glass,lower,2,-0.03634982638888889,original_objective_mean,9,realistic_high,selective,0.06826591763780865,3,4
0.000882696680727669,-0.0005933448288758208,8,0.1506837855525684,cubic_spin_glass,higher,0,0.00014467592592592402,optimum_hit_rate,9,realistic_high,selective,0.000960129355626333,9,0
12.063275232915405,-4.796673670415408,8,0.33129426722235616,cubic_spin_glass,lower,3,3.633300781249999,encoded_energy_mean,9,realistic_high,selective,10.966989594212995,3,3
0.2743643839780801,-0.1083849279595616,8,0.3333333333333333,cubic_spin_glass,lower,1,0.08298972800925926,auxiliary_inconsistency_rate,9,realistic_high,selective,0.2489691840277778,8,0
0.25141047627699953,-0.3122105341473699,8,-0.08291930350157417,cubic_spin_glass,lower,3,-0.030400028935185168,original_objective_mean,9,realistic_low,selective,0.3666218558457626,0,6
0.005979166739397374,-0.010210937572730706,8,-0.20091451858019477,cubic_spin_glass,higher,2,-0.0021158854166666665,optimum_hit_rate,9,realistic_low,selective,0.010531271864368098,7,0
12.071350219087456,-4.942823743393011,8,0.3220532787763433,cubic_spin_glass,lower,3,3.5642632378472223,encoded_energy_mean,9,realistic_low,selective,11.067309270657978,0,6
0.27615800601323864,-0.10909348055027568,8,0.3333333333333333,cubic_spin_glass,lower,1,0.08353226273148148,auxiliary_inconsistency_rate,9,realistic_low,selective,0.2505967881944445,8,0
1.869700422909398,0.27300429352578715,8,1.0315229148680627,max3sat,lower,7,1.0713523582175926,original_objective_mean,9,noiseless,fully_quadratized,1.0386122719868267,0,2
0.010769131036297529,-0.1290959539529642,8,-0.6502984476608383,max3sat,higher,5,-0.059163411458333336,optimum_hit_rate,9,noiseless,fully_quadratized,0.09097886004671793,3,1
30.235592721527812,16.94801911296292,8,2.729507714236857,max3sat,lower,9,23.591805917245367,encoded_energy_mean,9,noiseless,fully_quadratized,8.643245737754363,0,0
0.9010044303832279,0.7374142617464017,8,7.698507212118217,max3sat,lower,9,0.8192093460648148,auxiliary_inconsistency_rate,9,noiseless,fully_quadratized,0.1064114539991984,0,0
0.0791512914730765,-0.21369990258418664,8,-0.3531596249840662,max3sat,lower,4,-0.06727430555555507,original_objective_mean,9,realistic_high,fully_quadratized,0.19049262938420647,1,4
0.0011256054436316431,-0.0012341123880760829,8,-0.035345675547171176,max3sat,higher,0,-5.425347222221986e-05,optimum_hit_rate,9,realistic_high,fully_quadratized,0.0015349394623909497,9,0
28.33199637111363,15.57324089740489,8,2.6451289053219202,max3sat,lower,9,21.95261863425926,encoded_energy_mean,9,realistic_high,fully_quadratized,8.299262311977026,0,0
0.9032555181478459,0.738147114954006,8,7.641608353965543,max3sat,lower,9,0.8207013165509259,auxiliary_inconsistency_rate,9,realistic_high,fully_quadratized,0.10739902891320392,0,0
0.3822791372314106,-0.20047575181474417,8,0.23980314104909228,max3sat,lower,7,0.09090169270833323,original_objective_mean,9,realistic_low,fully_quadratized,0.3790679818064765,0,2
0.0036781000882838005,-0.019737127866061577,8,-0.5271809231029604,max3sat,higher,2,-0.008029513888888888,optimum_hit_rate,9,realistic_low,fully_quadratized,0.015231040307049757,7,0
28.800898158152595,15.856961361523329,8,2.6519806233025065,max3sat,lower,9,22.328929759837962,encoded_energy_mean,9,realistic_low,fully_quadratized,8.419718290411861,0,0
0.9018931565465214,0.7371946617405156,8,7.649823578907525,max3sat,lower,9,0.8195439091435185,auxiliary_inconsistency_rate,9,realistic_low,fully_quadratized,0.10713239340619643,0,0
1.1280013120910657,-0.2285619313040287,8,0.5096484176856284,max3sat,lower,6,0.44971969039351856,original_objective_mean,9,noiseless,matched_random_selective,0.8824116288553331,0,3
0.01382665788749124,-0.09152124700786161,8,-0.5668963990394016,max3sat,higher,5,-0.03884729456018519,optimum_hit_rate,9,noiseless,matched_random_selective,0.06852626798478771,4,0
14.199049730475586,5.147908458181821,8,1.643040151678015,max3sat,lower,9,9.673479094328703,encoded_energy_mean,9,noiseless,matched_random_selective,5.887548812759875,0,0
0.8108121838256147,0.6667702814521631,8,7.88500017215297,max3sat,lower,9,0.7387912326388889,auxiliary_inconsistency_rate,9,noiseless,matched_random_selective,0.09369577888508336,0,0
0.005162512875035052,-0.12249107190281217,8,-0.7064957420152622,max3sat,lower,1,-0.058664279513888556,original_objective_mean,9,realistic_high,matched_random_selective,0.08303557406666047,0,8
0.0017163343339961544,-0.000146600537699846,8,0.6476899578233015,max3sat,higher,0,0.0007848668981481542,optimum_hit_rate,9,realistic_high,matched_random_selective,0.0012117941442011308,9,0
13.517075062722308,5.518442877092509,8,1.8293120651232013,max3sat,lower,9,9.517758969907408,encoded_energy_mean,9,realistic_high,matched_random_selective,5.202917069956788,0,0
0.832374360080261,0.7099578158456649,8,9.684487222924691,max3sat,lower,9,0.7711660879629629,auxiliary_inconsistency_rate,9,realistic_high,matched_random_selective,0.0796290056676922,0,0
0.2135930009831809,-0.22046872436281056,8,-0.01217603059665267,max3sat,lower,4,-0.0034378616898148215,original_objective_mean,9,realistic_low,matched_random_selective,0.2823466697562282,1,4
0.002353193451146227,-0.016506115904849916,8,-0.5768450492610088,max3sat,higher,2,-0.007076461226851845,optimum_hit_rate,9,realistic_low,matched_random_selective,0.012267525284159825,7,0
13.597534716814746,5.213684901240807,8,1.7246949465025385,max3sat,lower,9,9.405609809027776,encoded_energy_mean,9,realistic_low,matched_random_selective,5.453491835237967,0,0
0.82378931401457,0.6952138688558003,8,9.081121248208117,max3sat,lower,9,0.7595015914351851,auxiliary_inconsistency_rate,9,realistic_low,matched_random_selective,0.08363522198154216,0,0
1.3577229623819105,0.13967287095142278,8,0.9449531969162622,max3sat,lower,6,0.7486979166666666,original_objective_mean,9,noiseless,selective,0.7923121685919997,0,3
0.015144075814552453,-0.10952703299047839,8,-0.5819244239948029,max3sat,higher,5,-0.047191478587962965,optimum_hit_rate,9,noiseless,selective,0.08109554547307406,3,1
22.579955660400042,7.472417024785144,8,1.5290577187153893,max3sat,lower,9,15.026186342592593,encoded_energy_mean,9,noiseless,selective,9.827089035734097,0,0
0.8284242853551298,0.6482828905707962,8,6.301148158733288,max3sat,lower,9,0.738353587962963,auxiliary_inconsistency_rate,9,noiseless,selective,0.11717762689639619,0,0
0.11598136019445485,-0.13310737292593677,8,-0.05284951495480211,max3sat,lower,4,-0.00856300636574097,original_objective_mean,9,realistic_high,selective,0.16202620540726273,0,5
0.0049869757831741985,-0.00035734615354456,8,0.6658746233729801,max3sat,higher,0,0.002314814814814819,optimum_hit_rate,9,realistic_high,selective,0.0034763523545756282,9,0
21.355443646947432,7.896021196802567,8,1.6705520894457289,max3sat,lower,9,14.625732421875,encoded_energy_mean,9,realistic_high,selective,8.755029259056304,0,0
0.8356268634957965,0.7137799652079072,8,9.774393396710247,max3sat,lower,9,0.7747034143518519,auxiliary_inconsistency_rate,9,realistic_high,selective,0.07925846473629684,0,0
0.3444836424661163,-0.045565095012413154,8,0.5890780136635323,max3sat,lower,8,0.14945927372685158,original_objective_mean,9,realistic_low,selective,0.25371728406115535,0,1
0.002121944870045452,-0.017620353434860268,8,-0.6034318410750555,max3sat,higher,3,-0.007749204282407408,optimum_hit_rate,9,realistic_low,selective,0.012841888271261365,6,0
21.704514692580858,7.7825548965395095,8,1.628058726494798,max3sat,lower,9,14.743534794560183,encoded_energy_mean,9,realistic_low,selective,9.055898632295001,0,0
0.8318595793185977,0.701361630172143,8,9.031085602988924,max3sat,lower,9,0.7666106047453703,auxiliary_inconsistency_rate,9,realistic_low,selective,0.08488576439710119,0,0
