family,representation,budget_mode,budget_key,budget_value,budget_label,warm_start_policy,pair_closure,instance_count,design_count,run_count,ci_unit,ci_method,original_objective_mean,original_objective_ci95_low,original_objective_ci95_high,paired_difference_vs_cold_mean,paired_difference_vs_cold_ci95_low,paired_difference_vs_cold_ci95_high,optimum_hit_rate_mean,optimum_hit_rate_ci95_low,optimum_hit_rate_ci95_high,encoded_energy_mean,auxiliary_inconsistency_rate_mean,mean_abs_original_margin,weak_signal_instance_count,status,config_hash,manifest_hash,code_commit
cubic_spin_glass,all_native,equal_compiled_two_qubit_gates,equal_2q_budget_128,128,2Q=128,cold_start,not_applicable,7,7,21,instance,instance_cluster_normal_95,-2.549379430177774,-3.2002809154006577,-1.8984779449548903,0.0,0.0,0.0,0.17265122677766612,0.015139281923889136,0.3301631716314431,-2.549379430177774,0.0,0.09226190476190477,5,pass,9d124ad72c0fe2b841fbfc927ec45c35cb413a6a0e01baada17f1025709d315c,801bd21b3dc8072237ed4eb68fd32a2cb9aff13978dac017718d438289958197,749d39f68d29d796da0060f6c180c3306254979e
cubic_spin_glass,all_native,equal_compiled_two_qubit_gates,equal_2q_budget_128,128,2Q=128,original_variables_only,auxiliary_cold_half,7,7,21,instance,instance_cluster_normal_95,-2.2050428791124914,-2.641628914909662,-1.7684568433153207,0.3443365510652828,-0.16332997682531758,0.8520030789558832,0.16172087310621858,0.03973222652378547,0.28370951968865166,-2.2050428791124914,0.0,0.09226190476190477,5,pass,9d124ad72c0fe2b841fbfc927ec45c35cb413a6a0e01baada17f1025709d315c,801bd21b3dc8072237ed4eb68fd32a2cb9aff13978dac017718d438289958197,749d39f68d29d796da0060f6c180c3306254979e
cubic_spin_glass,all_native,equal_compiled_two_qubit_gates,equal_2q_budget_256,256,2Q=256,cold_start,not_applicable,7,7,21,instance,instance_cluster_normal_95,-2.940929706215864,-3.6130215205917766,-2.2688378918399517,0.0,0.0,0.0,0.17937251213256394,0.04603456742929479,0.3127104568358331,-2.940929706215864,0.0,0.09226190476190477,5,pass,9d124ad72c0fe2b841fbfc927ec45c35cb413a6a0e01baada17f1025709d315c,801bd21b3dc8072237ed4eb68fd32a2cb9aff13978dac017718d438289958197,749d39f68d29d796da0060f6c180c3306254979e
cubic_spin_glass,all_native,equal_compiled_two_qubit_gates,equal_2q_budget_256,256,2Q=256,original_variables_only,auxiliary_cold_half,7,7,21,instance,instance_cluster_normal_95,-2.9710407170228437,-3.9952292858496836,-1.9468521481960035,-0.030111010806979692,-0.9165853367242,0.8563633151102407,0.23430673895151674,0.09409115597813947,0.374522321924894,-2.9710407170228437,0.0,0.09226190476190477,5,pass,9d124ad72c0fe2b841fbfc927ec45c35cb413a6a0e01baada17f1025709d315c,801bd21b3dc8072237ed4eb68fd32a2cb9aff13978dac017718d438289958197,749d39f68d29d796da0060f6c180c3306254979e
cubic_spin_glass,all_native,equal_layer,equal_layer_p1,1,p=1,cold_start,not_applicable,7,7,21,instance,instance_cluster_normal_95,-2.347481942251708,-2.9795124779662485,-1.7154514065371673,0.0,0.0,0.0,0.1279425789522653,0.014700864661862031,0.24118429324266855,-2.347481942251708,0.0,0.09226190476190477,5,pass,9d124ad72c0fe2b841fbfc927ec45c35cb413a6a0e01baada17f1025709d315c,801bd21b3dc8072237ed4eb68fd32a2cb9aff13978dac017718d438289958197,749d39f68d29d796da0060f6c180c3306254979e
cubic_spin_glass,all_native,equal_layer,equal_layer_p1,1,p=1,original_variables_only,auxiliary_cold_half,7,7,21,instance,instance_cluster_normal_95,-1.8923388101694643,-2.401787972965837,-1.3828896473730916,0.45514313208224355,-0.5124915983183365,1.4227778624828236,0.12879273807292074,0.03251117216910339,0.2250743039767381,-1.8923388101694643,0.0,0.09226190476190477,5,pass,9d124ad72c0fe2b841fbfc927ec45c35cb413a6a0e01baada17f1025709d315c,801bd21b3dc8072237ed4eb68fd32a2cb9aff13978dac017718d438289958197,749d39f68d29d796da0060f6c180c3306254979e
cubic_spin_glass,all_native,equal_layer,equal_layer_p2,2,p=2,cold_start,not_applicable,7,7,21,instance,instance_cluster_normal_95,-2.6203699578914246,-3.436413775807985,-1.8043261399748645,0.0,0.0,0.0,0.1614324415586404,0.02921394239622288,0.2936509407210579,-2.6203699578914246,0.0,0.09226190476190477,5,pass,9d124ad72c0fe2b841fbfc927ec45c35cb413a6a0e01baada17f1025709d315c,801bd21b3dc8072237ed4eb68fd32a2cb9aff13978dac017718d438289958197,749d39f68d29d796da0060f6c180c3306254979e
cubic_spin_glass,all_native,equal_layer,equal_layer_p2,2,p=2,original_variables_only,auxiliary_cold_half,7,7,21,instance,instance_cluster_normal_95,-2.9345072749317858,-3.9384755156638094,-1.9305390341997621,-0.31413731704036135,-0.9697727496244848,0.34149811554376214,0.19386437440466595,0.06943076054384262,0.3182979882654893,-2.9345072749317858,0.0,0.09226190476190477,5,pass,9d124ad72c0fe2b841fbfc927ec45c35cb413a6a0e01baada17f1025709d315c,801bd21b3dc8072237ed4eb68fd32a2cb9aff13978dac017718d438289958197,749d39f68d29d796da0060f6c180c3306254979e
cubic_spin_glass,fully_quadratized,equal_compiled_two_qubit_gates,equal_2q_budget_128,128,2Q=128,cold_start,not_applicable,7,7,21,instance,instance_cluster_normal_95,-0.5055461959056495,-0.8420641928604733,-0.16902819895082577,0.0,0.0,0.0,0.06435888408397042,0.003689808779402795,0.12502795938853806,49.18712673267994,0.8913289096216425,0.09226190476190477,5,pass,9d124ad72c0fe2b841fbfc927ec45c35cb413a6a0e01baada17f1025709d315c,801bd21b3dc8072237ed4eb68fd32a2cb9aff13978dac017718d438289958197,749d39f68d29d796da0060f6c180c3306254979e
cubic_spin_glass,fully_quadratized,equal_compiled_two_qubit_gates,equal_2q_budget_128,128,2Q=128,original_and_auxiliary_variables,independence_mu_product_ablation,7,7,21,instance,instance_cluster_normal_95,-0.5550595453633892,-0.7902361342612453,-0.3198829564655331,-0.04951334945773964,-0.22344411713035014,0.12441741821487087,0.07769345881105404,0.016473711170312058,0.138913206451796,39.57046735336785,0.8280778550036921,0.09226190476190477,5,pass,9d124ad72c0fe2b841fbfc927ec45c35cb413a6a0e01baada17f1025709d315c,801bd21b3dc8072237ed4eb68fd32a2cb9aff13978dac017718d438289958197,749d39f68d29d796da0060f6c180c3306254979e
cubic_spin_glass,fully_quadratized,equal_compiled_two_qubit_gates,equal_2q_budget_128,128,2Q=128,original_and_auxiliary_variables,sa_rlt_level_2_pair_moments,7,7,21,instance,instance_cluster_normal_95,-0.529875553238878,-0.7644018796425083,-0.2953492268352478,-0.024329357333228503,-0.22100389808192786,0.17234518341547087,0.0733587705529827,0.018315881865622573,0.12840165924034283,46.71000001775028,0.8603167883340802,0.09226190476190477,5,pass,9d124ad72c0fe2b841fbfc927ec45c35cb413a6a0e01baada17f1025709d315c,801bd21b3dc8072237ed4eb68fd32a2cb9aff13978dac017718d438289958197,749d39f68d29d796da0060f6c180c3306254979e
cubic_spin_glass,fully_quadratized,equal_compiled_two_qubit_gates,equal_2q_budget_128,128,2Q=128,original_variables_only,auxiliary_cold_half,7,7,21,instance,instance_cluster_normal_95,-0.4998126123280757,-0.7093392043258027,-0.29028602033034884,0.005733583577573787,-0.17411874288010867,0.18558591003525624,0.07494294382086356,0.01576300107317733,0.1341228865685498,47.142820873203675,0.8908526671374027,0.09226190476190477,5,pass,9d124ad72c0fe2b841fbfc927ec45c35cb413a6a0e01baada17f1025709d315c,801bd21b3dc8072237ed4eb68fd32a2cb9aff13978dac017718d438289958197,749d39f68d29d796da0060f6c180c3306254979e
cubic_spin_glass,fully_quadratized,equal_compiled_two_qubit_gates,equal_2q_budget_256,256,2Q=256,cold_start,not_applicable,7,7,21,instance,instance_cluster_normal_95,-0.4830959845341309,-0.7815448408799912,-0.1846471281882705,0.0,0.0,0.0,0.05646386108945143,0.008327860619564871,0.10459986155933798,47.473364928403484,0.8939226961480216,0.09226190476190477,5,pass,9d124ad72c0fe2b841fbfc927ec45c35cb413a6a0e01baada17f1025709d315c,801bd21b3dc8072237ed4eb68fd32a2cb9aff13978dac017718d438289958197,749d39f68d29d796da0060f6c180c3306254979e
cubic_spin_glass,fully_quadratized,equal_compiled_two_qubit_gates,equal_2q_budget_256,256,2Q=256,original_and_auxiliary_variables,independence_mu_product_ablation,7,7,21,instance,instance_cluster_normal_95,-0.7664602469259881,-1.1209643536323202,-0.41195614021965615,-0.28336426239185725,-0.73258447386809,0.16585594908437556,0.08155705338850501,0.02532016062882958,0.13779394614818044,45.79296857862472,0.8768154378072212,0.09226190476190477,5,pass,9d124ad72c0fe2b841fbfc927ec45c35cb413a6a0e01baada17f1025709d315c,801bd21b3dc8072237ed4eb68fd32a2cb9aff13978dac017718d438289958197,749d39f68d29d796da0060f6c180c3306254979e
cubic_spin_glass,fully_quadratized,equal_compiled_two_qubit_gates,equal_2q_budget_256,256,2Q=256,original_and_auxiliary_variables,sa_rlt_level_2_pair_moments,7,7,21,instance,instance_cluster_normal_95,-0.6130409212759316,-0.8425981626444705,-0.3834836799073926,-0.1299449367418007,-0.50494032200638,0.24505044852277863,0.07432890005939415,0.022260311836237646,0.12639748828255065,45.76264215318863,0.8766808715872896,0.09226190476190477,5,pass,9d124ad72c0fe2b841fbfc927ec45c35cb413a6a0e01baada17f1025709d315c,801bd21b3dc8072237ed4eb68fd32a2cb9aff13978dac017718d438289958197,749d39f68d29d796da0060f6c180c3306254979e
cubic_spin_glass,fully_quadratized,equal_compiled_two_qubit_gates,equal_2q_budget_256,256,2Q=256,original_variables_only,auxiliary_cold_half,7,7,21,instance,instance_cluster_normal_95,-0.7905058349722031,-1.2686615175412403,-0.31235015240316566,-0.3074098504380722,-0.9288965627549313,0.31407686187878686,0.08865905605893176,0.025943312805172078,0.15137479931269143,46.536203501764405,0.8736675047070586,0.09226190476190477,5,pass,9d124ad72c0fe2b841fbfc927ec45c35cb413a6a0e01baada17f1025709d315c,801bd21b3dc8072237ed4eb68fd32a2cb9aff13978dac017718d438289958197,749d39f68d29d796da0060f6c180c3306254979e
cubic_spin_glass,fully_quadratized,equal_layer,equal_layer_p1,1,p=1,cold_start,not_applicable,7,7,21,instance,instance_cluster_normal_95,-0.5106090014658935,-0.7338208811346324,-0.2873971217971546,0.0,0.0,0.0,0.056890772956719904,0.005972314016484313,0.10780923189695549,50.30116030640386,0.8779410504408289,0.09226190476190477,5,pass,9d124ad72c0fe2b841fbfc927ec45c35cb413a6a0e01baada17f1025709d315c,801bd21b3dc8072237ed4eb68fd32a2cb9aff13978dac017718d438289958197,749d39f68d29d796da0060f6c180c3306254979e
cubic_spin_glass,fully_quadratized,equal_layer,equal_layer_p1,1,p=1,original_and_auxiliary_variables,independence_mu_product_ablation,7,7,21,instance,instance_cluster_normal_95,-0.6929229056950597,-0.9048754943521572,-0.4809703170379621,-0.18231390422916613,-0.3314533916608126,-0.033174416797519646,0.07829049210520142,0.0262549063440701,0.13032607786633274,48.83349953490599,0.893068503712563,0.09226190476190477,5,pass,9d124ad72c0fe2b841fbfc927ec45c35cb413a6a0e01baada17f1025709d315c,801bd21b3dc8072237ed4eb68fd32a2cb9aff13978dac017718d438289958197,749d39f68d29d796da0060f6c180c3306254979e
cubic_spin_glass,fully_quadratized,equal_layer,equal_layer_p1,1,p=1,original_and_auxiliary_variables,sa_rlt_level_2_pair_moments,7,7,21,instance,instance_cluster_normal_95,-0.772625229958156,-1.2802871297694463,-0.26496333014686557,-0.2620162284922624,-0.7656448452803866,0.24161238829586168,0.08050717748168215,0.021241020519116707,0.1397733344442476,52.017530005597756,0.9008854648312753,0.09226190476190477,5,pass,9d124ad72c0fe2b841fbfc927ec45c35cb413a6a0e01baada17f1025709d315c,801bd21b3dc8072237ed4eb68fd32a2cb9aff13978dac017718d438289958197,749d39f68d29d796da0060f6c180c3306254979e
cubic_spin_glass,fully_quadratized,equal_layer,equal_layer_p1,1,p=1,original_variables_only,auxiliary_cold_half,7,7,21,instance,instance_cluster_normal_95,-0.5145177900957278,-0.7188402821665101,-0.3101952980249456,-0.00390878862983432,-0.10019301950284452,0.09237544224317588,0.06644568814601255,0.015006676709271423,0.11788469958275369,49.316912441383195,0.9042009939225978,0.09226190476190477,5,pass,9d124ad72c0fe2b841fbfc927ec45c35cb413a6a0e01baada17f1025709d315c,801bd21b3dc8072237ed4eb68fd32a2cb9aff13978dac017718d438289958197,749d39f68d29d796da0060f6c180c3306254979e
cubic_spin_glass,fully_quadratized,equal_layer,equal_layer_p2,2,p=2,cold_start,not_applicable,7,7,21,instance,instance_cluster_normal_95,-0.579207686418913,-0.9426054818176757,-0.21580989102015025,0.0,0.0,0.0,0.06273006704240924,0.008526342681632451,0.11693379140318604,49.8279219004249,0.9107467823448273,0.09226190476190477,5,pass,9d124ad72c0fe2b841fbfc927ec45c35cb413a6a0e01baada17f1025709d315c,801bd21b3dc8072237ed4eb68fd32a2cb9aff13978dac017718d438289958197,749d39f68d29d796da0060f6c180c3306254979e
cubic_spin_glass,fully_quadratized,equal_layer,equal_layer_p2,2,p=2,original_and_auxiliary_variables,independence_mu_product_ablation,7,7,21,instance,instance_cluster_normal_95,-0.7199051222139676,-1.0604425197899512,-0.37936772463798396,-0.14069743579505475,-0.3589372786295077,0.07754240703939819,0.06414641123903338,0.0090310135273396,0.11926180895072716,45.94754716663367,0.8608473911791302,0.09226190476190477,5,pass,9d124ad72c0fe2b841fbfc927ec45c35cb413a6a0e01baada17f1025709d315c,801bd21b3dc8072237ed4eb68fd32a2cb9aff13978dac017718d438289958197,749d39f68d29d796da0060f6c180c3306254979e
cubic_spin_glass,fully_quadratized,equal_layer,equal_layer_p2,2,p=2,original_and_auxiliary_variables,sa_rlt_level_2_pair_moments,7,7,21,instance,instance_cluster_normal_95,-0.5156872749303056,-0.7362489423443026,-0.2951256075163087,0.06352041148860726,-0.17827667247457815,0.30531749545179265,0.05405682650927609,0.005697129256243681,0.1024165237623085,48.1135304378891,0.8767807483492771,0.09226190476190477,5,pass,9d124ad72c0fe2b841fbfc927ec45c35cb413a6a0e01baada17f1025709d315c,801bd21b3dc8072237ed4eb68fd32a2cb9aff13978dac017718d438289958197,749d39f68d29d796da0060f6c180c3306254979e
cubic_spin_glass,fully_quadratized,equal_layer,equal_layer_p2,2,p=2,original_variables_only,auxiliary_cold_half,7,7,21,instance,instance_cluster_normal_95,-0.5552453979127508,-0.7600442293486105,-0.35044656647689126,0.023962288506162003,-0.23747831844921208,0.2854028954615361,0.061010907185580054,0.011054695019407604,0.1109671193517525,47.683281482289146,0.8876301324445246,0.09226190476190477,5,pass,9d124ad72c0fe2b841fbfc927ec45c35cb413a6a0e01baada17f1025709d315c,801bd21b3dc8072237ed4eb68fd32a2cb9aff13978dac017718d438289958197,749d39f68d29d796da0060f6c180c3306254979e
cubic_spin_glass,matched_random_selective,equal_compiled_two_qubit_gates,equal_2q_budget_128,128,2Q=128,cold_start,not_applicable,7,15,105,instance,instance_cluster_normal_95,-1.8309853681513624,-2.7908380416390344,-0.8711326946636905,0.0,0.0,0.0,0.1661693684969603,0.007234110546395667,0.3251046264475249,6.011871774705779,0.24999999999999994,0.09226190476190477,5,pass,9d124ad72c0fe2b841fbfc927ec45c35cb413a6a0e01baada17f1025709d315c,801bd21b3dc8072237ed4eb68fd32a2cb9aff13978dac017718d438289958197,749d39f68d29d796da0060f6c180c3306254979e
cubic_spin_glass,matched_random_selective,equal_compiled_two_qubit_gates,equal_2q_budget_128,128,2Q=128,original_and_auxiliary_variables,independence_mu_product_ablation,2,10,30,instance,instance_cluster_normal_95,-0.22222222222222268,-0.6577777777777791,0.21333333333333374,-0.22222222222222265,-0.6577777777777791,0.21333333333333387,0.05151293509945135,-0.019593042695473274,0.12261891289437599,21.625564814814823,0.8197278584936114,0.11458333333333337,1,pass,9d124ad72c0fe2b841fbfc927ec45c35cb413a6a0e01baada17f1025709d315c,801bd21b3dc8072237ed4eb68fd32a2cb9aff13978dac017718d438289958197,749d39f68d29d796da0060f6c180c3306254979e
cubic_spin_glass,matched_random_selective,equal_compiled_two_qubit_gates,equal_2q_budget_128,128,2Q=128,original_and_auxiliary_variables,sa_rlt_level_2_pair_moments,2,10,30,instance,instance_cluster_normal_95,-0.22222222222222274,-0.6577777777777791,0.21333333333333368,-0.22222222222222274,-0.6577777777777791,0.21333333333333368,0.051512935099451346,-0.019593042695473267,0.12261891289437596,24.344907407407412,0.8537813722501651,0.11458333333333337,1,pass,9d124ad72c0fe2b841fbfc927ec45c35cb413a6a0e01baada17f1025709d315c,801bd21b3dc8072237ed4eb68fd32a2cb9aff13978dac017718d438289958197,749d39f68d29d796da0060f6c180c3306254979e
cubic_spin_glass,matched_random_selective,equal_compiled_two_qubit_gates,equal_2q_budget_128,128,2Q=128,original_variables_only,auxiliary_cold_half,7,15,105,instance,instance_cluster_normal_95,-1.6073905579297834,-2.359650353452319,-0.8551307624072476,0.2235948102215788,-0.06940477366177772,0.5165943941049354,0.15302775811506936,0.019027338238050168,0.2870281779920886,5.500678225139004,0.2500000000000001,0.09226190476190477,5,pass,9d124ad72c0fe2b841fbfc927ec45c35cb413a6a0e01baada17f1025709d315c,801bd21b3dc8072237ed4eb68fd32a2cb9aff13978dac017718d438289958197,749d39f68d29d796da0060f6c180c3306254979e
cubic_spin_glass,matched_random_selective,equal_compiled_two_qubit_gates,equal_2q_budget_256,256,2Q=256,cold_start,not_applicable,7,15,105,instance,instance_cluster_normal_95,-2.1257144404416923,-2.7606586950838263,-1.4907701857995586,0.0,0.0,0.0,0.1692857822547716,0.02232547897145168,0.3162460855380915,5.912290657489457,0.24328617810798545,0.09226190476190477,5,pass,9d124ad72c0fe2b841fbfc927ec45c35cb413a6a0e01baada17f1025709d315c,801bd21b3dc8072237ed4eb68fd32a2cb9aff13978dac017718d438289958197,749d39f68d29d796da0060f6c180c3306254979e
cubic_spin_glass,matched_random_selective,equal_compiled_two_qubit_gates,equal_2q_budget_256,256,2Q=256,original_and_auxiliary_variables,independence_mu_product_ablation,2,10,30,instance,instance_cluster_normal_95,-0.9250865078230774,-1.1883454124853727,-0.6618276031607822,0.14229570605851743,0.0530626276250445,0.23152878449199038,0.05233061922073209,0.0014728776448158926,0.10318836079664828,23.492973285904093,0.8339139579045034,0.11458333333333337,1,pass,9d124ad72c0fe2b841fbfc927ec45c35cb413a6a0e01baada17f1025709d315c,801bd21b3dc8072237ed4eb68fd32a2cb9aff13978dac017718d438289958197,749d39f68d29d796da0060f6c180c3306254979e
cubic_spin_glass,matched_random_selective,equal_compiled_two_qubit_gates,equal_2q_budget_256,256,2Q=256,original_and_auxiliary_variables,sa_rlt_level_2_pair_moments,2,10,30,instance,instance_cluster_normal_95,-0.9547922139137377,-1.2245124528104543,-0.6850719750170212,0.11258999996785723,0.029818255768805507,0.19536174416690896,0.04121444885881151,0.010720154221983937,0.07170874349563908,24.54097766358052,0.8387735106099405,0.11458333333333337,1,pass,9d124ad72c0fe2b841fbfc927ec45c35cb413a6a0e01baada17f1025709d315c,801bd21b3dc8072237ed4eb68fd32a2cb9aff13978dac017718d438289958197,749d39f68d29d796da0060f6c180c3306254979e
cubic_spin_glass,matched_random_selective,equal_compiled_two_qubit_gates,equal_2q_budget_256,256,2Q=256,original_variables_only,auxiliary_cold_half,7,15,105,instance,instance_cluster_normal_95,-1.790873183351948,-2.344370067770913,-1.2373762989329828,0.33484125708974427,0.1974550423626498,0.4722274718168388,0.15752828914210812,0.04032134154299101,0.27473523674122524,5.212678033878169,0.243615278055177,0.09226190476190477,5,pass,9d124ad72c0fe2b841fbfc927ec45c35cb413a6a0e01baada17f1025709d315c,801bd21b3dc8072237ed4eb68fd32a2cb9aff13978dac017718d438289958197,749d39f68d29d796da0060f6c180c3306254979e
cubic_spin_glass,matched_random_selective,equal_layer,equal_layer_p1,1,p=1,cold_start,not_applicable,7,15,105,instance,instance_cluster_normal_95,-1.7425254231124647,-2.1960370359742436,-1.2890138102506856,0.0,0.0,0.0,0.12670325459089946,0.015229464145851343,0.23817704503594755,6.864931491328511,0.2519783293239815,0.09226190476190477,5,pass,9d124ad72c0fe2b841fbfc927ec45c35cb413a6a0e01baada17f1025709d315c,801bd21b3dc8072237ed4eb68fd32a2cb9aff13978dac017718d438289958197,749d39f68d29d796da0060f6c180c3306254979e
cubic_spin_glass,matched_random_selective,equal_layer,equal_layer_p1,1,p=1,original_and_auxiliary_variables,independence_mu_product_ablation,2,10,30,instance,instance_cluster_normal_95,-1.1005437428032239,-1.340346639793169,-0.8607408458132789,-0.1792189467494566,-0.375614845313717,0.017176951814803804,0.05363932437977319,0.009502426936586518,0.09777622182295986,22.95679937498237,0.8163977922058738,0.11458333333333337,1,pass,9d124ad72c0fe2b841fbfc927ec45c35cb413a6a0e01baada17f1025709d315c,801bd21b3dc8072237ed4eb68fd32a2cb9aff13978dac017718d438289958197,749d39f68d29d796da0060f6c180c3306254979e
cubic_spin_glass,matched_random_selective,equal_layer,equal_layer_p1,1,p=1,original_and_auxiliary_variables,sa_rlt_level_2_pair_moments,2,10,30,instance,instance_cluster_normal_95,-1.0019300941101181,-1.1025482544950125,-0.9013119337252239,-0.08060529805635103,-0.41618593322566205,0.25497533711296,0.04243827658778244,0.01491971092703958,0.0699568422485253,25.5411974950728,0.8491360915813742,0.11458333333333337,1,pass,9d124ad72c0fe2b841fbfc927ec45c35cb413a6a0e01baada17f1025709d315c,801bd21b3dc8072237ed4eb68fd32a2cb9aff13978dac017718d438289958197,749d39f68d29d796da0060f6c180c3306254979e
cubic_spin_glass,matched_random_selective,equal_layer,equal_layer_p1,1,p=1,original_variables_only,auxiliary_cold_half,7,15,105,instance,instance_cluster_normal_95,-1.4797680674382208,-1.7486362153377726,-1.210899919538669,0.26275735567424396,0.050304654838180585,0.47521005651030734,0.11835574827389382,0.02590970074422763,0.21080179580356,6.362986212100997,0.24750510449652202,0.09226190476190477,5,pass,9d124ad72c0fe2b841fbfc927ec45c35cb413a6a0e01baada17f1025709d315c,801bd21b3dc8072237ed4eb68fd32a2cb9aff13978dac017718d438289958197,749d39f68d29d796da0060f6c180c3306254979e
cubic_spin_glass,matched_random_selective,equal_layer,equal_layer_p2,2,p=2,cold_start,not_applicable,7,15,105,instance,instance_cluster_normal_95,-2.039261031865924,-2.51069779362698,-1.5678242701048677,0.0,0.0,0.0,0.1494521616260711,0.01982570405026915,0.27907861920187305,6.014414382828555,0.24555906577037545,0.09226190476190477,5,pass,9d124ad72c0fe2b841fbfc927ec45c35cb413a6a0e01baada17f1025709d315c,801bd21b3dc8072237ed4eb68fd32a2cb9aff13978dac017718d438289958197,749d39f68d29d796da0060f6c180c3306254979e
cubic_spin_glass,matched_random_selective,equal_layer,equal_layer_p2,2,p=2,original_and_auxiliary_variables,independence_mu_product_ablation,2,10,30,instance,instance_cluster_normal_95,-1.0259811296390573,-1.5059141249783632,-0.5460481342997514,0.12774329300734533,-0.032887543251345686,0.28837412926603634,0.0316083083488633,0.030310606617037737,0.032906010080688865,28.871389369557114,0.8706258035600012,0.11458333333333337,1,pass,9d124ad72c0fe2b841fbfc927ec45c35cb413a6a0e01baada17f1025709d315c,801bd21b3dc8072237ed4eb68fd32a2cb9aff13978dac017718d438289958197,749d39f68d29d796da0060f6c180c3306254979e
cubic_spin_glass,matched_random_selective,equal_layer,equal_layer_p2,2,p=2,original_and_auxiliary_variables,sa_rlt_level_2_pair_moments,2,10,30,instance,instance_cluster_normal_95,-1.0982283888837248,-1.1681447577322306,-1.028312020035219,0.05549603376267781,-0.1938897564694313,0.3048818239947869,0.04516955388424027,0.015281866848073616,0.07505724092040693,27.856605425368304,0.8675633593675889,0.11458333333333337,1,pass,9d124ad72c0fe2b841fbfc927ec45c35cb413a6a0e01baada17f1025709d315c,801bd21b3dc8072237ed4eb68fd32a2cb9aff13978dac017718d438289958197,749d39f68d29d796da0060f6c180c3306254979e
cubic_spin_glass,matched_random_selective,equal_layer,equal_layer_p2,2,p=2,original_variables_only,auxiliary_cold_half,7,15,105,instance,instance_cluster_normal_95,-1.8522498054308876,-2.299477950497058,-1.4050216603647172,0.18701122643503615,-0.05950069707357514,0.43352314994364743,0.15239330604061224,0.01816389697476059,0.28662271510646387,6.150608965992059,0.24966102328292078,0.09226190476190477,5,pass,9d124ad72c0fe2b841fbfc927ec45c35cb413a6a0e01baada17f1025709d315c,801bd21b3dc8072237ed4eb68fd32a2cb9aff13978dac017718d438289958197,749d39f68d29d796da0060f6c180c3306254979e
cubic_spin_glass,selective,equal_compiled_two_qubit_gates,equal_2q_budget_128,128,2Q=128,cold_start,not_applicable,7,7,21,instance,instance_cluster_normal_95,-1.7514066332243912,-2.772455466264227,-0.730357800184555,0.0,0.0,0.0,0.1593300204140641,0.002535048452293215,0.316124992375835,7.0343076524898915,0.24999999999999997,0.09226190476190477,5,pass,9d124ad72c0fe2b841fbfc927ec45c35cb413a6a0e01baada17f1025709d315c,801bd21b3dc8072237ed4eb68fd32a2cb9aff13978dac017718d438289958197,749d39f68d29d796da0060f6c180c3306254979e
cubic_spin_glass,selective,equal_compiled_two_qubit_gates,equal_2q_budget_128,128,2Q=128,original_and_auxiliary_variables,independence_mu_product_ablation,2,2,6,instance,instance_cluster_normal_95,-0.22222222222222268,-0.6577777777777791,0.21333333333333374,-0.22222222222222265,-0.6577777777777791,0.21333333333333387,0.051512935099451346,-0.019593042695473267,0.12261891289437596,23.26851851851852,0.8076012281643212,0.11458333333333337,1,pass,9d124ad72c0fe2b841fbfc927ec45c35cb413a6a0e01baada17f1025709d315c,801bd21b3dc8072237ed4eb68fd32a2cb9aff13978dac017718d438289958197,749d39f68d29d796da0060f6c180c3306254979e
cubic_spin_glass,selective,equal_compiled_two_qubit_gates,equal_2q_budget_128,128,2Q=128,original_and_auxiliary_variables,sa_rlt_level_2_pair_moments,2,2,6,instance,instance_cluster_normal_95,-0.22222222222222268,-0.6577777777777789,0.2133333333333335,-0.22222222222222268,-0.6577777777777789,0.2133333333333335,0.05151293509945134,-0.01959304269547326,0.12261891289437593,26.69351851851852,0.8625114311842709,0.11458333333333337,1,pass,9d124ad72c0fe2b841fbfc927ec45c35cb413a6a0e01baada17f1025709d315c,801bd21b3dc8072237ed4eb68fd32a2cb9aff13978dac017718d438289958197,749d39f68d29d796da0060f6c180c3306254979e
cubic_spin_glass,selective,equal_compiled_two_qubit_gates,equal_2q_budget_128,128,2Q=128,original_variables_only,auxiliary_cold_half,7,7,21,instance,instance_cluster_normal_95,-1.470674942351742,-2.185468466319166,-0.755881418384318,0.28073169087264915,-0.2874096821303548,0.8488730638756531,0.16836994768446462,0.018585264255592926,0.3181546311133363,6.4338224121456165,0.2500000000000001,0.09226190476190477,5,pass,9d124ad72c0fe2b841fbfc927ec45c35cb413a6a0e01baada17f1025709d315c,801bd21b3dc8072237ed4eb68fd32a2cb9aff13978dac017718d438289958197,749d39f68d29d796da0060f6c180c3306254979e
cubic_spin_glass,selective,equal_compiled_two_qubit_gates,equal_2q_budget_256,256,2Q=256,cold_start,not_applicable,7,7,21,instance,instance_cluster_normal_95,-1.7716240993234558,-2.374715370684842,-1.1685328279620695,0.0,0.0,0.0,0.14534642337662082,0.02703770723072864,0.263655139522513,8.218091666797804,0.2543464359211328,0.09226190476190477,5,pass,9d124ad72c0fe2b841fbfc927ec45c35cb413a6a0e01baada17f1025709d315c,801bd21b3dc8072237ed4eb68fd32a2cb9aff13978dac017718d438289958197,749d39f68d29d796da0060f6c180c3306254979e
cubic_spin_glass,selective,equal_compiled_two_qubit_gates,equal_2q_budget_256,256,2Q=256,original_and_auxiliary_variables,independence_mu_product_ablation,2,2,6,instance,instance_cluster_normal_95,-0.8897493304875459,-0.985135604024532,-0.7943630569505598,-0.04971484941649201,-0.7361344418733742,0.63670474304039,0.0514851980903645,0.022464965996921625,0.08050543018380737,31.93015472071344,0.8622559636283411,0.11458333333333337,1,pass,9d124ad72c0fe2b841fbfc927ec45c35cb413a6a0e01baada17f1025709d315c,801bd21b3dc8072237ed4eb68fd32a2cb9aff13978dac017718d438289958197,749d39f68d29d796da0060f6c180c3306254979e
cubic_spin_glass,selective,equal_compiled_two_qubit_gates,equal_2q_budget_256,256,2Q=256,original_and_auxiliary_variables,sa_rlt_level_2_pair_moments,2,2,6,instance,instance_cluster_normal_95,-0.9068134253415279,-1.1024418916985115,-0.7111849589845443,-0.06677894427047393,-0.6529563439073586,0.5193984553664107,0.04155658811423919,0.008052887662830507,0.07506028856564788,32.39254124306452,0.8695121018836239,0.11458333333333337,1,pass,9d124ad72c0fe2b841fbfc927ec45c35cb413a6a0e01baada17f1025709d315c,801bd21b3dc8072237ed4eb68fd32a2cb9aff13978dac017718d438289958197,749d39f68d29d796da0060f6c180c3306254979e
cubic_spin_glass,selective,equal_compiled_two_qubit_gates,equal_2q_budget_256,256,2Q=256,original_variables_only,auxiliary_cold_half,7,7,21,instance,instance_cluster_normal_95,-1.7224125569102993,-2.2748569943561474,-1.169968119464451,0.04921154241315647,-0.2011555040559541,0.299578588882267,0.14915181977074493,0.04097735462352452,0.25732628491796533,7.671605896466348,0.24936073355469837,0.09226190476190477,5,pass,9d124ad72c0fe2b841fbfc927ec45c35cb413a6a0e01baada17f1025709d315c,801bd21b3dc8072237ed4eb68fd32a2cb9aff13978dac017718d438289958197,749d39f68d29d796da0060f6c180c3306254979e
cubic_spin_glass,selective,equal_layer,equal_layer_p1,1,p=1,cold_start,not_applicable,7,7,21,instance,instance_cluster_normal_95,-1.5840392562107923,-2.013779440434061,-1.1542990719875235,0.0,0.0,0.0,0.11060050764558385,0.011368459776023104,0.2098325555151446,7.743580080119777,0.2568542569523063,0.09226190476190477,5,pass,9d124ad72c0fe2b841fbfc927ec45c35cb413a6a0e01baada17f1025709d315c,801bd21b3dc8072237ed4eb68fd32a2cb9aff13978dac017718d438289958197,749d39f68d29d796da0060f6c180c3306254979e
cubic_spin_glass,selective,equal_layer,equal_layer_p1,1,p=1,original_and_auxiliary_variables,independence_mu_product_ablation,2,2,6,instance,instance_cluster_normal_95,-1.4705460901731253,-2.774001491480397,-0.16709068886585343,-0.3644345901175085,-1.693550757308392,0.964681577073375,0.0940705300573162,-0.04026523353567164,0.22840629365030407,25.55881915052918,0.8532252121528425,0.11458333333333337,1,pass,9d124ad72c0fe2b841fbfc927ec45c35cb413a6a0e01baada17f1025709d315c,801bd21b3dc8072237ed4eb68fd32a2cb9aff13978dac017718d438289958197,749d39f68d29d796da0060f6c180c3306254979e
cubic_spin_glass,selective,equal_layer,equal_layer_p1,1,p=1,original_and_auxiliary_variables,sa_rlt_level_2_pair_moments,2,2,6,instance,instance_cluster_normal_95,-0.8460764441702303,-1.6985351957559551,0.006382307415494504,0.26003505588538645,-0.6180844615839497,1.1381545733547225,0.05759159680224236,-0.012706485601897473,0.1278896792063822,29.400538080073467,0.8558153177345742,0.11458333333333337,1,pass,9d124ad72c0fe2b841fbfc927ec45c35cb413a6a0e01baada17f1025709d315c,801bd21b3dc8072237ed4eb68fd32a2cb9aff13978dac017718d438289958197,749d39f68d29d796da0060f6c180c3306254979e
cubic_spin_glass,selective,equal_layer,equal_layer_p1,1,p=1,original_variables_only,auxiliary_cold_half,7,7,21,instance,instance_cluster_normal_95,-1.5015153884609067,-2.0907723138036056,-0.9122584631182079,0.08252386774988572,-0.5403827417951698,0.7054304772949412,0.13065999125211522,0.028566284858292268,0.23275369764593817,6.41182123974778,0.24662753818677347,0.09226190476190477,5,pass,9d124ad72c0fe2b841fbfc927ec45c35cb413a6a0e01baada17f1025709d315c,801bd21b3dc8072237ed4eb68fd32a2cb9aff13978dac017718d438289958197,749d39f68d29d796da0060f6c180c3306254979e
cubic_spin_glass,selective,equal_layer,equal_layer_p2,2,p=2,cold_start,not_applicable,7,7,21,instance,instance_cluster_normal_95,-1.9667733970884458,-2.458612151965951,-1.4749346422109406,0.0,0.0,0.0,0.14075605373694147,0.027065155678818495,0.25444695179506444,6.378312112976461,0.2516565540615469,0.09226190476190477,5,pass,9d124ad72c0fe2b841fbfc927ec45c35cb413a6a0e01baada17f1025709d315c,801bd21b3dc8072237ed4eb68fd32a2cb9aff13978dac017718d438289958197,749d39f68d29d796da0060f6c180c3306254979e
cubic_spin_glass,selective,equal_layer,equal_layer_p2,2,p=2,original_and_auxiliary_variables,independence_mu_product_ablation,2,2,6,instance,instance_cluster_normal_95,-1.0367663670361646,-2.0533302936644207,-0.020202440407908417,0.17803536080089938,0.15890043699918374,0.19717028460261501,0.056903486712872396,-0.005837129008924739,0.11964410243466952,26.974858775496756,0.8468496868014378,0.11458333333333337,1,pass,9d124ad72c0fe2b841fbfc927ec45c35cb413a6a0e01baada17f1025709d315c,801bd21b3dc8072237ed4eb68fd32a2cb9aff13978dac017718d438289958197,749d39f68d29d796da0060f6c180c3306254979e
cubic_spin_glass,selective,equal_layer,equal_layer_p2,2,p=2,original_and_auxiliary_variables,sa_rlt_level_2_pair_moments,2,2,6,instance,instance_cluster_normal_95,-0.8091980031622599,-1.3711578720094986,-0.24723813431502117,0.40560372467480416,-0.02986540930449777,0.8410728586541061,0.019081562571959754,0.01786215922256184,0.020300965921357668,30.2786331450164,0.8565269804417965,0.11458333333333337,1,pass,9d124ad72c0fe2b841fbfc927ec45c35cb413a6a0e01baada17f1025709d315c,801bd21b3dc8072237ed4eb68fd32a2cb9aff13978dac017718d438289958197,749d39f68d29d796da0060f6c180c3306254979e
cubic_spin_glass,selective,equal_layer,equal_layer_p2,2,p=2,original_variables_only,auxiliary_cold_half,7,7,21,instance,instance_cluster_normal_95,-1.7104524348219445,-2.252316134496957,-1.168588735146932,0.2563209622665012,-0.12785740869584544,0.6404993332288478,0.12665953442441905,0.018680802994196083,0.234638265854642,7.248787542912707,0.25152180649134215,0.09226190476190477,5,pass,9d124ad72c0fe2b841fbfc927ec45c35cb413a6a0e01baada17f1025709d315c,801bd21b3dc8072237ed4eb68fd32a2cb9aff13978dac017718d438289958197,749d39f68d29d796da0060f6c180c3306254979e
max3sat,all_native,equal_compiled_two_qubit_gates,equal_2q_budget_128,128,2Q=128,cold_start,not_applicable,7,7,21,instance,instance_cluster_normal_95,9.858165168373855,5.753866128917285,13.962464207830426,0.0,0.0,0.0,0.09251603872728645,0.030630132382662892,0.15440194507191002,9.858165168373855,0.0,0.03809523809523809,6,pass,9d124ad72c0fe2b841fbfc927ec45c35cb413a6a0e01baada17f1025709d315c,801bd21b3dc8072237ed4eb68fd32a2cb9aff13978dac017718d438289958197,749d39f68d29d796da0060f6c180c3306254979e
max3sat,all_native,equal_compiled_two_qubit_gates,equal_2q_budget_128,128,2Q=128,original_variables_only,auxiliary_cold_half,7,7,21,instance,instance_cluster_normal_95,9.312504427031556,5.419255309861281,13.20575354420183,-0.5456607413422984,-1.6544692875215659,0.563147804836969,0.09814597234734491,0.042244172491666926,0.1540477722030229,9.312504427031556,0.0,0.03809523809523809,6,pass,9d124ad72c0fe2b841fbfc927ec45c35cb413a6a0e01baada17f1025709d315c,801bd21b3dc8072237ed4eb68fd32a2cb9aff13978dac017718d438289958197,749d39f68d29d796da0060f6c180c3306254979e
max3sat,all_native,equal_compiled_two_qubit_gates,equal_2q_budget_256,256,2Q=256,cold_start,not_applicable,7,7,21,instance,instance_cluster_normal_95,7.9151176448508895,4.469434499386397,11.360800790315382,0.0,0.0,0.0,0.1355891511921173,0.04041573047498909,0.23076257190924554,7.9151176448508895,0.0,0.03809523809523809,6,pass,9d124ad72c0fe2b841fbfc927ec45c35cb413a6a0e01baada17f1025709d315c,801bd21b3dc8072237ed4eb68fd32a2cb9aff13978dac017718d438289958197,749d39f68d29d796da0060f6c180c3306254979e
max3sat,all_native,equal_compiled_two_qubit_gates,equal_2q_budget_256,256,2Q=256,original_variables_only,auxiliary_cold_half,7,7,21,instance,instance_cluster_normal_95,7.050087339324002,3.958073194896186,10.14210148375182,-0.8650303055268872,-2.6348856575396713,0.9048250464858968,0.1683202606839833,0.07136437811299959,0.26527614325496707,7.050087339324002,0.0,0.03809523809523809,6,pass,9d124ad72c0fe2b841fbfc927ec45c35cb413a6a0e01baada17f1025709d315c,801bd21b3dc8072237ed4eb68fd32a2cb9aff13978dac017718d438289958197,749d39f68d29d796da0060f6c180c3306254979e
max3sat,all_native,equal_layer,equal_layer_p1,1,p=1,cold_start,not_applicable,7,7,21,instance,instance_cluster_normal_95,8.12893920258095,4.4142918622730445,11.843586542888856,0.0,0.0,0.0,0.13907263233029815,0.054749475536512326,0.22339578912408398,8.12893920258095,0.0,0.03809523809523809,6,pass,9d124ad72c0fe2b841fbfc927ec45c35cb413a6a0e01baada17f1025709d315c,801bd21b3dc8072237ed4eb68fd32a2cb9aff13978dac017718d438289958197,749d39f68d29d796da0060f6c180c3306254979e
max3sat,all_native,equal_layer,equal_layer_p1,1,p=1,original_variables_only,auxiliary_cold_half,7,7,21,instance,instance_cluster_normal_95,8.423404128618719,5.079398069053614,11.767410188183824,0.2944649260377687,-0.8504712752179466,1.4394011272934841,0.11471114952050408,0.051349622833270464,0.1780726762077377,8.423404128618719,0.0,0.03809523809523809,6,pass,9d124ad72c0fe2b841fbfc927ec45c35cb413a6a0e01baada17f1025709d315c,801bd21b3dc8072237ed4eb68fd32a2cb9aff13978dac017718d438289958197,749d39f68d29d796da0060f6c180c3306254979e
max3sat,all_native,equal_layer,equal_layer_p2,2,p=2,cold_start,not_applicable,7,7,21,instance,instance_cluster_normal_95,7.937628494903246,4.56345968239804,11.311797307408451,0.0,0.0,0.0,0.14482307033289993,0.06558386251107541,0.22406227815472446,7.937628494903246,0.0,0.03809523809523809,6,pass,9d124ad72c0fe2b841fbfc927ec45c35cb413a6a0e01baada17f1025709d315c,801bd21b3dc8072237ed4eb68fd32a2cb9aff13978dac017718d438289958197,749d39f68d29d796da0060f6c180c3306254979e
max3sat,all_native,equal_layer,equal_layer_p2,2,p=2,original_variables_only,auxiliary_cold_half,7,7,21,instance,instance_cluster_normal_95,7.600333794785976,4.178643728039967,11.022023861531984,-0.33729470011727,-0.6308876707943298,-0.04370172944021006,0.16556762361168428,0.08243876460037425,0.24869648262299432,7.600333794785976,0.0,0.03809523809523809,6,pass,9d124ad72c0fe2b841fbfc927ec45c35cb413a6a0e01baada17f1025709d315c,801bd21b3dc8072237ed4eb68fd32a2cb9aff13978dac017718d438289958197,749d39f68d29d796da0060f6c180c3306254979e
max3sat,fully_quadratized,equal_compiled_two_qubit_gates,equal_2q_budget_128,128,2Q=128,cold_start,not_applicable,7,7,21,instance,instance_cluster_normal_95,10.102809618847221,6.606539985076216,13.599079252618226,0.0,0.0,0.0,0.057284294461381655,0.02309438058483876,0.09147420833792455,38.13910628486769,0.8529245160094915,0.03809523809523809,6,pass,9d124ad72c0fe2b841fbfc927ec45c35cb413a6a0e01baada17f1025709d315c,801bd21b3dc8072237ed4eb68fd32a2cb9aff13978dac017718d438289958197,749d39f68d29d796da0060f6c180c3306254979e
max3sat,fully_quadratized,equal_compiled_two_qubit_gates,equal_2q_budget_128,128,2Q=128,original_and_auxiliary_variables,independence_mu_product_ablation,7,7,21,instance,instance_cluster_normal_95,9.164757087109235,5.819897035745237,12.509617138473233,-0.9380525317379872,-1.8896179450749824,0.013512881599007986,0.08834224136883005,0.04416390308512507,0.13252057965253503,30.992714557563524,0.7664774888213802,0.03809523809523809,6,pass,9d124ad72c0fe2b841fbfc927ec45c35cb413a6a0e01baada17f1025709d315c,801bd21b3dc8072237ed4eb68fd32a2cb9aff13978dac017718d438289958197,749d39f68d29d796da0060f6c180c3306254979e
max3sat,fully_quadratized,equal_compiled_two_qubit_gates,equal_2q_budget_128,128,2Q=128,original_and_auxiliary_variables,sa_rlt_level_2_pair_moments,7,7,21,instance,instance_cluster_normal_95,9.197210268503861,6.019489111559481,12.374931425448242,-0.9055993503433626,-1.889303774602763,0.07810507391603783,0.08647932005588051,0.047056127140544746,0.12590251297121627,31.191800569202318,0.7755926940078758,0.03809523809523809,6,pass,9d124ad72c0fe2b841fbfc927ec45c35cb413a6a0e01baada17f1025709d315c,801bd21b3dc8072237ed4eb68fd32a2cb9aff13978dac017718d438289958197,749d39f68d29d796da0060f6c180c3306254979e
max3sat,fully_quadratized,equal_compiled_two_qubit_gates,equal_2q_budget_128,128,2Q=128,original_variables_only,auxiliary_cold_half,7,7,21,instance,instance_cluster_normal_95,9.311891553410666,6.040268449138537,12.583514657682795,-0.7909180654365567,-1.7792384715546796,0.19740234068156604,0.0809444333422642,0.04262258119231214,0.11926628549221627,36.20980294355814,0.8427616536455214,0.03809523809523809,6,pass,9d124ad72c0fe2b841fbfc927ec45c35cb413a6a0e01baada17f1025709d315c,801bd21b3dc8072237ed4eb68fd32a2cb9aff13978dac017718d438289958197,749d39f68d29d796da0060f6c180c3306254979e
max3sat,fully_quadratized,equal_compiled_two_qubit_gates,equal_2q_budget_256,256,2Q=256,cold_start,not_applicable,7,7,21,instance,instance_cluster_normal_95,9.769642459869015,6.372193144933305,13.167091774804724,0.0,0.0,0.0,0.07090697713431608,0.029840164239431435,0.11197379002920073,36.96831549346577,0.8399104469867059,0.03809523809523809,6,pass,9d124ad72c0fe2b841fbfc927ec45c35cb413a6a0e01baada17f1025709d315c,801bd21b3dc8072237ed4eb68fd32a2cb9aff13978dac017718d438289958197,749d39f68d29d796da0060f6c180c3306254979e
max3sat,fully_quadratized,equal_compiled_two_qubit_gates,equal_2q_budget_256,256,2Q=256,original_and_auxiliary_variables,independence_mu_product_ablation,7,7,21,instance,instance_cluster_normal_95,9.341840891275272,5.941685202027266,12.741996580523278,-0.4278015685937424,-1.8420840521701054,0.9864809149826206,0.0877805221904505,0.039793118443142005,0.135767925937759,34.69002268022122,0.8183991417054616,0.03809523809523809,6,pass,9d124ad72c0fe2b841fbfc927ec45c35cb413a6a0e01baada17f1025709d315c,801bd21b3dc8072237ed4eb68fd32a2cb9aff13978dac017718d438289958197,749d39f68d29d796da0060f6c180c3306254979e
max3sat,fully_quadratized,equal_compiled_two_qubit_gates,equal_2q_budget_256,256,2Q=256,original_and_auxiliary_variables,sa_rlt_level_2_pair_moments,7,7,21,instance,instance_cluster_normal_95,9.206291888926609,5.905131970774202,12.507451807079015,-0.5633505709424055,-1.981058254555088,0.854357112670277,0.08855444002934883,0.04116118471155145,0.1359476953471462,32.62883028397594,0.7902612066959102,0.03809523809523809,6,pass,9d124ad72c0fe2b841fbfc927ec45c35cb413a6a0e01baada17f1025709d315c,801bd21b3dc8072237ed4eb68fd32a2cb9aff13978dac017718d438289958197,749d39f68d29d796da0060f6c180c3306254979e
max3sat,fully_quadratized,equal_compiled_two_qubit_gates,equal_2q_budget_256,256,2Q=256,original_variables_only,auxiliary_cold_half,7,7,21,instance,instance_cluster_normal_95,9.268046698148265,6.147759766562132,12.388333629734397,-0.5015957617207489,-1.6449592490244693,0.6417677255829715,0.0858811662223131,0.0420749951428007,0.1296873373018255,36.35031097796137,0.836763021603658,0.03809523809523809,6,pass,9d124ad72c0fe2b841fbfc927ec45c35cb413a6a0e01baada17f1025709d315c,801bd21b3dc8072237ed4eb68fd32a2cb9aff13978dac017718d438289958197,749d39f68d29d796da0060f6c180c3306254979e
max3sat,fully_quadratized,equal_layer,equal_layer_p1,1,p=1,cold_start,not_applicable,7,7,21,instance,instance_cluster_normal_95,9.90296342585385,6.5137575502003,13.2921693015074,0.0,0.0,0.0,0.06446058846407542,0.029693316188255513,0.09922786073989531,36.71546884216969,0.8479205071652034,0.03809523809523809,6,pass,9d124ad72c0fe2b841fbfc927ec45c35cb413a6a0e01baada17f1025709d315c,801bd21b3dc8072237ed4eb68fd32a2cb9aff13978dac017718d438289958197,749d39f68d29d796da0060f6c180c3306254979e
max3sat,fully_quadratized,equal_layer,equal_layer_p1,1,p=1,original_and_auxiliary_variables,independence_mu_product_ablation,7,7,21,instance,instance_cluster_normal_95,9.131844065540298,5.8972541331249895,12.366433997955607,-0.7711193603135511,-1.7171384568834358,0.17489973625633348,0.09042479219784341,0.04743093128465634,0.1334186531110305,34.09610584489626,0.8144282678511905,0.03809523809523809,6,pass,9d124ad72c0fe2b841fbfc927ec45c35cb413a6a0e01baada17f1025709d315c,801bd21b3dc8072237ed4eb68fd32a2cb9aff13978dac017718d438289958197,749d39f68d29d796da0060f6c180c3306254979e
max3sat,fully_quadratized,equal_layer,equal_layer_p1,1,p=1,original_and_auxiliary_variables,sa_rlt_level_2_pair_moments,7,7,21,instance,instance_cluster_normal_95,9.198316648496528,6.09937906855279,12.297254228440266,-0.7046467773573218,-1.6937938413033724,0.2845002865887287,0.08436427072727322,0.04432168977242849,0.12440685168211796,31.89362134283685,0.7765948292506034,0.03809523809523809,6,pass,9d124ad72c0fe2b841fbfc927ec45c35cb413a6a0e01baada17f1025709d315c,801bd21b3dc8072237ed4eb68fd32a2cb9aff13978dac017718d438289958197,749d39f68d29d796da0060f6c180c3306254979e
max3sat,fully_quadratized,equal_layer,equal_layer_p1,1,p=1,original_variables_only,auxiliary_cold_half,7,7,21,instance,instance_cluster_normal_95,9.266989660981933,6.07612996178454,12.457849360179326,-0.6359737648719174,-1.6721913527690058,0.4002438230251709,0.08116974277529455,0.04083338203109452,0.12150610351949459,36.08672905625363,0.8375164089779447,0.03809523809523809,6,pass,9d124ad72c0fe2b841fbfc927ec45c35cb413a6a0e01baada17f1025709d315c,801bd21b3dc8072237ed4eb68fd32a2cb9aff13978dac017718d438289958197,749d39f68d29d796da0060f6c180c3306254979e
max3sat,fully_quadratized,equal_layer,equal_layer_p2,2,p=2,cold_start,not_applicable,7,7,21,instance,instance_cluster_normal_95,10.049785124410631,6.648815113355081,13.450755135466181,0.0,0.0,0.0,0.06388813878921022,0.028944298317785902,0.09883197926063454,38.78245457473258,0.8524494141713594,0.03809523809523809,6,pass,9d124ad72c0fe2b841fbfc927ec45c35cb413a6a0e01baada17f1025709d315c,801bd21b3dc8072237ed4eb68fd32a2cb9aff13978dac017718d438289958197,749d39f68d29d796da0060f6c180c3306254979e
max3sat,fully_quadratized,equal_layer,equal_layer_p2,2,p=2,original_and_auxiliary_variables,independence_mu_product_ablation,7,7,21,instance,instance_cluster_normal_95,9.291811699709998,5.932984605838547,12.650638793581448,-0.757973424700632,-1.3707938757600264,-0.14515297364123758,0.09079047515820189,0.041762695165766583,0.1398182551506372,35.014556179451056,0.8045483935061906,0.03809523809523809,6,pass,9d124ad72c0fe2b841fbfc927ec45c35cb413a6a0e01baada17f1025709d315c,801bd21b3dc8072237ed4eb68fd32a2cb9aff13978dac017718d438289958197,749d39f68d29d796da0060f6c180c3306254979e
max3sat,fully_quadratized,equal_layer,equal_layer_p2,2,p=2,original_and_auxiliary_variables,sa_rlt_level_2_pair_moments,7,7,21,instance,instance_cluster_normal_95,9.0939958113287,5.927228565317277,12.260763057340123,-0.9557893130819304,-1.641915901015642,-0.26966272514821854,0.09389666554363889,0.04778786940805998,0.1400054616792178,32.553666275942525,0.7565435215902879,0.03809523809523809,6,pass,9d124ad72c0fe2b841fbfc927ec45c35cb413a6a0e01baada17f1025709d315c,801bd21b3dc8072237ed4eb68fd32a2cb9aff13978dac017718d438289958197,749d39f68d29d796da0060f6c180c3306254979e
max3sat,fully_quadratized,equal_layer,equal_layer_p2,2,p=2,original_variables_only,auxiliary_cold_half,7,7,21,instance,instance_cluster_normal_95,9.332438137714021,5.896696666130038,12.768179609298006,-0.7173469866966086,-1.6389524158343416,0.20425844244112445,0.08572982698330307,0.04499389810567716,0.12646575586092898,35.83067937399078,0.8216251437886466,0.03809523809523809,6,pass,9d124ad72c0fe2b841fbfc927ec45c35cb413a6a0e01baada17f1025709d315c,801bd21b3dc8072237ed4eb68fd32a2cb9aff13978dac017718d438289958197,749d39f68d29d796da0060f6c180c3306254979e
max3sat,matched_random_selective,equal_compiled_two_qubit_gates,equal_2q_budget_128,128,2Q=128,cold_start,not_applicable,7,35,105,instance,instance_cluster_normal_95,10.243029014725279,6.441744692783395,14.044313336667162,0.0,0.0,0.0,0.06912677844614755,0.024909371039340343,0.11334418585295475,22.10789854481044,0.7718535956509784,0.03809523809523809,6,pass,9d124ad72c0fe2b841fbfc927ec45c35cb413a6a0e01baada17f1025709d315c,801bd21b3dc8072237ed4eb68fd32a2cb9aff13978dac017718d438289958197,749d39f68d29d796da0060f6c180c3306254979e
max3sat,matched_random_selective,equal_compiled_two_qubit_gates,equal_2q_budget_128,128,2Q=128,original_and_auxiliary_variables,independence_mu_product_ablation,7,35,105,instance,instance_cluster_normal_95,9.553707260825943,5.837185572471683,13.270228949180204,-0.6893217538993364,-1.725475087214541,0.3468315794158683,0.07866450841525316,0.03856566013973128,0.11876335669077503,17.682276021898065,0.660231802325041,0.03809523809523809,6,pass,9d124ad72c0fe2b841fbfc927ec45c35cb413a6a0e01baada17f1025709d315c,801bd21b3dc8072237ed4eb68fd32a2cb9aff13978dac017718d438289958197,749d39f68d29d796da0060f6c180c3306254979e
max3sat,matched_random_selective,equal_compiled_two_qubit_gates,equal_2q_budget_128,128,2Q=128,original_and_auxiliary_variables,sa_rlt_level_2_pair_moments,7,35,105,instance,instance_cluster_normal_95,9.613224560521482,5.91471344387061,13.311735677172354,-0.6298044542037989,-1.6923602806873563,0.43275137227975835,0.07862491065929833,0.03729604300417405,0.11995377831442261,19.34321885706178,0.6898712582631784,0.03809523809523809,6,pass,9d124ad72c0fe2b841fbfc927ec45c35cb413a6a0e01baada17f1025709d315c,801bd21b3dc8072237ed4eb68fd32a2cb9aff13978dac017718d438289958197,749d39f68d29d796da0060f6c180c3306254979e
max3sat,matched_random_selective,equal_compiled_two_qubit_gates,equal_2q_budget_128,128,2Q=128,original_variables_only,auxiliary_cold_half,7,35,105,instance,instance_cluster_normal_95,9.606220200035356,5.900890980856375,13.311549419214337,-0.6368088146899232,-1.6939728019214813,0.4203551725416347,0.08269631365530758,0.038054046088304476,0.12733858122231068,21.598570412704966,0.7737877579176441,0.03809523809523809,6,pass,9d124ad72c0fe2b841fbfc927ec45c35cb413a6a0e01baada17f1025709d315c,801bd21b3dc8072237ed4eb68fd32a2cb9aff13978dac017718d438289958197,749d39f68d29d796da0060f6c180c3306254979e
max3sat,matched_random_selective,equal_compiled_two_qubit_gates,equal_2q_budget_256,256,2Q=256,cold_start,not_applicable,7,35,105,instance,instance_cluster_normal_95,9.431401547969974,5.797213183243958,13.065589912695991,0.0,0.0,0.0,0.08516077374741163,0.036248323343526,0.13407322415129724,20.592275201704716,0.7332322338533392,0.03809523809523809,6,pass,9d124ad72c0fe2b841fbfc927ec45c35cb413a6a0e01baada17f1025709d315c,801bd21b3dc8072237ed4eb68fd32a2cb9aff13978dac017718d438289958197,749d39f68d29d796da0060f6c180c3306254979e
max3sat,matched_random_selective,equal_compiled_two_qubit_gates,equal_2q_budget_256,256,2Q=256,original_and_auxiliary_variables,independence_mu_product_ablation,7,35,105,instance,instance_cluster_normal_95,8.623979528099863,5.329053064177358,11.918905992022367,-0.8074220198701129,-1.8115538382606378,0.19670979852041193,0.11070423319931108,0.055651636218779485,0.16575683017984266,17.71508949685262,0.685371409698151,0.03809523809523809,6,pass,9d124ad72c0fe2b841fbfc927ec45c35cb413a6a0e01baada17f1025709d315c,801bd21b3dc8072237ed4eb68fd32a2cb9aff13978dac017718d438289958197,749d39f68d29d796da0060f6c180c3306254979e
max3sat,matched_random_selective,equal_compiled_two_qubit_gates,equal_2q_budget_256,256,2Q=256,original_and_auxiliary_variables,sa_rlt_level_2_pair_moments,7,35,105,instance,instance_cluster_normal_95,8.615384548767262,5.391584521732479,11.839184575802044,-0.8160169992027131,-1.9415884188148878,0.3095544204094616,0.10414367592465236,0.052850562078294784,0.15543678977100994,17.830527235237962,0.6706528857657948,0.03809523809523809,6,pass,9d124ad72c0fe2b841fbfc927ec45c35cb413a6a0e01baada17f1025709d315c,801bd21b3dc8072237ed4eb68fd32a2cb9aff13978dac017718d438289958197,749d39f68d29d796da0060f6c180c3306254979e
max3sat,matched_random_selective,equal_compiled_two_qubit_gates,equal_2q_budget_256,256,2Q=256,original_variables_only,auxiliary_cold_half,7,35,105,instance,instance_cluster_normal_95,8.76953466085808,5.544385655541671,11.994683666174488,-0.6618668871118955,-1.6908607074495343,0.3671269332257435,0.0991992677353828,0.049106668703583746,0.14929186676718187,19.7808503619383,0.7476048363415343,0.03809523809523809,6,pass,9d124ad72c0fe2b841fbfc927ec45c35cb413a6a0e01baada17f1025709d315c,801bd21b3dc8072237ed4eb68fd32a2cb9aff13978dac017718d438289958197,749d39f68d29d796da0060f6c180c3306254979e
max3sat,matched_random_selective,equal_layer,equal_layer_p1,1,p=1,cold_start,not_applicable,7,35,105,instance,instance_cluster_normal_95,9.518910809786634,6.170700283937716,12.867121335635552,0.0,0.0,0.0,0.0771641415846207,0.0333348181128333,0.12099346505640811,20.082563919998336,0.7379134637301831,0.03809523809523809,6,pass,9d124ad72c0fe2b841fbfc927ec45c35cb413a6a0e01baada17f1025709d315c,801bd21b3dc8072237ed4eb68fd32a2cb9aff13978dac017718d438289958197,749d39f68d29d796da0060f6c180c3306254979e
max3sat,matched_random_selective,equal_layer,equal_layer_p1,1,p=1,original_and_auxiliary_variables,independence_mu_product_ablation,7,35,105,instance,instance_cluster_normal_95,8.640464650674925,5.351509504688063,11.929419796661787,-0.8784461591117109,-2.0605265867699876,0.3036342685465657,0.10731948877713834,0.05089027068412849,0.1637487068701482,17.1170720904137,0.6606930040872339,0.03809523809523809,6,pass,9d124ad72c0fe2b841fbfc927ec45c35cb413a6a0e01baada17f1025709d315c,801bd21b3dc8072237ed4eb68fd32a2cb9aff13978dac017718d438289958197,749d39f68d29d796da0060f6c180c3306254979e
max3sat,matched_random_selective,equal_layer,equal_layer_p1,1,p=1,original_and_auxiliary_variables,sa_rlt_level_2_pair_moments,7,35,105,instance,instance_cluster_normal_95,8.76318721800383,5.395218130245166,12.131156305762495,-0.7557235917828045,-1.8561186158101237,0.3446714322445148,0.10987774453536005,0.0537320988429807,0.1660233902277394,17.790523627687385,0.6625685570796573,0.03809523809523809,6,pass,9d124ad72c0fe2b841fbfc927ec45c35cb413a6a0e01baada17f1025709d315c,801bd21b3dc8072237ed4eb68fd32a2cb9aff13978dac017718d438289958197,749d39f68d29d796da0060f6c180c3306254979e
max3sat,matched_random_selective,equal_layer,equal_layer_p1,1,p=1,original_variables_only,auxiliary_cold_half,7,35,105,instance,instance_cluster_normal_95,8.885326699171257,5.569009989080449,12.201643409262065,-0.6335841106153772,-1.6486930648233766,0.3815248435926222,0.1010493542931995,0.047635387486774795,0.1544633210996242,19.853652793517853,0.7477141215952061,0.03809523809523809,6,pass,9d124ad72c0fe2b841fbfc927ec45c35cb413a6a0e01baada17f1025709d315c,801bd21b3dc8072237ed4eb68fd32a2cb9aff13978dac017718d438289958197,749d39f68d29d796da0060f6c180c3306254979e
max3sat,matched_random_selective,equal_layer,equal_layer_p2,2,p=2,cold_start,not_applicable,7,35,105,instance,instance_cluster_normal_95,9.129689169994624,5.647842969842378,12.61153537014687,0.0,0.0,0.0,0.0961572063639754,0.03923433382605048,0.1530800789019003,19.958016208315723,0.7222064423181938,0.03809523809523809,6,pass,9d124ad72c0fe2b841fbfc927ec45c35cb413a6a0e01baada17f1025709d315c,801bd21b3dc8072237ed4eb68fd32a2cb9aff13978dac017718d438289958197,749d39f68d29d796da0060f6c180c3306254979e
max3sat,matched_random_selective,equal_layer,equal_layer_p2,2,p=2,original_and_auxiliary_variables,independence_mu_product_ablation,7,35,105,instance,instance_cluster_normal_95,8.568769173768752,5.382122194100012,11.75541615343749,-0.560919996225873,-1.440511826837251,0.31867183438550517,0.1056937716588401,0.05014258748948006,0.16124495582820014,18.406851510299468,0.70235675875165,0.03809523809523809,6,pass,9d124ad72c0fe2b841fbfc927ec45c35cb413a6a0e01baada17f1025709d315c,801bd21b3dc8072237ed4eb68fd32a2cb9aff13978dac017718d438289958197,749d39f68d29d796da0060f6c180c3306254979e
max3sat,matched_random_selective,equal_layer,equal_layer_p2,2,p=2,original_and_auxiliary_variables,sa_rlt_level_2_pair_moments,7,35,105,instance,instance_cluster_normal_95,8.709203294305292,5.415657601697477,12.002748986913106,-0.42048587568933193,-1.3234064273930195,0.48243467601435563,0.10574454545529667,0.04708708880207342,0.1644020021085199,18.21835338030808,0.6832234267624878,0.03809523809523809,6,pass,9d124ad72c0fe2b841fbfc927ec45c35cb413a6a0e01baada17f1025709d315c,801bd21b3dc8072237ed4eb68fd32a2cb9aff13978dac017718d438289958197,749d39f68d29d796da0060f6c180c3306254979e
max3sat,matched_random_selective,equal_layer,equal_layer_p2,2,p=2,original_variables_only,auxiliary_cold_half,7,35,105,instance,instance_cluster_normal_95,8.868659651212512,5.733354098212478,12.003965204212546,-0.2610295187821127,-1.059924451803828,0.5378654142396024,0.09163966294096992,0.04318852417760116,0.14009080170433869,19.936805737534378,0.7474604119775735,0.03809523809523809,6,pass,9d124ad72c0fe2b841fbfc927ec45c35cb413a6a0e01baada17f1025709d315c,801bd21b3dc8072237ed4eb68fd32a2cb9aff13978dac017718d438289958197,749d39f68d29d796da0060f6c180c3306254979e
max3sat,selective,equal_compiled_two_qubit_gates,equal_2q_budget_128,128,2Q=128,cold_start,not_applicable,7,7,21,instance,instance_cluster_normal_95,9.89810609466944,6.327858097035682,13.4683540923032,0.0,0.0,0.0,0.0771907700709618,0.027275120901522745,0.12710641924040084,27.287688802439117,0.765398936785265,0.03809523809523809,6,pass,9d124ad72c0fe2b841fbfc927ec45c35cb413a6a0e01baada17f1025709d315c,801bd21b3dc8072237ed4eb68fd32a2cb9aff13978dac017718d438289958197,749d39f68d29d796da0060f6c180c3306254979e
max3sat,selective,equal_compiled_two_qubit_gates,equal_2q_budget_128,128,2Q=128,original_and_auxiliary_variables,independence_mu_product_ablation,7,7,21,instance,instance_cluster_normal_95,9.207738788309912,5.7375494516236625,12.677928124996162,-0.6903673063595258,-1.7384394533169392,0.35770484059788743,0.09737635481084075,0.04998862331133813,0.14476408631034338,21.78636736461007,0.6613876344257656,0.03809523809523809,6,pass,9d124ad72c0fe2b841fbfc927ec45c35cb413a6a0e01baada17f1025709d315c,801bd21b3dc8072237ed4eb68fd32a2cb9aff13978dac017718d438289958197,749d39f68d29d796da0060f6c180c3306254979e
max3sat,selective,equal_compiled_two_qubit_gates,equal_2q_budget_128,128,2Q=128,original_and_auxiliary_variables,sa_rlt_level_2_pair_moments,7,7,21,instance,instance_cluster_normal_95,8.863203034559891,5.504628353332777,12.221777715787006,-1.0349030601095477,-1.9757129381285974,-0.094093182090498,0.10686989401833036,0.04913438281807385,0.16460540521858685,20.307700823943538,0.5954707923522072,0.03809523809523809,6,pass,9d124ad72c0fe2b841fbfc927ec45c35cb413a6a0e01baada17f1025709d315c,801bd21b3dc8072237ed4eb68fd32a2cb9aff13978dac017718d438289958197,749d39f68d29d796da0060f6c180c3306254979e
max3sat,selective,equal_compiled_two_qubit_gates,equal_2q_budget_128,128,2Q=128,original_variables_only,auxiliary_cold_half,7,7,21,instance,instance_cluster_normal_95,9.185666536093157,5.584912949481232,12.786420122705081,-0.7124395585762809,-1.7494387474604403,0.3245596303078785,0.09514167247965104,0.045081680063517295,0.1452016648957848,25.88284738270972,0.7253885560249919,0.03809523809523809,6,pass,9d124ad72c0fe2b841fbfc927ec45c35cb413a6a0e01baada17f1025709d315c,801bd21b3dc8072237ed4eb68fd32a2cb9aff13978dac017718d438289958197,749d39f68d29d796da0060f6c180c3306254979e
max3sat,selective,equal_compiled_two_qubit_gates,equal_2q_budget_256,256,2Q=256,cold_start,not_applicable,7,7,21,instance,instance_cluster_normal_95,9.425789428601542,5.863962312887274,12.98761654431581,0.0,0.0,0.0,0.08729027846287805,0.0384897535991344,0.1360908033266217,26.211275428845585,0.743924765825288,0.03809523809523809,6,pass,9d124ad72c0fe2b841fbfc927ec45c35cb413a6a0e01baada17f1025709d315c,801bd21b3dc8072237ed4eb68fd32a2cb9aff13978dac017718d438289958197,749d39f68d29d796da0060f6c180c3306254979e
max3sat,selective,equal_compiled_two_qubit_gates,equal_2q_budget_256,256,2Q=256,original_and_auxiliary_variables,independence_mu_product_ablation,7,7,21,instance,instance_cluster_normal_95,9.018959314996309,5.340970809712492,12.696947820280126,-0.4068301136052326,-1.6635398651456204,0.8498796379351552,0.10757923573237015,0.051309948838676615,0.16384852262606367,23.90312868257597,0.7445033398742364,0.03809523809523809,6,pass,9d124ad72c0fe2b841fbfc927ec45c35cb413a6a0e01baada17f1025709d315c,801bd21b3dc8072237ed4eb68fd32a2cb9aff13978dac017718d438289958197,749d39f68d29d796da0060f6c180c3306254979e
max3sat,selective,equal_compiled_two_qubit_gates,equal_2q_budget_256,256,2Q=256,original_and_auxiliary_variables,sa_rlt_level_2_pair_moments,7,7,21,instance,instance_cluster_normal_95,9.08897814851397,5.740584244827249,12.43737205220069,-0.3368112800875703,-1.588875495801498,0.9152529356263575,0.08816214407855676,0.045043725024398365,0.13128056313271513,22.638437728221167,0.7131652981722159,0.03809523809523809,6,pass,9d124ad72c0fe2b841fbfc927ec45c35cb413a6a0e01baada17f1025709d315c,801bd21b3dc8072237ed4eb68fd32a2cb9aff13978dac017718d438289958197,749d39f68d29d796da0060f6c180c3306254979e
max3sat,selective,equal_compiled_two_qubit_gates,equal_2q_budget_256,256,2Q=256,original_variables_only,auxiliary_cold_half,7,7,21,instance,instance_cluster_normal_95,9.26518700852182,5.77660205602392,12.753771961019721,-0.16060242007972075,-1.4275029009999403,1.1062980608404989,0.0835050799393645,0.044002223317332397,0.12300793656139661,26.470768121834478,0.7842646335326051,0.03809523809523809,6,pass,9d124ad72c0fe2b841fbfc927ec45c35cb413a6a0e01baada17f1025709d315c,801bd21b3dc8072237ed4eb68fd32a2cb9aff13978dac017718d438289958197,749d39f68d29d796da0060f6c180c3306254979e
max3sat,selective,equal_layer,equal_layer_p1,1,p=1,cold_start,not_applicable,7,7,21,instance,instance_cluster_normal_95,10.027649459959239,6.339764068525854,13.715534851392624,0.0,0.0,0.0,0.08132894513296984,0.03199018666446105,0.13066770360147864,27.310711388531256,0.768802447690835,0.03809523809523809,6,pass,9d124ad72c0fe2b841fbfc927ec45c35cb413a6a0e01baada17f1025709d315c,801bd21b3dc8072237ed4eb68fd32a2cb9aff13978dac017718d438289958197,749d39f68d29d796da0060f6c180c3306254979e
max3sat,selective,equal_layer,equal_layer_p1,1,p=1,original_and_auxiliary_variables,independence_mu_product_ablation,7,7,21,instance,instance_cluster_normal_95,9.126523180242579,5.93112911151648,12.321917248968678,-0.9011262797166596,-1.9613645434716909,0.15911198403837157,0.09182837918334916,0.04435262291963885,0.13930413544705947,21.809046322458904,0.664464815887784,0.03809523809523809,6,pass,9d124ad72c0fe2b841fbfc927ec45c35cb413a6a0e01baada17f1025709d315c,801bd21b3dc8072237ed4eb68fd32a2cb9aff13978dac017718d438289958197,749d39f68d29d796da0060f6c180c3306254979e
max3sat,selective,equal_layer,equal_layer_p1,1,p=1,original_and_auxiliary_variables,sa_rlt_level_2_pair_moments,7,7,21,instance,instance_cluster_normal_95,8.903603908863174,5.947708855402309,11.859498962324038,-1.1240455510960659,-2.239404968619774,-0.00868613357235759,0.09558872244637229,0.049333957000276825,0.14184348789246776,21.157512743659193,0.6686815154114597,0.03809523809523809,6,pass,9d124ad72c0fe2b841fbfc927ec45c35cb413a6a0e01baada17f1025709d315c,801bd21b3dc8072237ed4eb68fd32a2cb9aff13978dac017718d438289958197,749d39f68d29d796da0060f6c180c3306254979e
max3sat,selective,equal_layer,equal_layer_p1,1,p=1,original_variables_only,auxiliary_cold_half,7,7,21,instance,instance_cluster_normal_95,9.117494626855027,6.010390378163359,12.224598875546695,-0.9101548331042114,-1.9702331074755581,0.1499234412671352,0.08833625981838104,0.04560638086240241,0.1310661387743597,26.13971486667569,0.763902729809957,0.03809523809523809,6,pass,9d124ad72c0fe2b841fbfc927ec45c35cb413a6a0e01baada17f1025709d315c,801bd21b3dc8072237ed4eb68fd32a2cb9aff13978dac017718d438289958197,749d39f68d29d796da0060f6c180c3306254979e
max3sat,selective,equal_layer,equal_layer_p2,2,p=2,cold_start,not_applicable,7,7,21,instance,instance_cluster_normal_95,9.872637010173985,6.306515642873903,13.438758377474068,0.0,0.0,0.0,0.06969723547002586,0.030385081848887573,0.10900938909116414,27.251582105786564,0.78261564481659,0.03809523809523809,6,pass,9d124ad72c0fe2b841fbfc927ec45c35cb413a6a0e01baada17f1025709d315c,801bd21b3dc8072237ed4eb68fd32a2cb9aff13978dac017718d438289958197,749d39f68d29d796da0060f6c180c3306254979e
max3sat,selective,equal_layer,equal_layer_p2,2,p=2,original_and_auxiliary_variables,independence_mu_product_ablation,7,7,21,instance,instance_cluster_normal_95,8.746404320401908,5.10710815392321,12.385700486880605,-1.1262326897720767,-2.1266112529473715,-0.12585412659678186,0.09623263023311276,0.04625069088161686,0.14621456958460866,23.06758126199485,0.6952683665946199,0.03809523809523809,6,pass,9d124ad72c0fe2b841fbfc927ec45c35cb413a6a0e01baada17f1025709d315c,801bd21b3dc8072237ed4eb68fd32a2cb9aff13978dac017718d438289958197,749d39f68d29d796da0060f6c180c3306254979e
max3sat,selective,equal_layer,equal_layer_p2,2,p=2,original_and_auxiliary_variables,sa_rlt_level_2_pair_moments,7,7,21,instance,instance_cluster_normal_95,8.801797101038206,5.218042308673027,12.385551893403385,-1.0708399091357788,-2.0035662403543406,-0.1381135779172169,0.09732139996870963,0.045723546301839633,0.14891925363557962,21.583840336301638,0.6372410651129145,0.03809523809523809,6,pass,9d124ad72c0fe2b841fbfc927ec45c35cb413a6a0e01baada17f1025709d315c,801bd21b3dc8072237ed4eb68fd32a2cb9aff13978dac017718d438289958197,749d39f68d29d796da0060f6c180c3306254979e
max3sat,selective,equal_layer,equal_layer_p2,2,p=2,original_variables_only,auxiliary_cold_half,7,7,21,instance,instance_cluster_normal_95,9.017678537144516,5.392292906557829,12.643064167731202,-0.8549584730294687,-1.8592826752081213,0.14936572914918378,0.0897908769583013,0.04774864117861201,0.1318331127379906,25.435516339568288,0.725279749244068,0.03809523809523809,6,pass,9d124ad72c0fe2b841fbfc927ec45c35cb413a6a0e01baada17f1025709d315c,801bd21b3dc8072237ed4eb68fd32a2cb9aff13978dac017718d438289958197,749d39f68d29d796da0060f6c180c3306254979e
