instance_id,family,n_aux,n_qubits,compiled_2q_gates_by_seed_json,compiled_2q_gates_per_layer,budget_keys_json,config_hash,code_commit
inst_501f35a009a21e9de0aa7d7e1152c81055124638309d34e6deea1da6e535c2cd,cubic_spin_glass,2,12,"[153,156,154,154,146]",154,"[""equal_layer_p1"",""equal_layer_p2""]",dcae3585519be308040729bc8a4548c06f46493af50e454b389165349380c632,5bdec984a409335ca07aa5bec867f3c5fee9cf14
inst_e0163519284b54b5ea0e26c30d2408f3a25eb7580d9ac53d9b4943d02c2b0176,cubic_spin_glass,5,11,"[162,151,164,161,174]",162,"[""equal_layer_p1"",""equal_layer_p2""]",dcae3585519be308040729bc8a4548c06f46493af50e454b389165349380c632,5bdec984a409335ca07aa5bec867f3c5fee9cf14
inst_d796bb2832a607ab9991e780ba6ba381959a114de52b1fc6e98f6f0c5ae5ed90,cubic_spin_glass,4,12,"[227,231,246,234,232]",232,"[""equal_layer_p1"",""equal_layer_p2""]",dcae3585519be308040729bc8a4548c06f46493af50e454b389165349380c632,5bdec984a409335ca07aa5bec867f3c5fee9cf14
inst_8024dbda0f7de5189254ad4ee6feb8e22263710e6c27cea27e3a1f561e3dbd08,cubic_spin_glass,4,10,"[158,155,154,144,161]",155,"[""equal_layer_p1"",""equal_layer_p2""]",dcae3585519be308040729bc8a4548c06f46493af50e454b389165349380c632,5bdec984a409335ca07aa5bec867f3c5fee9cf14
inst_6b00aee9203529edaca1fc5300e52279f8da9b67def8ab94e986d728ce8d9340,cubic_spin_glass,4,10,"[160,165,158,160,157]",160,"[""equal_layer_p1"",""equal_layer_p2""]",dcae3585519be308040729bc8a4548c06f46493af50e454b389165349380c632,5bdec984a409335ca07aa5bec867f3c5fee9cf14
inst_3141412d947d22c843612dbff6441869a4d5ca25f958eaa4f28e48162ee11b82,cubic_spin_glass,4,10,"[143,149,142,142,134]",142,"[""equal_layer_p1"",""equal_layer_p2""]",dcae3585519be308040729bc8a4548c06f46493af50e454b389165349380c632,5bdec984a409335ca07aa5bec867f3c5fee9cf14
inst_616468a632899d8b508be320cd7145d18205825cf6b865b159f24a2b19562761,cubic_spin_glass,3,9,"[136,147,130,129,139]",136,"[""equal_layer_p1"",""equal_layer_p2""]",dcae3585519be308040729bc8a4548c06f46493af50e454b389165349380c632,5bdec984a409335ca07aa5bec867f3c5fee9cf14
inst_fb350fa93d05cfd38db8aaef33b2ff0edf017843a78a0e77f092cdb6f0698dd6,cubic_spin_glass,4,12,"[252,258,251,248,251]",251,"[""equal_layer_p1"",""equal_layer_p2""]",dcae3585519be308040729bc8a4548c06f46493af50e454b389165349380c632,5bdec984a409335ca07aa5bec867f3c5fee9cf14
inst_cff8c30e2d12596a19257084e321bb4e69e780eb53a95b806d8f137418ab50d2,cubic_spin_glass,3,9,"[147,146,144,144,152]",146,"[""equal_layer_p1"",""equal_layer_p2""]",dcae3585519be308040729bc8a4548c06f46493af50e454b389165349380c632,5bdec984a409335ca07aa5bec867f3c5fee9cf14
inst_d4a54dd8f66e823e4d6115b31c2e296559fd6c96909c930e313836d3ceddc069,cubic_spin_glass,3,9,"[144,138,146,143,134]",143,"[""equal_layer_p1"",""equal_layer_p2""]",dcae3585519be308040729bc8a4548c06f46493af50e454b389165349380c632,5bdec984a409335ca07aa5bec867f3c5fee9cf14
inst_8acf65dfb511f5444497a545c9348ab5adac61686a32dab8c251d6e5405111a9,max3sat,2,8,"[70,73,76,76,74]",74,"[""equal_layer_p1"",""equal_layer_p2""]",dcae3585519be308040729bc8a4548c06f46493af50e454b389165349380c632,5bdec984a409335ca07aa5bec867f3c5fee9cf14
inst_b6c93c61521e3b818e2440385fb9ff0ec367d5f95a6b4f7863bfc19009993b55,max3sat,2,8,"[71,69,72,65,74]",71,"[""equal_layer_p1"",""equal_layer_p2""]",dcae3585519be308040729bc8a4548c06f46493af50e454b389165349380c632,5bdec984a409335ca07aa5bec867f3c5fee9cf14
inst_593a21f72b8e100b60bf79b641ae4f3f62bf27b70eb08a33f1c94324792511b4,max3sat,2,8,"[77,76,68,74,80]",76,"[""equal_layer_p1"",""equal_layer_p2""]",dcae3585519be308040729bc8a4548c06f46493af50e454b389165349380c632,5bdec984a409335ca07aa5bec867f3c5fee9cf14
inst_d10e11744e2d6bad1918eb58837094d1da1d91a0775397638caa4de5e9a910fa,max3sat,5,11,"[130,127,125,136,134]",130,"[""equal_layer_p1"",""equal_layer_p2""]",dcae3585519be308040729bc8a4548c06f46493af50e454b389165349380c632,5bdec984a409335ca07aa5bec867f3c5fee9cf14
inst_09b04378fd1f954d1a3a41fa4c4a0672a522b3d80106e8f28c29c11dd168a7ea,max3sat,2,8,"[84,78,78,78,80]",78,"[""equal_layer_p1"",""equal_layer_p2""]",dcae3585519be308040729bc8a4548c06f46493af50e454b389165349380c632,5bdec984a409335ca07aa5bec867f3c5fee9cf14
inst_2c11f98dfea563452f07aed719cbda462d133ce8bd4d570a956d688a0f9e573f,max3sat,2,8,"[56,57,60,56,57]",57,"[""equal_layer_p1"",""equal_layer_p2""]",dcae3585519be308040729bc8a4548c06f46493af50e454b389165349380c632,5bdec984a409335ca07aa5bec867f3c5fee9cf14
inst_dade5f06117c7ef9d512bc165eb923de7713f3a87f46a09141233877357c7036,max3sat,2,8,"[58,59,61,62,56]",59,"[""equal_layer_p1"",""equal_layer_p2""]",dcae3585519be308040729bc8a4548c06f46493af50e454b389165349380c632,5bdec984a409335ca07aa5bec867f3c5fee9cf14
inst_cf6a13fc33a58e4dfa7db61fc696bde98308e75bdb73e77b23b9245747dbd509,max3sat,1,7,"[51,54,48,48,48]",48,"[""equal_layer_p1"",""equal_layer_p2""]",dcae3585519be308040729bc8a4548c06f46493af50e454b389165349380c632,5bdec984a409335ca07aa5bec867f3c5fee9cf14
inst_f29cc504b69059d374701f2608fa0aec64603ad2b938f87b398cbeadaf67b101,max3sat,2,10,"[101,98,98,100,107]",100,"[""equal_layer_p1"",""equal_layer_p2""]",dcae3585519be308040729bc8a4548c06f46493af50e454b389165349380c632,5bdec984a409335ca07aa5bec867f3c5fee9cf14
inst_5d5efb4e91f9e1aae427cfd18083652fa65a57c8700b72a4a842aef966cb5fe8,max3sat,4,10,"[122,121,121,112,119]",121,"[""equal_layer_p1"",""equal_layer_p2""]",dcae3585519be308040729bc8a4548c06f46493af50e454b389165349380c632,5bdec984a409335ca07aa5bec867f3c5fee9cf14
