relative_path,sha256,size_bytes
configs/environment_snapshot_v1.txt,c2591f9abdc2a2bdc09b17d140b41dff3bc1fd22d4bcaca234a5067b268b097f,753
configs/experiment_config_v2.yaml,9d124ad72c0fe2b841fbfc927ec45c35cb413a6a0e01baada17f1025709d315c,14123
configs/four_part_addendum_v1.json,dcae3585519be308040729bc8a4548c06f46493af50e454b389165349380c632,4944
data/canonical/inst_04204c7d862dcfca8e427f256f533fe1306d04cc8891110f908ad2c268e28c47.json,4bd56c3b45e42b613c0f4dc336e69ecaedf4f42784b30ae5dc875057da6787dc,2081
data/canonical/inst_26a052729d9fe21627fd092781c37a97ef6dd9c8af4c37f19bcf581ae13425de.json,45d779634b56601e11cd7de9bd38dc2fec9e6073bc619964401cdc3ec74551a8,2762
data/canonical/inst_6386a5a1674291c3376f16cf10c8a127d668fed887d3581704ddfab01214aa0f.json,6d6a2a5f9c4cccb91f066c025157f9f909b1650c67d02b8cf06d33c6217bac03,2826
data/canonical/inst_68182ec61906beaeaf985399446793651206286ca861e2884f2f8538db8f65f6.json,1dfad6827a92b90d6ddb4a37676604d6b519a1020d3e971a411fa6b482db9567,1874
data/canonical/inst_6d175f46adaeddca794682ee19d5e6aeba5357c0cdcd37b731fcaa351e5b2594.json,715e1cd7356d7b56e05c28f417bab2f89f421a6ae062baa4e860dd3f556010af,3500
data/canonical/inst_6e1b06d7ea43e3f3ea56b4d65c888b171b0b8e082d901f1993a38fcee8467025.json,ba982d92781770a7bfcf44ae19a370702e7eb2d8327ab1d6fd142e96403f7102,3559
data/canonical/inst_76b4fceaa4971ac39515576d3b4ae8be7e9cc630ca02f37f35038b1a211ddd14.json,4ba0bb084cfd8a7754ad888e8a8dadd5125ca7c1974d88c1bf528ffffaf564a6,1996
data/canonical/inst_acbf81eed080cb0966307b9d199008aead5fdef8c6ff8f37b637df67070c0e62.json,25803008fbaf5678b79de9fd308a369b7b390c9e3a4f7d8c3cebdcc17185c838,2825
data/canonical/inst_afdec9931581f1401d0b64eac7696464cbd188be6cf8c292ebc7f1d853f0ce57.json,2eeab13af26ac8442ff813e5ab1affba32b6b40938149ca6b21c17e1fc53438d,3901
data/canonical/inst_b1f9b7e0ac3bdb4a518d06f4c72df0221c8ecb3cd602913bd3240c52f03270bb.json,7201bad90623f03ce4f454361dbd36a2e542f5bc1bc67c1c18373c111750d9f5,3616
data/canonical/inst_b743f95ddc47da1f2a603f93425eed7e366f1373e13f44ce77e30625e2bb6c2c.json,7035742235678d0747762791e7b1a5b954ac77730c55a570ceb8c76d8b3adb40,2423
data/canonical/inst_e1fa5b3aa2be02b5f5b3e078e3459f57bd0d07fe0a7733dd746858e865cbb7da.json,b79493c5d7c0b3c8d40a1d287024c9c704c17bb24ac0d8a8642da490987ab54f,3403
data/canonical/inst_f464a6017aeb643faf87ab97342075e0e3183e3dbc6b4c602ebe7274fdf6ba78.json,21022c68172d384d5b3f7f18741519e7b3b83f0a3633c491d204ed25fe104cca,1921
data/canonical/inst_fb5096b47436e44ba8bef4d03307537a82350020c40b1ec2439a544f1ab23349.json,bace5a5625777e23abdec23af94d6a4b9c72bf64eb5502c32e3fc76713adf438,2690
data/manifests/qaoa_v1.csv,801bd21b3dc8072237ed4eb68fd32a2cb9aff13978dac017718d438289958197,48309
data/raw/cubic_spin_glass/inst_04204c7d862dcfca8e427f256f533fe1306d04cc8891110f908ad2c268e28c47.json,391a08fa2e29f77667f6ece68c60ab1b55dc3610727892f8ccc5e00b697a27ef,1654
data/raw/cubic_spin_glass/inst_26a052729d9fe21627fd092781c37a97ef6dd9c8af4c37f19bcf581ae13425de.json,5e958a8daad1527a679fc56d50125f69b8181d95099842c3bc7a801a88388c80,2343
data/raw/cubic_spin_glass/inst_68182ec61906beaeaf985399446793651206286ca861e2884f2f8538db8f65f6.json,69698f6ef2048846b91b4146986c1e20fd729dbba0b3d7858e6b68dffb3cfbed,1655
data/raw/cubic_spin_glass/inst_afdec9931581f1401d0b64eac7696464cbd188be6cf8c292ebc7f1d853f0ce57.json,5d502d5296ffdce4fe581800cccec52c06b18257d03c2badd7958dc5d1639b1e,2965
data/raw/cubic_spin_glass/inst_b1f9b7e0ac3bdb4a518d06f4c72df0221c8ecb3cd602913bd3240c52f03270bb.json,0fcb9599ef2026dbcfb2c8d72eccc6f1cd219314b9f58292ed6fb981a623d2a4,3255
data/raw/cubic_spin_glass/inst_f464a6017aeb643faf87ab97342075e0e3183e3dbc6b4c602ebe7274fdf6ba78.json,1a05d895cb77c88be13dbe4c1e1f2e35ab6635bc323d1ac9d7bb78416e0df234,1656
data/raw/cubic_spin_glass/inst_fb5096b47436e44ba8bef4d03307537a82350020c40b1ec2439a544f1ab23349.json,69d8ab5fb6cdaf88df6a6ade4c5abdb6d9961c1be05d264d1784c82ef3fc51f0,2003
data/raw/max3sat/inst_6386a5a1674291c3376f16cf10c8a127d668fed887d3581704ddfab01214aa0f.json,d9b9b968d2064069ae14b5535e309ffd76a632b740117616f6eaa61ccec8f354,3202
data/raw/max3sat/inst_6d175f46adaeddca794682ee19d5e6aeba5357c0cdcd37b731fcaa351e5b2594.json,e99a095fd599a5f00e20a9040efea4599dd38bd19e4364208023c744fb65bbcf,6263
data/raw/max3sat/inst_6e1b06d7ea43e3f3ea56b4d65c888b171b0b8e082d901f1993a38fcee8467025.json,cb6da7bb7e42c1bc90be908a3353c48532b78bd16e0ab468c7caf62916c8390c,4840
data/raw/max3sat/inst_76b4fceaa4971ac39515576d3b4ae8be7e9cc630ca02f37f35038b1a211ddd14.json,c40c3e7900711d0b3401f9d6de0c9fcee3c3df2b5f99d107b8c8f120129136f5,2310
data/raw/max3sat/inst_acbf81eed080cb0966307b9d199008aead5fdef8c6ff8f37b637df67070c0e62.json,7222d25bf63ae6fcd2aa598a15fec896b98df886c57293ee5216027eb077f331,3519
data/raw/max3sat/inst_b743f95ddc47da1f2a603f93425eed7e366f1373e13f44ce77e30625e2bb6c2c.json,31c3960a5459e612134b496c05b8dfefa25b8713c30658e51dd813695491a3b3,2750
data/raw/max3sat/inst_e1fa5b3aa2be02b5f5b3e078e3459f57bd0d07fe0a7733dd746858e865cbb7da.json,c7608b78fa4916472504d6b33ce34417e50de4fb25187f49ca9378b71e41989e,4843
fibre_e1_e6_v2/frozen_selector_v2/qaoa_representation_designs_v2.json,1d3581ba1d0c082cf269ec904cb9daed6f1d44fbc14b965f511ff216b1624694,462312
fibre_e1_e6_v2/results/e3_budget_plan.csv,cf35a26ee2f3ef5ae8a8b50c753634ead209c69373f5d8532ded59e542d4cd63,40491
fibre_e1_e6_v2/results/e4_marginal_diagnostics.csv,50b52a97939f9cfa28e6f477aa84e78e0e498d1ca3cd158be8b5ba2ffc30020e,156131
fibre_e1_e6_v2/results/e4_warmstart_runs.csv,02505fb7952c35d924c5318561fb05b1f8662790a202b8d7ed29aee36756b8a5,4603437
four_part_addendum_v1/strong_bias/selected_instances/canonical/inst_09b04378fd1f954d1a3a41fa4c4a0672a522b3d80106e8f28c29c11dd168a7ea.json,2423060d68b8406d433459e5af38026fd24ff61ee38d6fb923fab0be428ccfc6,2670
four_part_addendum_v1/strong_bias/selected_instances/canonical/inst_2c11f98dfea563452f07aed719cbda462d133ce8bd4d570a956d688a0f9e573f.json,7041e2735c7d5ec1f0058648f498205f54b1fa91ead9c7f62cf0563159935690,2120
four_part_addendum_v1/strong_bias/selected_instances/canonical/inst_3141412d947d22c843612dbff6441869a4d5ca25f958eaa4f28e48162ee11b82.json,164f34c07948b58e53669ae6aae8510986c86f6a6074a927d5fedb848d65de80,3604
four_part_addendum_v1/strong_bias/selected_instances/canonical/inst_501f35a009a21e9de0aa7d7e1152c81055124638309d34e6deea1da6e535c2cd.json,6b02f91e2c3873ce4522ddf226ce9c7609bac6ef948aaa0606eae0ec1bf5083b,5491
four_part_addendum_v1/strong_bias/selected_instances/canonical/inst_593a21f72b8e100b60bf79b641ae4f3f62bf27b70eb08a33f1c94324792511b4.json,987d77e5e14654c8b9ec5af723e6d14ad99b283b1264230d51782930cbee7906,2421
four_part_addendum_v1/strong_bias/selected_instances/canonical/inst_5d5efb4e91f9e1aae427cfd18083652fa65a57c8700b72a4a842aef966cb5fe8.json,3d7a9a7e5b512164d13a89fa322e0529e027609ca1e6f3555c3dfd1e31366032,2834
four_part_addendum_v1/strong_bias/selected_instances/canonical/inst_616468a632899d8b508be320cd7145d18205825cf6b865b159f24a2b19562761.json,b2d8e7168e5ee4423de64d936b5280fd80c80278fff9e432034a4328bbaf7183,3523
four_part_addendum_v1/strong_bias/selected_instances/canonical/inst_6b00aee9203529edaca1fc5300e52279f8da9b67def8ab94e986d728ce8d9340.json,717a3512f7945b228ae4a81a6566e7e051c3dc948365a127b45b730a3e7badd2,3602
four_part_addendum_v1/strong_bias/selected_instances/canonical/inst_8024dbda0f7de5189254ad4ee6feb8e22263710e6c27cea27e3a1f561e3dbd08.json,c93c5fa7f1ab05c32a8df966291162e5396a777527fa108dfdcecb5c7bf3cbb9,3509
four_part_addendum_v1/strong_bias/selected_instances/canonical/inst_8acf65dfb511f5444497a545c9348ab5adac61686a32dab8c251d6e5405111a9.json,abcd8ef6aac6977c7ba6d48ca811426b96d7530e8e6f81646947809f0cc59c3d,2306
four_part_addendum_v1/strong_bias/selected_instances/canonical/inst_b6c93c61521e3b818e2440385fb9ff0ec367d5f95a6b4f7863bfc19009993b55.json,035b0575b30a1e5c9e352d6cc9ee6b36d708303e977932f0f2ae0c9a931842ee,2319
four_part_addendum_v1/strong_bias/selected_instances/canonical/inst_cf6a13fc33a58e4dfa7db61fc696bde98308e75bdb73e77b23b9245747dbd509.json,d09f54b3e25f21a5f0307619ef00e087d148e4dbe62d57b083cb05ec53ebbe11,1549
four_part_addendum_v1/strong_bias/selected_instances/canonical/inst_cff8c30e2d12596a19257084e321bb4e69e780eb53a95b806d8f137418ab50d2.json,3e21ec3720b3260a93a6b1bbe9ec603e981c5c2eda6e6e99ec780ab38632d57b,3249
four_part_addendum_v1/strong_bias/selected_instances/canonical/inst_d10e11744e2d6bad1918eb58837094d1da1d91a0775397638caa4de5e9a910fa.json,2665872b50c3a954bdf85d7fab2d5c093d9eb145c07ae515dc7361527d87c9ed,3256
four_part_addendum_v1/strong_bias/selected_instances/canonical/inst_d4a54dd8f66e823e4d6115b31c2e296559fd6c96909c930e313836d3ceddc069.json,c2f71ba2d6d2b230fb6482040c75324496e8b227229d009d3c35846bd22a841c,3257
four_part_addendum_v1/strong_bias/selected_instances/canonical/inst_d796bb2832a607ab9991e780ba6ba381959a114de52b1fc6e98f6f0c5ae5ed90.json,f2d771f9ae2fa749e3ef96a9c74a2ece2bda2a712aaa23e475d1e8603e85362f,5816
four_part_addendum_v1/strong_bias/selected_instances/canonical/inst_dade5f06117c7ef9d512bc165eb923de7713f3a87f46a09141233877357c7036.json,4a6a488cf48427a4755fef67aab4e8d6258634fa17b9498cb65305831fc79e25,2119
four_part_addendum_v1/strong_bias/selected_instances/canonical/inst_e0163519284b54b5ea0e26c30d2408f3a25eb7580d9ac53d9b4943d02c2b0176.json,a25cd3aef104b71ab69b7dc63737ac9f62810b504f861245937aa0f6ab14e12e,3334
four_part_addendum_v1/strong_bias/selected_instances/canonical/inst_f29cc504b69059d374701f2608fa0aec64603ad2b938f87b398cbeadaf67b101.json,1f87fa96ffdd00d5fa8dde204697ec77d0335b91c64d5acbb95f5c04cddcc2f9,2959
four_part_addendum_v1/strong_bias/selected_instances/canonical/inst_fb350fa93d05cfd38db8aaef33b2ff0edf017843a78a0e77f092cdb6f0698dd6.json,7df32c8c91127adbd6870b3a7ed93cd987b5d899bde8aa16ed9bd6eb865ce675,5649
four_part_addendum_v1/strong_bias/selected_instances/raw/cubic_spin_glass/inst_3141412d947d22c843612dbff6441869a4d5ca25f958eaa4f28e48162ee11b82.json,f9cb8a2c9ed118435a786c0c07ba5428971e70ad21820c38f3af90687b1d994a,3266
four_part_addendum_v1/strong_bias/selected_instances/raw/cubic_spin_glass/inst_501f35a009a21e9de0aa7d7e1152c81055124638309d34e6deea1da6e535c2cd.json,eb6a7a1df7b27e58661e33ce72f14ed581a057df5384ea870e0027b0e7a42304,3436
four_part_addendum_v1/strong_bias/selected_instances/raw/cubic_spin_glass/inst_616468a632899d8b508be320cd7145d18205825cf6b865b159f24a2b19562761.json,12ebc3b17e22ec4fa56d212aae4b91e42830fdc7ad1e8ce88b346b8575163b67,3267
four_part_addendum_v1/strong_bias/selected_instances/raw/cubic_spin_glass/inst_6b00aee9203529edaca1fc5300e52279f8da9b67def8ab94e986d728ce8d9340.json,3ab295e886abcdc7444dddb575611643f5b4ca1b2d5cf0ff3bee0d30d68fc56a,3266
four_part_addendum_v1/strong_bias/selected_instances/raw/cubic_spin_glass/inst_8024dbda0f7de5189254ad4ee6feb8e22263710e6c27cea27e3a1f561e3dbd08.json,ca486edbb33802590061f713deac8a1bf5f4460d3058c35a7a9b51c46568ae3f,3267
four_part_addendum_v1/strong_bias/selected_instances/raw/cubic_spin_glass/inst_cff8c30e2d12596a19257084e321bb4e69e780eb53a95b806d8f137418ab50d2.json,a7b15c6ed02eede86b6d20449c8ebd4243e6fd97351e74366d78b2a01c7e3e21,3269
four_part_addendum_v1/strong_bias/selected_instances/raw/cubic_spin_glass/inst_d4a54dd8f66e823e4d6115b31c2e296559fd6c96909c930e313836d3ceddc069.json,280e38cf1a50edbc870599ff7261327402b322db33518a6ad76732003642b628,3269
four_part_addendum_v1/strong_bias/selected_instances/raw/cubic_spin_glass/inst_d796bb2832a607ab9991e780ba6ba381959a114de52b1fc6e98f6f0c5ae5ed90.json,5982832316315f65241c377608de94ca3377543fc4f87936c08b5c093930b2c9,4654
four_part_addendum_v1/strong_bias/selected_instances/raw/cubic_spin_glass/inst_e0163519284b54b5ea0e26c30d2408f3a25eb7580d9ac53d9b4943d02c2b0176.json,c6eafcf4a7e3c0d83e443fd013ae2862efc7b88c7fd547dfa33b9ef6ff3fc8da,3268
four_part_addendum_v1/strong_bias/selected_instances/raw/cubic_spin_glass/inst_fb350fa93d05cfd38db8aaef33b2ff0edf017843a78a0e77f092cdb6f0698dd6.json,a378210cf177ed24ce0d417b76afcea11881634bd592ee0db5b8eac42de75e3d,4656
four_part_addendum_v1/strong_bias/selected_instances/raw/max3sat/inst_09b04378fd1f954d1a3a41fa4c4a0672a522b3d80106e8f28c29c11dd168a7ea.json,125e73aafcc30b28317003635c6721886d5152bce56ef422a5e54cd2775f5881,4944
four_part_addendum_v1/strong_bias/selected_instances/raw/max3sat/inst_2c11f98dfea563452f07aed719cbda462d133ce8bd4d570a956d688a0f9e573f.json,570ec889111493ad3ae27638b61ff3933a058d8040b16c604810a16c91a4872d,4946
four_part_addendum_v1/strong_bias/selected_instances/raw/max3sat/inst_593a21f72b8e100b60bf79b641ae4f3f62bf27b70eb08a33f1c94324792511b4.json,f71525c3277db27e6d3bb7e3cd1a7feb18614987f14080360bdfcaf43cae7ffd,3636
four_part_addendum_v1/strong_bias/selected_instances/raw/max3sat/inst_5d5efb4e91f9e1aae427cfd18083652fa65a57c8700b72a4a842aef966cb5fe8.json,12d0d3b47e896ae97f7ab2605b22bdd94ff4f97a681198f5c71124488a0061f9,3532
four_part_addendum_v1/strong_bias/selected_instances/raw/max3sat/inst_8acf65dfb511f5444497a545c9348ab5adac61686a32dab8c251d6e5405111a9.json,1addcd55aa917e59fa1618e9579ef23aa153247e1a22dbc773ee8a770ea20ec5,4950
four_part_addendum_v1/strong_bias/selected_instances/raw/max3sat/inst_b6c93c61521e3b818e2440385fb9ff0ec367d5f95a6b4f7863bfc19009993b55.json,2718eb258b1ba6dda630fe7370dbe3bd470ae0e74d5d0db77559e61b8d16bdca,4948
four_part_addendum_v1/strong_bias/selected_instances/raw/max3sat/inst_cf6a13fc33a58e4dfa7db61fc696bde98308e75bdb73e77b23b9245747dbd509.json,48dff43b86acaa07ecb3c4d0da3c6997cdc5a7f46df56ec8d4bfd8df9a11d869,2322
four_part_addendum_v1/strong_bias/selected_instances/raw/max3sat/inst_d10e11744e2d6bad1918eb58837094d1da1d91a0775397638caa4de5e9a910fa.json,7ef6c0d9c9099f5b4b1c115ceeda486c29092f45157602b24f25d1e1c5b00223,4852
four_part_addendum_v1/strong_bias/selected_instances/raw/max3sat/inst_dade5f06117c7ef9d512bc165eb923de7713f3a87f46a09141233877357c7036.json,d674765fa39ec3fa6d42209e83655b978c56824e00f52b62cf70c81f3ba443e0,4955
four_part_addendum_v1/strong_bias/selected_instances/raw/max3sat/inst_f29cc504b69059d374701f2608fa0aec64603ad2b938f87b398cbeadaf67b101.json,0abea622fd355c131daae89a6360cca4cddcef5fc2e25d0e499b91a86eb2cce1,4514
four_part_addendum_v1/strong_bias/strong_bias_budget_plan.csv,7a2f12050172abb2a0a836a608f629feaf943ba8e2682e598a41390901faf599,5350
four_part_addendum_v1/strong_bias/strong_bias_marginal_diagnostics.csv,49836ec9142f34a4e1d5c8de3b134a2939049e11dc4521f4b3bf60d59fd7419e,257210
four_part_addendum_v1/strong_bias/strong_bias_screening_pool.csv,fedca9e544055ea69e96dd93d4924778fb1983906b556ed06092a9385af5d79b,153659
four_part_addendum_v1/strong_bias/strong_bias_selected_instances.csv,e17a4947bfae917f7a3482e3876c60a44b8dd1833d59508413d06fd3e92cedbd,6112
four_part_addendum_v1/strong_bias/strong_bias_warmstart_runs.csv,20847aac65b0921a5cf3ba2ea1034e586af207bbc20c4c38faa343f733e10c53,509790
requirements-pilot-lock.txt,362c8cac05353f9a68ff2015713e2c5474ea32c3e4ddf98fbcf1c9ea0fca9415,367
