instance_id,family,n_original,cubic_count,proof_complete,lower_bound,upper_bound,final_gap,explored_nodes,evaluated_leaves,pruned_by_bound,pruned_by_capacity,runtime_sec,selected_actions,matches_frozen_optimum,config_hash,code_commit
inst_01a9f1f2842d775846c878d43106d19ed43c1bfbe918e748b13470b82daaf78e,cubic_spin_glass,6,6,True,0.1734375,0.1734375,0.0,5461,4096,0,0,1.5385589999496005,"[None, None, None, None, None, None]",True,dcae3585519be308040729bc8a4548c06f46493af50e454b389165349380c632,5bdec984a409335ca07aa5bec867f3c5fee9cf14
inst_03fb9b57a6dce56e8aa5338559e7d2041bf1c85c0c8032542e21c29ca024e1dc,max3sat,5,5,True,0.2638020833333333,0.2638020833333333,0.0,1365,1024,0,0,0.3531592999934219,"[None, None, [2, 3], None, None]",True,dcae3585519be308040729bc8a4548c06f46493af50e454b389165349380c632,5bdec984a409335ca07aa5bec867f3c5fee9cf14
inst_0434852d0e4bbbb6edc67f1a83f9235d3f150efab1e9f63ee316ef80112685d3,max3sat,6,6,True,0.27317708333333335,0.27317708333333335,0.0,5461,4096,0,0,1.3103091000230052,"[[3, 5], [3, 5], None, [3, 5], [3, 5], None]",True,dcae3585519be308040729bc8a4548c06f46493af50e454b389165349380c632,5bdec984a409335ca07aa5bec867f3c5fee9cf14
inst_04c7adf299195c173b500ce86f205513eca7d191719b6400ef5c5d39ea93edd6,max3sat,7,5,True,0.25677083333333334,0.25677083333333334,0.0,1365,1024,0,0,0.31803539994871244,"[[1, 2], [1, 2], None, None, None]",True,dcae3585519be308040729bc8a4548c06f46493af50e454b389165349380c632,5bdec984a409335ca07aa5bec867f3c5fee9cf14
inst_0814a7f7209be13ad388d27539bcc139991e38e27e4109df932f9f2de6d1fb26,max3sat,8,8,True,0.29401041666666666,0.29401041666666666,0.0,32915,20804,0,15530,9.897735300008208,"[[5, 7], [6, 7], [5, 7], [6, 7], [5, 7], [6, 7], [5, 7], [5, 7]]",True,dcae3585519be308040729bc8a4548c06f46493af50e454b389165349380c632,5bdec984a409335ca07aa5bec867f3c5fee9cf14
inst_0bdf06213b0c1e415e6c0a81524e96b9851ee0dc28195e16ab9709770c9c0a09,max3sat,7,7,True,0.32057291666666665,0.32057291666666665,0.0,18922,13669,0,2091,6.501741199987009,"[[1, 5], [1, 5], [1, 5], [5, 6], [5, 6], [5, 6], [5, 6]]",True,dcae3585519be308040729bc8a4548c06f46493af50e454b389165349380c632,5bdec984a409335ca07aa5bec867f3c5fee9cf14
inst_0f7871f37dcd4ef84cf9455a90e11b827d46367515b165688ef404b08d63104f,max3sat,8,7,True,0.29791666666666666,0.29791666666666666,0.0,10731,6894,0,4618,3.0321598000009544,"[[3, 7], [4, 6], [4, 6], None, [3, 7], [3, 7], None]",True,dcae3585519be308040729bc8a4548c06f46493af50e454b389165349380c632,5bdec984a409335ca07aa5bec867f3c5fee9cf14
inst_10ca5aecf714abb0b674a9eef82f020a79bf22927cabfbb4326e9c5809e6543d,cubic_spin_glass,7,7,True,0.196875,0.196875,0.0,18333,13149,0,2404,6.265242199995555,"[None, None, None, None, None, None, None]",True,dcae3585519be308040729bc8a4548c06f46493af50e454b389165349380c632,5bdec984a409335ca07aa5bec867f3c5fee9cf14
inst_180785c07fe5da0a6002c7eb0dca0888faae7967d7ce35621d5dd5a4887463d9,cubic_spin_glass,7,7,True,0.2203125,0.2203125,0.0,18543,13334,0,2294,5.075421700021252,"[None, None, None, None, None, None, None]",True,dcae3585519be308040729bc8a4548c06f46493af50e454b389165349380c632,5bdec984a409335ca07aa5bec867f3c5fee9cf14
inst_2054e7fca85340c05c6ca94bcfab677cc7edc66aa48bd6adfd3eee1d03749506,cubic_spin_glass,6,6,True,0.178125,0.178125,0.0,5461,4096,0,0,1.553880300023593,"[None, None, None, None, None, None]",True,dcae3585519be308040729bc8a4548c06f46493af50e454b389165349380c632,5bdec984a409335ca07aa5bec867f3c5fee9cf14
inst_207178134690f4e7e3f8009eb86a8760f5f7ead2031e35396a586eb03232ad7a,max3sat,7,6,True,0.27317708333333335,0.27317708333333335,0.0,5197,3832,0,264,1.3033378000254743,"[[4, 5], [4, 5], None, None, [4, 5], None]",True,dcae3585519be308040729bc8a4548c06f46493af50e454b389165349380c632,5bdec984a409335ca07aa5bec867f3c5fee9cf14
inst_220100abb31a5a97f11076f61def95465ec3ae5b771dee099dcf27d9858cb925,cubic_spin_glass,5,5,True,0.1640625,0.1640625,0.0,1365,1024,0,0,0.35406429995782673,"[None, None, None, None, None]",True,dcae3585519be308040729bc8a4548c06f46493af50e454b389165349380c632,5bdec984a409335ca07aa5bec867f3c5fee9cf14
inst_226fdd648638f346d8c8ce3a521d8c0545d5c6656a32e80e743f6e6a87b9b1c2,max3sat,5,5,True,0.21276041666666667,0.21276041666666667,0.0,1365,1024,0,0,0.3016619000118226,"[[1, 4], None, [1, 4], [3, 5], [3, 5]]",True,dcae3585519be308040729bc8a4548c06f46493af50e454b389165349380c632,5bdec984a409335ca07aa5bec867f3c5fee9cf14
inst_2379e14a2ecd995141f6cb52002415b226897f742dc05a48c25f2a138ea01ff6,max3sat,5,5,True,0.23567708333333334,0.23567708333333334,0.0,1365,1024,0,0,0.36329619999742135,"[[3, 4], None, [3, 4], None, [3, 4]]",True,dcae3585519be308040729bc8a4548c06f46493af50e454b389165349380c632,5bdec984a409335ca07aa5bec867f3c5fee9cf14
inst_267cea339d25d63c2dfdfd0142ba348ce5b691570cb2b8256297897aa421c42d,max3sat,7,7,True,0.31666666666666665,0.31666666666666665,0.0,18085,12864,0,2800,5.865197199978866,"[[2, 4], [1, 5], None, [1, 5], [1, 5], [1, 5], [2, 4]]",True,dcae3585519be308040729bc8a4548c06f46493af50e454b389165349380c632,5bdec984a409335ca07aa5bec867f3c5fee9cf14
inst_2b016e49b538f8ca80033f3b4973a5987bfdf7e185410fca0d70b333466148c3,cubic_spin_glass,5,5,True,0.1640625,0.1640625,0.0,1365,1024,0,0,0.38680969999404624,"[None, None, None, None, None]",True,dcae3585519be308040729bc8a4548c06f46493af50e454b389165349380c632,5bdec984a409335ca07aa5bec867f3c5fee9cf14
inst_2b83ac21eebb333f8c921741025cbd0f667e822b95fe0f48df9ace5d1c24b648,max3sat,6,6,True,0.22526041666666666,0.22526041666666666,0.0,5461,4096,0,0,1.4109949999838136,"[[3, 5], [3, 5], [2, 6], [2, 6], [2, 6], None]",True,dcae3585519be308040729bc8a4548c06f46493af50e454b389165349380c632,5bdec984a409335ca07aa5bec867f3c5fee9cf14
inst_337f5f30278f6101e7248530f2b8fced4665356ef64c66b81c4a868ea4a17a87,cubic_spin_glass,8,8,True,0.2484375,0.2484375,0.0,33462,21839,0,13031,9.474002500006463,"[None, None, None, None, None, None, None, None]",True,dcae3585519be308040729bc8a4548c06f46493af50e454b389165349380c632,5bdec984a409335ca07aa5bec867f3c5fee9cf14
inst_36cbe7c7ff482cf067ac85b26b77d95829f38df4cfae8a5a3330935f8ff18abd,max3sat,6,7,True,0.31145833333333334,0.31145833333333334,0.0,21449,15988,0,396,6.082102800020948,"[None, [1, 6], None, None, None, [1, 6], [1, 6]]",True,dcae3585519be308040729bc8a4548c06f46493af50e454b389165349380c632,5bdec984a409335ca07aa5bec867f3c5fee9cf14
inst_402d4d26a63bce1a325563709284a8d564d3b9db81b22e5717b1cdd769af109d,max3sat,6,7,True,0.2986979166666667,0.2986979166666667,0.0,21449,15988,0,396,6.050113200035412,"[[1, 2], [1, 2], [1, 2], [1, 2], [2, 6], [2, 6], [2, 6]]",True,dcae3585519be308040729bc8a4548c06f46493af50e454b389165349380c632,5bdec984a409335ca07aa5bec867f3c5fee9cf14
inst_4067b54c0c67a4b050e188eddd2970682cbb03ad72d394840debb4362a551b73,cubic_spin_glass,8,8,True,0.234375,0.234375,0.0,21927,12623,0,15290,5.690227499988396,"[None, None, None, None, None, None, None, None]",True,dcae3585519be308040729bc8a4548c06f46493af50e454b389165349380c632,5bdec984a409335ca07aa5bec867f3c5fee9cf14
inst_500ac0092836aee890793cd38627f2c8e7b884bf5b405f7c18b94de40a8ab3fb,max3sat,6,7,True,0.31328125,0.31328125,0.0,21449,15988,0,396,5.39135809999425,"[[2, 4], None, [4, 5], [4, 6], [4, 6], [4, 6], [4, 5]]",True,dcae3585519be308040729bc8a4548c06f46493af50e454b389165349380c632,5bdec984a409335ca07aa5bec867f3c5fee9cf14
inst_53414dbaf9c7463dec854c7bff6aaf9ee19b26d8a2eb48b423228a54cb3259a6,max3sat,7,7,True,0.29010416666666666,0.29010416666666666,0.0,18647,13394,0,2366,8.113130200013984,"[[1, 7], [1, 7], [5, 7], None, [5, 7], None, [5, 7]]",True,dcae3585519be308040729bc8a4548c06f46493af50e454b389165349380c632,5bdec984a409335ca07aa5bec867f3c5fee9cf14
inst_597d7a9288bd1ac313f9f5addd0aa8ce28235733e3305ac411b157bd8409d04e,cubic_spin_glass,8,8,True,0.253125,0.253125,0.0,21636,11759,0,17873,10.046095099998638,"[None, None, None, None, None, None, None, None]",True,dcae3585519be308040729bc8a4548c06f46493af50e454b389165349380c632,5bdec984a409335ca07aa5bec867f3c5fee9cf14
inst_5d5a4bc8f7070371d10c7ed9bf4ce31de6466df33fdd96e0b672604625ba1fbc,max3sat,5,6,True,0.29270833333333335,0.29270833333333335,0.0,5461,4096,0,0,2.3970023000147194,"[[2, 3], None, None, None, [2, 3], None]",True,dcae3585519be308040729bc8a4548c06f46493af50e454b389165349380c632,5bdec984a409335ca07aa5bec867f3c5fee9cf14
inst_69e0de2a007da830ff0fe42d576ed08ee3325864382126e40df8c15ab810d53a,cubic_spin_glass,5,5,True,0.159375,0.159375,0.0,1365,1024,0,0,0.5219227999914438,"[None, None, None, None, None]",True,dcae3585519be308040729bc8a4548c06f46493af50e454b389165349380c632,5bdec984a409335ca07aa5bec867f3c5fee9cf14
inst_6c4d57b0dc062bd10879446492578c8afdae31ce33ea5f049d2b2f41d3cfb9eb,max3sat,5,4,True,0.22682291666666668,0.22682291666666668,0.0,341,256,0,0,0.12862350000068545,"[[1, 2], [1, 2], [3, 4], [3, 4]]",True,dcae3585519be308040729bc8a4548c06f46493af50e454b389165349380c632,5bdec984a409335ca07aa5bec867f3c5fee9cf14
inst_74aa0a8fb1a2f315bc77276ac0f518d9d51a5e149c54d10d0946713ade90c7fa,cubic_spin_glass,5,5,True,0.1640625,0.1640625,0.0,1365,1024,0,0,0.5107296999776736,"[None, None, None, None, None]",True,dcae3585519be308040729bc8a4548c06f46493af50e454b389165349380c632,5bdec984a409335ca07aa5bec867f3c5fee9cf14
inst_75138fdd6d17b7d4b4273b7c415f6e0ebe27ab4d3353a4aa122a5286e0e18685,max3sat,6,6,True,0.2869791666666667,0.2869791666666667,0.0,5461,4096,0,0,2.368263599986676,"[[1, 4], [1, 4], [1, 4], [2, 4], None, [2, 4]]",True,dcae3585519be308040729bc8a4548c06f46493af50e454b389165349380c632,5bdec984a409335ca07aa5bec867f3c5fee9cf14
inst_7c4299a95f6faa443c7fa84ef848dc6e5b1f2f9e0e66096d12704124163f2354,cubic_spin_glass,5,5,True,0.1640625,0.1640625,0.0,1365,1024,0,0,0.5162468000198714,"[None, None, None, None, None]",True,dcae3585519be308040729bc8a4548c06f46493af50e454b389165349380c632,5bdec984a409335ca07aa5bec867f3c5fee9cf14
inst_9a3fbe05d7639c79b7bd52e67dcff304563258ec10374d11e600f3f67c87b9b8,max3sat,7,8,True,0.31276041666666665,0.31276041666666665,0.0,55453,37592,0,15992,26.52631319995271,"[None, [2, 3], [2, 3], [2, 3], [4, 6], [4, 6], [4, 6], [4, 6]]",True,dcae3585519be308040729bc8a4548c06f46493af50e454b389165349380c632,5bdec984a409335ca07aa5bec867f3c5fee9cf14
inst_9cf8949d1fa64fb4a01bc714efeca34aff91dbe717a1e0037a5b56edb32686de,cubic_spin_glass,5,5,True,0.1640625,0.1640625,0.0,1365,1024,0,0,0.47246419999282807,"[None, None, None, None, None]",True,dcae3585519be308040729bc8a4548c06f46493af50e454b389165349380c632,5bdec984a409335ca07aa5bec867f3c5fee9cf14
inst_a356da502f001ed257307b47e234f5ec5bcd670d3c85088f24bc827f2bc75dbd,cubic_spin_glass,6,6,True,0.1921875,0.1921875,0.0,5461,4096,0,0,2.4904492999776267,"[None, None, None, None, None, None]",True,dcae3585519be308040729bc8a4548c06f46493af50e454b389165349380c632,5bdec984a409335ca07aa5bec867f3c5fee9cf14
inst_a855ecf491d361be21f5bf66a4aeb7382e186fdae9ec17d86d3e970eceaa509c,cubic_spin_glass,7,7,True,0.2296875,0.2296875,0.0,18475,13229,0,2510,8.633752099995036,"[None, None, None, None, None, None, None]",True,dcae3585519be308040729bc8a4548c06f46493af50e454b389165349380c632,5bdec984a409335ca07aa5bec867f3c5fee9cf14
inst_ae2555588bfb83b1a659923e7897057e426c36413daa2a6a29aa76d2a0ed0e15,max3sat,5,5,True,0.2669270833333333,0.2669270833333333,0.0,1365,1024,0,0,0.5273804999887943,"[[2, 4], None, [2, 4], None, None]",True,dcae3585519be308040729bc8a4548c06f46493af50e454b389165349380c632,5bdec984a409335ca07aa5bec867f3c5fee9cf14
inst_b4f8db6643a6d39caf198a55d356c3b640e135255c4ae4834c9751b2640be0ff,max3sat,5,5,True,0.21510416666666668,0.21510416666666668,0.0,1365,1024,0,0,0.5020691999816336,"[[1, 3], [1, 5], [1, 3], [1, 5], [1, 5]]",True,dcae3585519be308040729bc8a4548c06f46493af50e454b389165349380c632,5bdec984a409335ca07aa5bec867f3c5fee9cf14
inst_b6d5f6e73b54b552f0cb8e7392d873effe2d2f1a4e22fee7b921774110ac5b96,max3sat,5,6,True,0.26119791666666664,0.26119791666666664,0.0,5461,4096,0,0,2.187572699971497,"[[1, 5], [3, 4], [1, 5], [1, 5], None, [3, 4]]",True,dcae3585519be308040729bc8a4548c06f46493af50e454b389165349380c632,5bdec984a409335ca07aa5bec867f3c5fee9cf14
inst_b7093a3badaa27181cec70155478b60ea838b663c56844cf33ef5bff25bf4242,cubic_spin_glass,6,6,True,0.1921875,0.1921875,0.0,5461,4096,0,0,2.4474449999979697,"[None, None, None, None, None, None]",True,dcae3585519be308040729bc8a4548c06f46493af50e454b389165349380c632,5bdec984a409335ca07aa5bec867f3c5fee9cf14
inst_bb492a3ff4dc09d3b00dec7ac6d637b25e0abf6549996646691b8b2ac626b779,cubic_spin_glass,6,6,True,0.1921875,0.1921875,0.0,5461,4096,0,0,2.3215381000190973,"[None, None, None, None, None, None]",True,dcae3585519be308040729bc8a4548c06f46493af50e454b389165349380c632,5bdec984a409335ca07aa5bec867f3c5fee9cf14
inst_bba637dc6de6f0d66c9a34e61b6be97194a7bd5f29770aa75d5e71aa6ed3018b,cubic_spin_glass,7,7,True,0.2296875,0.2296875,0.0,17409,12284,0,3092,8.209489299973939,"[None, None, None, None, None, None, None]",True,dcae3585519be308040729bc8a4548c06f46493af50e454b389165349380c632,5bdec984a409335ca07aa5bec867f3c5fee9cf14
inst_be5ce5c93077930c31c2c6547c4924494e92f557d230b1e1b224b3b2ee296661,max3sat,5,7,True,0.30416666666666664,0.30416666666666664,0.0,21845,16384,0,0,9.506484500016086,"[[1, 4], None, [3, 5], [1, 4], None, [3, 5], [3, 5]]",True,dcae3585519be308040729bc8a4548c06f46493af50e454b389165349380c632,5bdec984a409335ca07aa5bec867f3c5fee9cf14
inst_c1271be36e6d6f11dfbe643bfcce6bfa30c5bcee1fbac91fa51de48f9194818a,cubic_spin_glass,6,6,True,0.196875,0.196875,0.0,5461,4096,0,0,2.16620779997902,"[None, None, None, None, None, None]",True,dcae3585519be308040729bc8a4548c06f46493af50e454b389165349380c632,5bdec984a409335ca07aa5bec867f3c5fee9cf14
inst_c422b1789380812ef5fc1ce3acff0aa8f72adf09c258f54fdecaa1fb003b22fa,cubic_spin_glass,8,8,True,0.225,0.225,0.0,28629,17968,0,14016,12.66177860001335,"[None, None, None, None, None, None, None, None]",True,dcae3585519be308040729bc8a4548c06f46493af50e454b389165349380c632,5bdec984a409335ca07aa5bec867f3c5fee9cf14
inst_d278b327d76f6ef06ca10dfd016bdc3d469773e53692f7a49d4760cf4c666252,max3sat,5,5,True,0.24427083333333333,0.24427083333333333,0.0,1365,1024,0,0,0.438166200008709,"[None, [3, 4], None, None, [3, 4]]",True,dcae3585519be308040729bc8a4548c06f46493af50e454b389165349380c632,5bdec984a409335ca07aa5bec867f3c5fee9cf14
inst_d3c2d6023cd84ca91146b592338437fe9dff0b1e99c18bee1d0bf70aeae6a8e9,cubic_spin_glass,8,8,True,0.2109375,0.2109375,0.0,20901,11977,0,14796,8.857027400052175,"[None, None, None, None, None, None, None, None]",True,dcae3585519be308040729bc8a4548c06f46493af50e454b389165349380c632,5bdec984a409335ca07aa5bec867f3c5fee9cf14
inst_d41f0f7cfadf548afd8b36d546bb429f87eb0a321ce54be13730294aea45e72a,max3sat,6,7,True,0.31614583333333335,0.31614583333333335,0.0,21449,15988,0,396,9.136680600000545,"[None, None, None, [5, 6], None, [5, 6], [5, 6]]",True,dcae3585519be308040729bc8a4548c06f46493af50e454b389165349380c632,5bdec984a409335ca07aa5bec867f3c5fee9cf14
inst_d95ba9f5c6b1b663c2de24561e48d4b13c46cc51b82ce790ae6af438b438eddc,cubic_spin_glass,7,7,True,0.2109375,0.2109375,0.0,17409,12284,0,3092,7.585909100016579,"[None, None, None, None, None, None, None]",True,dcae3585519be308040729bc8a4548c06f46493af50e454b389165349380c632,5bdec984a409335ca07aa5bec867f3c5fee9cf14
inst_d9fcb64321ce091430ee6b0db1aa4dfbaad697aa5555a67df934058f2ba4f14a,cubic_spin_glass,5,5,True,0.1640625,0.1640625,0.0,1365,1024,0,0,0.5348954999935813,"[None, None, None, None, None]",True,dcae3585519be308040729bc8a4548c06f46493af50e454b389165349380c632,5bdec984a409335ca07aa5bec867f3c5fee9cf14
inst_da60bc0b894e25413beefdc46809ea64d66dfacb21e83b989411c128c9855efe,cubic_spin_glass,7,7,True,0.2203125,0.2203125,0.0,17700,12499,0,3105,7.7398656999575906,"[None, None, None, None, None, None, None]",True,dcae3585519be308040729bc8a4548c06f46493af50e454b389165349380c632,5bdec984a409335ca07aa5bec867f3c5fee9cf14
inst_dade03db84c619118a6748c21ec501901532795cabc6e6217c275cf030d00453,max3sat,6,6,True,0.26901041666666664,0.26901041666666664,0.0,5461,4096,0,0,2.3033646999974735,"[[2, 4], [3, 6], [2, 4], [3, 6], [2, 4], [3, 6]]",True,dcae3585519be308040729bc8a4548c06f46493af50e454b389165349380c632,5bdec984a409335ca07aa5bec867f3c5fee9cf14
inst_dfa053745165296611ebb7c15d66256f7b20b20c1230b3e656f1100e21bbb640,max3sat,5,5,True,0.23385416666666667,0.23385416666666667,0.0,1365,1024,0,0,0.4463056999957189,"[None, [3, 4], [2, 5], [2, 5], [3, 4]]",True,dcae3585519be308040729bc8a4548c06f46493af50e454b389165349380c632,5bdec984a409335ca07aa5bec867f3c5fee9cf14
inst_e1b2f08364aecae1af02f56f628a0fa0a6648302c7bbb0f12d915d4dc49bc1fc,cubic_spin_glass,8,8,True,0.2578125,0.2578125,0.0,33236,20804,0,16493,14.715333300002385,"[None, None, None, None, None, None, None, None]",True,dcae3585519be308040729bc8a4548c06f46493af50e454b389165349380c632,5bdec984a409335ca07aa5bec867f3c5fee9cf14
inst_e3e6dbeaae002921ac052e4a5cf6f8cb5dd37cddbfdc3c4e23a0c9432d59d80e,cubic_spin_glass,7,7,True,0.1875,0.1875,0.0,17051,11904,0,3538,7.393878899980336,"[None, None, None, None, None, None, None]",True,dcae3585519be308040729bc8a4548c06f46493af50e454b389165349380c632,5bdec984a409335ca07aa5bec867f3c5fee9cf14
inst_e60b9255b354a60d52fe024ff785db607b4ef095b1160c4b99c9be19ca7813ae,cubic_spin_glass,7,7,True,0.2296875,0.2296875,0.0,18587,13334,0,2426,8.221429699973669,"[None, None, None, None, None, None, None]",True,dcae3585519be308040729bc8a4548c06f46493af50e454b389165349380c632,5bdec984a409335ca07aa5bec867f3c5fee9cf14
inst_e7c760c5bbca9d80515c990ed99c50d1fe5f51c98613acfdae5eabc96f15b528,cubic_spin_glass,6,6,True,0.1734375,0.1734375,0.0,5461,4096,0,0,2.1710872999974526,"[None, None, None, None, None, None]",True,dcae3585519be308040729bc8a4548c06f46493af50e454b389165349380c632,5bdec984a409335ca07aa5bec867f3c5fee9cf14
inst_e990046a904689cc5ef1615dbefd078293dceea63bc8f4ffcd71a56b3a1346cf,max3sat,6,6,True,0.26666666666666666,0.26666666666666666,0.0,5461,4096,0,0,2.2497825999744236,"[[2, 3], [2, 4], [2, 3], [2, 3], [2, 4], [2, 4]]",True,dcae3585519be308040729bc8a4548c06f46493af50e454b389165349380c632,5bdec984a409335ca07aa5bec867f3c5fee9cf14
inst_eae424153ea0ca9c332b0876f402eae8b2ed2a7cd02a64cafc1e0e51e69cb8e1,max3sat,5,7,True,0.27109375,0.27109375,0.0,21845,16384,0,0,9.870001500006765,"[None, [2, 5], [3, 4], [3, 5], [3, 4], [2, 5], [2, 5]]",True,dcae3585519be308040729bc8a4548c06f46493af50e454b389165349380c632,5bdec984a409335ca07aa5bec867f3c5fee9cf14
inst_f563df67f7c2758f96c1628905727d7ce51ec8161c04dff4ea739eea2ff20d17,cubic_spin_glass,6,6,True,0.1921875,0.1921875,0.0,5461,4096,0,0,2.2810327999759465,"[None, None, None, None, None, None]",True,dcae3585519be308040729bc8a4548c06f46493af50e454b389165349380c632,5bdec984a409335ca07aa5bec867f3c5fee9cf14
inst_f618aedaa283fbbee7d6c0cfdb4e2dee081cd0012a80ca3fb3719ff9808f8baa,max3sat,7,7,True,0.3229166666666667,0.3229166666666667,0.0,18204,13024,0,2517,8.46366740000667,"[[1, 3], [1, 3], [1, 3], [3, 4], None, [3, 4], [3, 4]]",True,dcae3585519be308040729bc8a4548c06f46493af50e454b389165349380c632,5bdec984a409335ca07aa5bec867f3c5fee9cf14
inst_fb8c721f454174cb8aef897ad3faef24febb3992347faa696ded176a8b5a23ed,cubic_spin_glass,5,5,True,0.159375,0.159375,0.0,1365,1024,0,0,0.5015782999689691,"[None, None, None, None, None]",True,dcae3585519be308040729bc8a4548c06f46493af50e454b389165349380c632,5bdec984a409335ca07aa5bec867f3c5fee9cf14
