family,instance_id,restricted,topology,synthesis,baseline_true_cells,common_true_cells,lost_in_any_other_seed,lost_in_all_other_seeds,new_true_cells,baseline_unknown_under_other_seeds,retention,classification
max3sat,max3sat_000,True,grid12,canonical,654,36,618,0,1854,0,0.05504587155963303,partial
max3sat,max3sat_000,True,grid12,reuse,0,0,0,0,0,0,N/A,empty_baseline
max3sat,max3sat_000,True,line12,canonical,0,0,0,0,1098,0,N/A,empty_baseline
max3sat,max3sat_000,True,line12,reuse,0,0,0,0,0,0,N/A,empty_baseline
max3sat,max3sat_000,True,ring12,canonical,0,0,0,0,1434,0,N/A,empty_baseline
max3sat,max3sat_000,True,ring12,reuse,0,0,0,0,0,0,N/A,empty_baseline
max3sat,max3sat_001,False,grid12,canonical,758,282,476,0,1605,0,0.3720316622691293,partial
max3sat,max3sat_001,False,grid12,reuse,0,0,0,0,0,0,N/A,empty_baseline
max3sat,max3sat_001,False,line12,canonical,165,110,55,0,0,0,0.6666666666666666,partial
max3sat,max3sat_001,False,line12,reuse,0,0,0,0,0,0,N/A,empty_baseline
max3sat,max3sat_001,False,ring12,canonical,165,110,55,0,186,0,0.6666666666666666,partial
max3sat,max3sat_001,False,ring12,reuse,0,0,0,0,0,0,N/A,empty_baseline
max3sat,max3sat_002,False,grid12,canonical,276,40,236,0,705,0,0.14492753623188406,partial
max3sat,max3sat_002,False,grid12,reuse,216,0,216,0,0,0,0.0,disappeared
max3sat,max3sat_002,False,line12,canonical,0,0,0,0,1465,0,N/A,empty_baseline
max3sat,max3sat_002,False,line12,reuse,0,0,0,0,0,0,N/A,empty_baseline
max3sat,max3sat_002,False,ring12,canonical,0,0,0,0,540,0,N/A,empty_baseline
max3sat,max3sat_002,False,ring12,reuse,0,0,0,0,0,0,N/A,empty_baseline
max3sat,max3sat_003,True,grid12,canonical,1866,1785,81,0,672,0,0.9565916398713826,partial
max3sat,max3sat_003,True,grid12,reuse,0,0,0,0,0,0,N/A,empty_baseline
max3sat,max3sat_003,True,line12,canonical,574,570,4,0,32,0,0.9930313588850174,partial
max3sat,max3sat_003,True,line12,reuse,360,360,0,0,0,0,1.0,stable
max3sat,max3sat_003,True,ring12,canonical,718,570,148,144,32,0,0.7938718662952646,partial
max3sat,max3sat_003,True,ring12,reuse,340,340,0,0,0,0,1.0,stable
max3sat,max3sat_004,True,grid12,canonical,1764,1764,0,0,540,0,1.0,stable
max3sat,max3sat_004,True,grid12,reuse,2088,180,1908,0,108,0,0.08620689655172414,partial
max3sat,max3sat_004,True,line12,canonical,0,0,0,0,0,0,N/A,empty_baseline
max3sat,max3sat_004,True,line12,reuse,1372,1368,4,0,70,0,0.9970845481049563,partial
max3sat,max3sat_004,True,ring12,canonical,0,0,0,0,0,0,N/A,empty_baseline
max3sat,max3sat_004,True,ring12,reuse,2077,2070,7,0,0,0,0.9966297544535387,partial
max3sat,max3sat_005,False,grid12,canonical,0,0,0,0,0,0,N/A,empty_baseline
max3sat,max3sat_005,False,grid12,reuse,216,216,0,0,0,0,1.0,stable
max3sat,max3sat_005,False,line12,canonical,0,0,0,0,0,0,N/A,empty_baseline
max3sat,max3sat_005,False,line12,reuse,0,0,0,0,0,0,N/A,empty_baseline
max3sat,max3sat_005,False,ring12,canonical,0,0,0,0,0,0,N/A,empty_baseline
max3sat,max3sat_005,False,ring12,reuse,0,0,0,0,0,0,N/A,empty_baseline
max3sat,max3sat_006,False,grid12,canonical,329,260,69,0,373,0,0.790273556231003,partial
max3sat,max3sat_006,False,grid12,reuse,0,0,0,0,180,0,N/A,empty_baseline
max3sat,max3sat_006,False,line12,canonical,346,250,96,0,260,0,0.7225433526011561,partial
max3sat,max3sat_006,False,line12,reuse,0,0,0,0,0,0,N/A,empty_baseline
max3sat,max3sat_006,False,ring12,canonical,462,250,212,0,185,0,0.5411255411255411,partial
max3sat,max3sat_006,False,ring12,reuse,0,0,0,0,0,0,N/A,empty_baseline
max3sat,max3sat_007,False,grid12,canonical,2016,1836,180,0,180,0,0.9107142857142857,partial
max3sat,max3sat_007,False,grid12,reuse,0,0,0,0,0,0,N/A,empty_baseline
max3sat,max3sat_007,False,line12,canonical,1230,0,1230,0,390,0,0.0,disappeared
max3sat,max3sat_007,False,line12,reuse,0,0,0,0,0,0,N/A,empty_baseline
max3sat,max3sat_007,False,ring12,canonical,1230,0,1230,0,390,0,0.0,disappeared
max3sat,max3sat_007,False,ring12,reuse,0,0,0,0,0,0,N/A,empty_baseline
max3sat,max3sat_008,False,grid12,canonical,1716,0,1716,0,957,0,0.0,disappeared
max3sat,max3sat_008,False,grid12,reuse,1764,0,1764,0,180,0,0.0,disappeared
max3sat,max3sat_008,False,line12,canonical,1500,435,1065,320,795,0,0.29,partial
max3sat,max3sat_008,False,line12,reuse,0,0,0,0,0,0,N/A,empty_baseline
max3sat,max3sat_008,False,ring12,canonical,439,159,280,0,1644,0,0.3621867881548975,partial
max3sat,max3sat_008,False,ring12,reuse,0,0,0,0,0,0,N/A,empty_baseline
max3sat,max3sat_009,False,grid12,canonical,210,0,210,0,36,0,0.0,disappeared
max3sat,max3sat_009,False,grid12,reuse,0,0,0,0,0,0,N/A,empty_baseline
max3sat,max3sat_009,False,line12,canonical,994,0,994,565,60,0,0.0,disappeared
max3sat,max3sat_009,False,line12,reuse,180,180,0,0,0,0,1.0,stable
max3sat,max3sat_009,False,ring12,canonical,1516,0,1516,1120,61,0,0.0,disappeared
max3sat,max3sat_009,False,ring12,reuse,180,180,0,0,0,0,1.0,stable
max3sat,max3sat_010,True,grid12,canonical,1686,276,1410,0,861,0,0.16370106761565836,partial
max3sat,max3sat_010,True,grid12,reuse,1938,0,1938,1938,0,0,0.0,disappeared
max3sat,max3sat_010,True,line12,canonical,645,645,0,0,280,0,1.0,stable
max3sat,max3sat_010,True,line12,reuse,0,0,0,0,0,0,N/A,empty_baseline
max3sat,max3sat_010,True,ring12,canonical,740,740,0,0,0,0,1.0,stable
max3sat,max3sat_010,True,ring12,reuse,0,0,0,0,0,0,N/A,empty_baseline
max3sat,max3sat_011,False,grid12,canonical,432,432,0,0,1800,0,1.0,stable
max3sat,max3sat_011,False,grid12,reuse,432,0,432,0,1692,0,0.0,disappeared
max3sat,max3sat_011,False,line12,canonical,144,144,0,0,1836,0,1.0,stable
max3sat,max3sat_011,False,line12,reuse,1620,1620,0,0,0,0,1.0,stable
max3sat,max3sat_011,False,ring12,canonical,144,144,0,0,1650,0,1.0,stable
max3sat,max3sat_011,False,ring12,reuse,1620,1620,0,0,33,0,1.0,stable
max3sat,max3sat_012,False,grid12,canonical,1645,1645,0,0,35,0,1.0,stable
max3sat,max3sat_012,False,grid12,reuse,0,0,0,0,0,0,N/A,empty_baseline
max3sat,max3sat_012,False,line12,canonical,0,0,0,0,0,0,N/A,empty_baseline
max3sat,max3sat_012,False,line12,reuse,0,0,0,0,0,0,N/A,empty_baseline
max3sat,max3sat_012,False,ring12,canonical,10,10,0,0,5,0,1.0,stable
max3sat,max3sat_012,False,ring12,reuse,0,0,0,0,0,0,N/A,empty_baseline
max3sat,max3sat_013,True,grid12,canonical,282,282,0,0,454,0,1.0,stable
max3sat,max3sat_013,True,grid12,reuse,432,432,0,0,1764,0,1.0,stable
max3sat,max3sat_013,True,line12,canonical,549,225,324,324,25,0,0.4098360655737705,partial
max3sat,max3sat_013,True,line12,reuse,0,0,0,0,0,0,N/A,empty_baseline
max3sat,max3sat_013,True,ring12,canonical,1668,505,1163,1163,0,0,0.302757793764988,partial
max3sat,max3sat_013,True,ring12,reuse,0,0,0,0,0,0,N/A,empty_baseline
max3sat,max3sat_014,False,grid12,canonical,216,216,0,0,0,0,1.0,stable
max3sat,max3sat_014,False,grid12,reuse,0,0,0,0,0,0,N/A,empty_baseline
max3sat,max3sat_014,False,line12,canonical,0,0,0,0,0,0,N/A,empty_baseline
max3sat,max3sat_014,False,line12,reuse,0,0,0,0,0,0,N/A,empty_baseline
max3sat,max3sat_014,False,ring12,canonical,0,0,0,0,0,0,N/A,empty_baseline
max3sat,max3sat_014,False,ring12,reuse,0,0,0,0,0,0,N/A,empty_baseline
max3sat,max3sat_015,False,grid12,canonical,0,0,0,0,0,0,N/A,empty_baseline
max3sat,max3sat_015,False,grid12,reuse,0,0,0,0,0,0,N/A,empty_baseline
max3sat,max3sat_015,False,line12,canonical,0,0,0,0,0,0,N/A,empty_baseline
max3sat,max3sat_015,False,line12,reuse,0,0,0,0,0,0,N/A,empty_baseline
max3sat,max3sat_015,False,ring12,canonical,0,0,0,0,0,0,N/A,empty_baseline
max3sat,max3sat_015,False,ring12,reuse,0,0,0,0,0,0,N/A,empty_baseline
max3sat,max3sat_016,True,grid12,canonical,780,780,0,0,1824,0,1.0,stable
max3sat,max3sat_016,True,grid12,reuse,0,0,0,0,0,0,N/A,empty_baseline
max3sat,max3sat_016,True,line12,canonical,360,360,0,0,1512,0,1.0,stable
max3sat,max3sat_016,True,line12,reuse,0,0,0,0,0,0,N/A,empty_baseline
max3sat,max3sat_016,True,ring12,canonical,360,360,0,0,1512,0,1.0,stable
max3sat,max3sat_016,True,ring12,reuse,0,0,0,0,0,0,N/A,empty_baseline
max3sat,max3sat_017,True,grid12,canonical,0,0,0,0,0,0,N/A,empty_baseline
max3sat,max3sat_017,True,grid12,reuse,1830,0,1830,1830,0,0,0.0,disappeared
max3sat,max3sat_017,True,line12,canonical,0,0,0,0,0,0,N/A,empty_baseline
max3sat,max3sat_017,True,line12,reuse,0,0,0,0,0,0,N/A,empty_baseline
max3sat,max3sat_017,True,ring12,canonical,170,0,170,165,64,0,0.0,disappeared
max3sat,max3sat_017,True,ring12,reuse,0,0,0,0,0,0,N/A,empty_baseline
max3sat,max3sat_018,False,grid12,canonical,0,0,0,0,0,0,N/A,empty_baseline
max3sat,max3sat_018,False,grid12,reuse,0,0,0,0,1800,0,N/A,empty_baseline
max3sat,max3sat_018,False,line12,canonical,0,0,0,0,918,0,N/A,empty_baseline
max3sat,max3sat_018,False,line12,reuse,864,864,0,0,1476,0,1.0,stable
max3sat,max3sat_018,False,ring12,canonical,54,0,54,0,1469,0,0.0,disappeared
max3sat,max3sat_018,False,ring12,reuse,864,864,0,0,1248,0,1.0,stable
max3sat,max3sat_019,True,grid12,canonical,1280,0,1280,415,0,0,0.0,disappeared
max3sat,max3sat_019,True,grid12,reuse,0,0,0,0,1872,0,N/A,empty_baseline
max3sat,max3sat_019,True,line12,canonical,1665,475,1190,0,375,0,0.2852852852852853,partial
max3sat,max3sat_019,True,line12,reuse,1692,1512,180,0,0,0,0.8936170212765957,partial
max3sat,max3sat_019,True,ring12,canonical,455,405,50,0,1186,0,0.8901098901098901,partial
max3sat,max3sat_019,True,ring12,reuse,1314,1304,10,0,12,0,0.9923896499238964,partial
max3sat,max3sat_020,True,grid12,canonical,0,0,0,0,144,0,N/A,empty_baseline
max3sat,max3sat_020,True,grid12,reuse,0,0,0,0,0,0,N/A,empty_baseline
max3sat,max3sat_020,True,line12,canonical,0,0,0,0,184,0,N/A,empty_baseline
max3sat,max3sat_020,True,line12,reuse,0,0,0,0,1512,0,N/A,empty_baseline
max3sat,max3sat_020,True,ring12,canonical,0,0,0,0,852,0,N/A,empty_baseline
max3sat,max3sat_020,True,ring12,reuse,0,0,0,0,1512,0,N/A,empty_baseline
max3sat,max3sat_021,True,grid12,canonical,968,300,668,50,760,0,0.30991735537190085,partial
max3sat,max3sat_021,True,grid12,reuse,954,0,954,288,216,0,0.0,disappeared
max3sat,max3sat_021,True,line12,canonical,1836,1836,0,0,0,0,1.0,stable
max3sat,max3sat_021,True,line12,reuse,1548,0,1548,0,36,0,0.0,disappeared
max3sat,max3sat_021,True,ring12,canonical,1836,1836,0,0,0,0,1.0,stable
max3sat,max3sat_021,True,ring12,reuse,1548,0,1548,0,36,0,0.0,disappeared
max3sat,max3sat_022,False,grid12,canonical,204,48,156,0,120,0,0.23529411764705882,partial
max3sat,max3sat_022,False,grid12,reuse,0,0,0,0,0,0,N/A,empty_baseline
max3sat,max3sat_022,False,line12,canonical,1926,650,1276,780,324,0,0.3374870197300104,partial
max3sat,max3sat_022,False,line12,reuse,0,0,0,0,0,0,N/A,empty_baseline
max3sat,max3sat_022,False,ring12,canonical,1926,650,1276,780,451,0,0.3374870197300104,partial
max3sat,max3sat_022,False,ring12,reuse,0,0,0,0,0,0,N/A,empty_baseline
max3sat,max3sat_023,False,grid12,canonical,294,144,150,0,2136,0,0.4897959183673469,partial
max3sat,max3sat_023,False,grid12,reuse,0,0,0,0,216,0,N/A,empty_baseline
max3sat,max3sat_023,False,line12,canonical,996,738,258,0,135,0,0.7409638554216867,partial
max3sat,max3sat_023,False,line12,reuse,432,432,0,0,0,0,1.0,stable
max3sat,max3sat_023,False,ring12,canonical,1254,1058,196,3,190,0,0.8437001594896332,partial
max3sat,max3sat_023,False,ring12,reuse,432,432,0,0,0,0,1.0,stable
max3sat,max3sat_024,False,grid12,canonical,0,0,0,0,0,0,N/A,empty_baseline
max3sat,max3sat_024,False,grid12,reuse,0,0,0,0,0,0,N/A,empty_baseline
max3sat,max3sat_024,False,line12,canonical,1230,0,1230,510,0,0,0.0,disappeared
max3sat,max3sat_024,False,line12,reuse,0,0,0,0,0,0,N/A,empty_baseline
max3sat,max3sat_024,False,ring12,canonical,1055,0,1055,0,5,0,0.0,disappeared
max3sat,max3sat_024,False,ring12,reuse,0,0,0,0,0,0,N/A,empty_baseline
max3sat,max3sat_025,False,grid12,canonical,0,0,0,0,1764,0,N/A,empty_baseline
max3sat,max3sat_025,False,grid12,reuse,0,0,0,0,0,0,N/A,empty_baseline
max3sat,max3sat_025,False,line12,canonical,0,0,0,0,0,0,N/A,empty_baseline
max3sat,max3sat_025,False,line12,reuse,0,0,0,0,0,0,N/A,empty_baseline
max3sat,max3sat_025,False,ring12,canonical,0,0,0,0,0,0,N/A,empty_baseline
max3sat,max3sat_025,False,ring12,reuse,0,0,0,0,0,0,N/A,empty_baseline
max3sat,max3sat_026,False,grid12,canonical,155,150,5,5,802,0,0.967741935483871,partial
max3sat,max3sat_026,False,grid12,reuse,2304,2124,180,180,0,0,0.921875,partial
max3sat,max3sat_026,False,line12,canonical,0,0,0,0,150,0,N/A,empty_baseline
max3sat,max3sat_026,False,line12,reuse,0,0,0,0,1548,0,N/A,empty_baseline
max3sat,max3sat_026,False,ring12,canonical,0,0,0,0,198,0,N/A,empty_baseline
max3sat,max3sat_026,False,ring12,reuse,0,0,0,0,1548,0,N/A,empty_baseline
max3sat,max3sat_027,False,grid12,canonical,319,0,319,5,506,0,0.0,disappeared
max3sat,max3sat_027,False,grid12,reuse,0,0,0,0,0,0,N/A,empty_baseline
max3sat,max3sat_027,False,line12,canonical,1506,520,986,0,0,0,0.3452855245683931,partial
max3sat,max3sat_027,False,line12,reuse,0,0,0,0,0,0,N/A,empty_baseline
max3sat,max3sat_027,False,ring12,canonical,1506,1070,436,0,0,0,0.7104913678618858,partial
max3sat,max3sat_027,False,ring12,reuse,0,0,0,0,0,0,N/A,empty_baseline
max3sat,max3sat_028,False,grid12,canonical,0,0,0,0,1692,0,N/A,empty_baseline
max3sat,max3sat_028,False,grid12,reuse,0,0,0,0,0,0,N/A,empty_baseline
max3sat,max3sat_028,False,line12,canonical,0,0,0,0,0,0,N/A,empty_baseline
max3sat,max3sat_028,False,line12,reuse,0,0,0,0,0,0,N/A,empty_baseline
max3sat,max3sat_028,False,ring12,canonical,0,0,0,0,0,0,N/A,empty_baseline
max3sat,max3sat_028,False,ring12,reuse,0,0,0,0,0,0,N/A,empty_baseline
max3sat,max3sat_029,False,grid12,canonical,0,0,0,0,0,0,N/A,empty_baseline
max3sat,max3sat_029,False,grid12,reuse,0,0,0,0,1794,0,N/A,empty_baseline
max3sat,max3sat_029,False,line12,canonical,0,0,0,0,0,0,N/A,empty_baseline
max3sat,max3sat_029,False,line12,reuse,0,0,0,0,0,0,N/A,empty_baseline
max3sat,max3sat_029,False,ring12,canonical,0,0,0,0,0,0,N/A,empty_baseline
max3sat,max3sat_029,False,ring12,reuse,0,0,0,0,0,0,N/A,empty_baseline
pair_star_isolated,pair_star_isolated_000,False,grid12,canonical,30,24,6,0,856,0,0.8,partial
pair_star_isolated,pair_star_isolated_000,False,grid12,reuse,1092,0,1092,0,272,0,0.0,disappeared
pair_star_isolated,pair_star_isolated_000,False,line12,canonical,180,180,0,0,45,0,1.0,stable
pair_star_isolated,pair_star_isolated_000,False,line12,reuse,456,268,188,0,123,0,0.5877192982456141,partial
pair_star_isolated,pair_star_isolated_000,False,ring12,canonical,78,36,42,0,12,0,0.46153846153846156,partial
pair_star_isolated,pair_star_isolated_000,False,ring12,reuse,18,6,12,0,0,0,0.3333333333333333,partial
pair_star_isolated,pair_star_isolated_001,False,grid12,canonical,2016,708,1308,0,72,0,0.35119047619047616,partial
pair_star_isolated,pair_star_isolated_001,False,grid12,reuse,144,84,60,0,1812,0,0.5833333333333334,partial
pair_star_isolated,pair_star_isolated_001,False,line12,canonical,1437,1338,99,0,98,0,0.9311064718162839,partial
pair_star_isolated,pair_star_isolated_001,False,line12,reuse,1073,695,378,0,0,0,0.6477166821994408,partial
pair_star_isolated,pair_star_isolated_001,False,ring12,canonical,266,260,6,0,6,0,0.9774436090225563,partial
pair_star_isolated,pair_star_isolated_001,False,ring12,reuse,174,156,18,0,24,0,0.896551724137931,partial
pair_star_isolated,pair_star_isolated_002,True,grid12,canonical,114,60,54,0,1877,0,0.5263157894736842,partial
pair_star_isolated,pair_star_isolated_002,True,grid12,reuse,198,120,78,0,1443,0,0.6060606060606061,partial
pair_star_isolated,pair_star_isolated_002,True,line12,canonical,210,89,121,2,0,0,0.4238095238095238,partial
pair_star_isolated,pair_star_isolated_002,True,line12,reuse,684,0,684,0,432,0,0.0,disappeared
pair_star_isolated,pair_star_isolated_002,True,ring12,canonical,26,20,6,0,56,0,0.7692307692307693,partial
pair_star_isolated,pair_star_isolated_002,True,ring12,reuse,6,6,0,0,36,0,1.0,stable
pair_star_isolated,pair_star_isolated_003,False,grid12,canonical,1068,541,527,0,1130,0,0.5065543071161048,partial
pair_star_isolated,pair_star_isolated_003,False,grid12,reuse,1968,564,1404,276,90,0,0.2865853658536585,partial
pair_star_isolated,pair_star_isolated_003,False,line12,canonical,165,165,0,0,360,0,1.0,stable
pair_star_isolated,pair_star_isolated_003,False,line12,reuse,330,285,45,0,75,0,0.8636363636363636,partial
pair_star_isolated,pair_star_isolated_003,False,ring12,canonical,50,44,6,0,23,0,0.88,partial
pair_star_isolated,pair_star_isolated_003,False,ring12,reuse,105,90,15,0,19,0,0.8571428571428571,partial
pair_star_isolated,pair_star_isolated_004,True,grid12,canonical,750,652,98,0,86,0,0.8693333333333333,partial
pair_star_isolated,pair_star_isolated_004,True,grid12,reuse,234,216,18,0,126,0,0.9230769230769231,partial
pair_star_isolated,pair_star_isolated_004,True,line12,canonical,330,300,30,0,60,0,0.9090909090909091,partial
pair_star_isolated,pair_star_isolated_004,True,line12,reuse,753,270,483,0,48,0,0.35856573705179284,partial
pair_star_isolated,pair_star_isolated_004,True,ring12,canonical,246,246,0,0,12,0,1.0,stable
pair_star_isolated,pair_star_isolated_004,True,ring12,reuse,120,96,24,6,18,0,0.8,partial
pair_star_isolated,pair_star_isolated_005,True,grid12,canonical,838,766,72,5,77,0,0.9140811455847255,partial
pair_star_isolated,pair_star_isolated_005,True,grid12,reuse,1764,132,1632,6,174,0,0.07482993197278912,partial
pair_star_isolated,pair_star_isolated_005,True,line12,canonical,720,681,39,0,75,0,0.9458333333333333,partial
pair_star_isolated,pair_star_isolated_005,True,line12,reuse,363,45,318,0,51,0,0.12396694214876033,partial
pair_star_isolated,pair_star_isolated_005,True,ring12,canonical,178,134,44,34,0,0,0.7528089887640449,partial
pair_star_isolated,pair_star_isolated_005,True,ring12,reuse,30,19,11,0,100,0,0.6333333333333333,partial
pair_star_isolated,pair_star_isolated_006,True,grid12,canonical,394,292,102,0,138,0,0.7411167512690355,partial
pair_star_isolated,pair_star_isolated_006,True,grid12,reuse,264,162,102,0,100,0,0.6136363636363636,partial
pair_star_isolated,pair_star_isolated_006,True,line12,canonical,516,350,166,0,110,0,0.6782945736434108,partial
pair_star_isolated,pair_star_isolated_006,True,line12,reuse,0,0,0,0,0,0,N/A,empty_baseline
pair_star_isolated,pair_star_isolated_006,True,ring12,canonical,91,91,0,0,15,0,1.0,stable
pair_star_isolated,pair_star_isolated_006,True,ring12,reuse,0,0,0,0,0,0,N/A,empty_baseline
pair_star_isolated,pair_star_isolated_007,True,grid12,canonical,538,232,306,0,1160,0,0.4312267657992565,partial
pair_star_isolated,pair_star_isolated_007,True,grid12,reuse,362,126,236,0,282,0,0.34806629834254144,partial
pair_star_isolated,pair_star_isolated_007,True,line12,canonical,488,470,18,2,333,0,0.9631147540983607,partial
pair_star_isolated,pair_star_isolated_007,True,line12,reuse,328,178,150,0,195,0,0.5426829268292683,partial
pair_star_isolated,pair_star_isolated_007,True,ring12,canonical,87,79,8,0,1,0,0.9080459770114943,partial
pair_star_isolated,pair_star_isolated_007,True,ring12,reuse,87,81,6,0,18,0,0.9310344827586207,partial
pair_star_isolated,pair_star_isolated_008,False,grid12,canonical,1795,949,846,12,365,0,0.5286908077994429,partial
pair_star_isolated,pair_star_isolated_008,False,grid12,reuse,0,0,0,0,24,0,N/A,empty_baseline
pair_star_isolated,pair_star_isolated_008,False,line12,canonical,265,265,0,0,185,0,1.0,stable
pair_star_isolated,pair_star_isolated_008,False,line12,reuse,85,85,0,0,50,0,1.0,stable
pair_star_isolated,pair_star_isolated_008,False,ring12,canonical,213,195,18,0,118,0,0.9154929577464789,partial
pair_star_isolated,pair_star_isolated_008,False,ring12,reuse,146,86,60,12,92,0,0.589041095890411,partial
pair_star_isolated,pair_star_isolated_009,False,grid12,canonical,552,204,348,82,2587,0,0.3695652173913043,partial
pair_star_isolated,pair_star_isolated_009,False,grid12,reuse,1746,0,1746,0,408,0,0.0,disappeared
pair_star_isolated,pair_star_isolated_009,False,line12,canonical,316,262,54,0,130,0,0.8291139240506329,partial
pair_star_isolated,pair_star_isolated_009,False,line12,reuse,45,0,45,0,150,0,0.0,disappeared
pair_star_isolated,pair_star_isolated_009,False,ring12,canonical,219,213,6,0,0,0,0.9726027397260274,partial
pair_star_isolated,pair_star_isolated_009,False,ring12,reuse,36,18,18,0,12,0,0.5,partial
pair_star_isolated,pair_star_isolated_010,False,grid12,canonical,439,48,391,343,12,0,0.10933940774487472,partial
pair_star_isolated,pair_star_isolated_010,False,grid12,reuse,90,42,48,0,2232,0,0.4666666666666667,partial
pair_star_isolated,pair_star_isolated_010,False,line12,canonical,243,174,69,0,0,0,0.7160493827160493,partial
pair_star_isolated,pair_star_isolated_010,False,line12,reuse,60,0,60,0,432,0,0.0,disappeared
pair_star_isolated,pair_star_isolated_010,False,ring12,canonical,53,53,0,0,22,0,1.0,stable
pair_star_isolated,pair_star_isolated_010,False,ring12,reuse,98,92,6,0,91,0,0.9387755102040817,partial
pair_star_isolated,pair_star_isolated_011,False,grid12,canonical,1704,78,1626,0,864,0,0.045774647887323945,partial
pair_star_isolated,pair_star_isolated_011,False,grid12,reuse,1728,42,1686,0,105,0,0.024305555555555556,partial
pair_star_isolated,pair_star_isolated_011,False,line12,canonical,353,298,55,0,30,0,0.8441926345609065,partial
pair_star_isolated,pair_star_isolated_011,False,line12,reuse,144,90,54,0,30,0,0.625,partial
pair_star_isolated,pair_star_isolated_011,False,ring12,canonical,297,134,163,0,0,0,0.4511784511784512,partial
pair_star_isolated,pair_star_isolated_011,False,ring12,reuse,324,67,257,138,18,0,0.20679012345679013,partial
pair_star_isolated,pair_star_isolated_012,False,grid12,canonical,662,596,66,0,20,0,0.9003021148036254,partial
pair_star_isolated,pair_star_isolated_012,False,grid12,reuse,560,539,21,0,49,0,0.9625,partial
pair_star_isolated,pair_star_isolated_012,False,line12,canonical,731,654,77,0,249,0,0.8946648426812586,partial
pair_star_isolated,pair_star_isolated_012,False,line12,reuse,121,0,121,45,90,0,0.0,disappeared
pair_star_isolated,pair_star_isolated_012,False,ring12,canonical,239,231,8,0,0,0,0.9665271966527197,partial
pair_star_isolated,pair_star_isolated_012,False,ring12,reuse,83,21,62,5,43,0,0.25301204819277107,partial
pair_star_isolated,pair_star_isolated_013,False,grid12,canonical,302,24,278,248,864,0,0.07947019867549669,partial
pair_star_isolated,pair_star_isolated_013,False,grid12,reuse,42,0,42,0,2362,0,0.0,disappeared
pair_star_isolated,pair_star_isolated_013,False,line12,canonical,508,405,103,98,3,0,0.797244094488189,partial
pair_star_isolated,pair_star_isolated_013,False,line12,reuse,564,444,120,120,0,0,0.7872340425531915,partial
pair_star_isolated,pair_star_isolated_013,False,ring12,canonical,65,59,6,0,0,0,0.9076923076923077,partial
pair_star_isolated,pair_star_isolated_013,False,ring12,reuse,85,84,1,0,0,0,0.9882352941176471,partial
pair_star_isolated,pair_star_isolated_014,False,grid12,canonical,792,524,268,0,1368,0,0.6616161616161617,partial
pair_star_isolated,pair_star_isolated_014,False,grid12,reuse,120,120,0,0,1902,0,1.0,stable
pair_star_isolated,pair_star_isolated_014,False,line12,canonical,494,481,13,0,56,0,0.9736842105263158,partial
pair_star_isolated,pair_star_isolated_014,False,line12,reuse,670,323,347,30,161,0,0.48208955223880595,partial
pair_star_isolated,pair_star_isolated_014,False,ring12,canonical,124,94,30,0,36,0,0.7580645161290323,partial
pair_star_isolated,pair_star_isolated_014,False,ring12,reuse,154,96,58,12,24,0,0.6233766233766234,partial
pair_star_isolated,pair_star_isolated_015,False,grid12,canonical,1563,1260,303,0,478,0,0.8061420345489443,partial
pair_star_isolated,pair_star_isolated_015,False,grid12,reuse,102,30,72,12,1668,0,0.29411764705882354,partial
pair_star_isolated,pair_star_isolated_015,False,line12,canonical,507,453,54,0,158,0,0.893491124260355,partial
pair_star_isolated,pair_star_isolated_015,False,line12,reuse,395,349,46,45,60,0,0.8835443037974684,partial
pair_star_isolated,pair_star_isolated_015,False,ring12,canonical,78,72,6,0,12,0,0.9230769230769231,partial
pair_star_isolated,pair_star_isolated_015,False,ring12,reuse,84,79,5,5,25,0,0.9404761904761905,partial
pair_star_isolated,pair_star_isolated_016,True,grid12,canonical,120,48,72,0,0,0,0.4,partial
pair_star_isolated,pair_star_isolated_016,True,grid12,reuse,1476,78,1398,0,24,0,0.052845528455284556,partial
pair_star_isolated,pair_star_isolated_016,True,line12,canonical,30,30,0,0,0,0,1.0,stable
pair_star_isolated,pair_star_isolated_016,True,line12,reuse,33,0,33,1,0,0,0.0,disappeared
pair_star_isolated,pair_star_isolated_016,True,ring12,canonical,59,59,0,0,15,0,1.0,stable
pair_star_isolated,pair_star_isolated_016,True,ring12,reuse,2124,2124,0,0,6,0,1.0,stable
pair_star_isolated,pair_star_isolated_017,False,grid12,canonical,174,54,120,0,66,0,0.3103448275862069,partial
pair_star_isolated,pair_star_isolated_017,False,grid12,reuse,201,126,75,0,55,0,0.6268656716417911,partial
pair_star_isolated,pair_star_isolated_017,False,line12,canonical,198,40,158,158,0,0,0.20202020202020202,partial
pair_star_isolated,pair_star_isolated_017,False,line12,reuse,120,60,60,0,40,0,0.5,partial
pair_star_isolated,pair_star_isolated_017,False,ring12,canonical,48,38,10,0,6,0,0.7916666666666666,partial
pair_star_isolated,pair_star_isolated_017,False,ring12,reuse,100,100,0,0,36,0,1.0,stable
pair_star_isolated,pair_star_isolated_018,False,grid12,canonical,341,126,215,0,475,0,0.36950146627565983,partial
pair_star_isolated,pair_star_isolated_018,False,grid12,reuse,12,0,12,0,1728,0,0.0,disappeared
pair_star_isolated,pair_star_isolated_018,False,line12,canonical,332,259,73,0,11,0,0.7801204819277109,partial
pair_star_isolated,pair_star_isolated_018,False,line12,reuse,72,36,36,0,218,0,0.5,partial
pair_star_isolated,pair_star_isolated_018,False,ring12,canonical,98,98,0,0,0,0,1.0,stable
pair_star_isolated,pair_star_isolated_018,False,ring12,reuse,18,0,18,0,0,0,0.0,disappeared
pair_star_isolated,pair_star_isolated_019,True,grid12,canonical,644,432,212,0,24,0,0.6708074534161491,partial
pair_star_isolated,pair_star_isolated_019,True,grid12,reuse,608,24,584,560,60,0,0.039473684210526314,partial
pair_star_isolated,pair_star_isolated_019,True,line12,canonical,40,10,30,30,208,0,0.25,partial
pair_star_isolated,pair_star_isolated_019,True,line12,reuse,0,0,0,0,152,0,N/A,empty_baseline
pair_star_isolated,pair_star_isolated_019,True,ring12,canonical,24,18,6,0,6,0,0.75,partial
pair_star_isolated,pair_star_isolated_019,True,ring12,reuse,0,0,0,0,0,0,N/A,empty_baseline
pair_star_isolated,pair_star_isolated_020,True,grid12,canonical,2520,204,2316,0,48,0,0.08095238095238096,partial
pair_star_isolated,pair_star_isolated_020,True,grid12,reuse,54,0,54,24,2755,0,0.0,disappeared
pair_star_isolated,pair_star_isolated_020,True,line12,canonical,190,165,25,0,30,0,0.868421052631579,partial
pair_star_isolated,pair_star_isolated_020,True,line12,reuse,45,0,45,0,0,0,0.0,disappeared
pair_star_isolated,pair_star_isolated_020,True,ring12,canonical,30,12,18,0,6,0,0.4,partial
pair_star_isolated,pair_star_isolated_020,True,ring12,reuse,0,0,0,0,0,0,N/A,empty_baseline
pair_star_isolated,pair_star_isolated_021,False,grid12,canonical,690,12,678,24,2040,0,0.017391304347826087,partial
pair_star_isolated,pair_star_isolated_021,False,grid12,reuse,2874,30,2844,0,66,0,0.010438413361169102,partial
pair_star_isolated,pair_star_isolated_021,False,line12,canonical,228,227,1,0,77,0,0.9956140350877193,partial
pair_star_isolated,pair_star_isolated_021,False,line12,reuse,36,0,36,0,0,0,0.0,disappeared
pair_star_isolated,pair_star_isolated_021,False,ring12,canonical,88,51,37,0,2,0,0.5795454545454546,partial
pair_star_isolated,pair_star_isolated_021,False,ring12,reuse,24,12,12,0,0,0,0.5,partial
pair_star_isolated,pair_star_isolated_022,False,grid12,canonical,568,60,508,0,1286,0,0.1056338028169014,partial
pair_star_isolated,pair_star_isolated_022,False,grid12,reuse,248,24,224,0,1620,0,0.0967741935483871,partial
pair_star_isolated,pair_star_isolated_022,False,line12,canonical,508,372,136,28,53,0,0.7322834645669292,partial
pair_star_isolated,pair_star_isolated_022,False,line12,reuse,510,482,28,0,72,0,0.9450980392156862,partial
pair_star_isolated,pair_star_isolated_022,False,ring12,canonical,136,73,63,43,148,0,0.5367647058823529,partial
pair_star_isolated,pair_star_isolated_022,False,ring12,reuse,84,84,0,0,162,0,1.0,stable
pair_star_isolated,pair_star_isolated_023,False,grid12,canonical,931,858,73,1,110,0,0.9215896885069818,partial
pair_star_isolated,pair_star_isolated_023,False,grid12,reuse,528,486,42,0,0,0,0.9204545454545454,partial
pair_star_isolated,pair_star_isolated_023,False,line12,canonical,534,433,101,0,450,0,0.8108614232209738,partial
pair_star_isolated,pair_star_isolated_023,False,line12,reuse,45,0,45,45,405,0,0.0,disappeared
pair_star_isolated,pair_star_isolated_023,False,ring12,canonical,69,37,32,0,0,0,0.5362318840579711,partial
pair_star_isolated,pair_star_isolated_023,False,ring12,reuse,90,80,10,0,12,0,0.8888888888888888,partial
pair_star_isolated,pair_star_isolated_024,False,grid12,canonical,36,36,0,0,912,0,1.0,stable
pair_star_isolated,pair_star_isolated_024,False,grid12,reuse,562,304,258,54,36,0,0.5409252669039146,partial
pair_star_isolated,pair_star_isolated_024,False,line12,canonical,636,371,265,218,111,0,0.5833333333333334,partial
pair_star_isolated,pair_star_isolated_024,False,line12,reuse,972,739,233,120,0,0,0.7602880658436214,partial
pair_star_isolated,pair_star_isolated_024,False,ring12,canonical,80,74,6,0,0,0,0.925,partial
pair_star_isolated,pair_star_isolated_024,False,ring12,reuse,18,18,0,0,0,0,1.0,stable
pair_star_isolated,pair_star_isolated_025,True,grid12,canonical,502,330,172,0,57,0,0.6573705179282868,partial
pair_star_isolated,pair_star_isolated_025,True,grid12,reuse,442,378,64,0,176,0,0.8552036199095022,partial
pair_star_isolated,pair_star_isolated_025,True,line12,canonical,755,685,70,0,63,0,0.9072847682119205,partial
pair_star_isolated,pair_star_isolated_025,True,line12,reuse,200,180,20,0,85,0,0.9,partial
pair_star_isolated,pair_star_isolated_025,True,ring12,canonical,254,230,24,12,12,0,0.905511811023622,partial
pair_star_isolated,pair_star_isolated_025,True,ring12,reuse,68,45,23,0,0,0,0.6617647058823529,partial
pair_star_isolated,pair_star_isolated_026,False,grid12,canonical,645,582,63,0,72,0,0.9023255813953488,partial
pair_star_isolated,pair_star_isolated_026,False,grid12,reuse,504,504,0,0,81,0,1.0,stable
pair_star_isolated,pair_star_isolated_026,False,line12,canonical,577,546,31,31,297,0,0.9462738301559792,partial
pair_star_isolated,pair_star_isolated_026,False,line12,reuse,819,711,108,0,45,0,0.8681318681318682,partial
pair_star_isolated,pair_star_isolated_026,False,ring12,canonical,118,72,46,10,42,0,0.6101694915254238,partial
pair_star_isolated,pair_star_isolated_026,False,ring12,reuse,110,98,12,0,28,0,0.8909090909090909,partial
pair_star_isolated,pair_star_isolated_027,True,grid12,canonical,510,23,487,0,51,0,0.045098039215686274,partial
pair_star_isolated,pair_star_isolated_027,True,grid12,reuse,210,84,126,6,1626,0,0.4,partial
pair_star_isolated,pair_star_isolated_027,True,line12,canonical,320,280,40,0,158,0,0.875,partial
pair_star_isolated,pair_star_isolated_027,True,line12,reuse,144,75,69,9,90,0,0.5208333333333334,partial
pair_star_isolated,pair_star_isolated_027,True,ring12,canonical,102,102,0,0,85,0,1.0,stable
pair_star_isolated,pair_star_isolated_027,True,ring12,reuse,144,115,29,0,84,0,0.7986111111111112,partial
pair_star_isolated,pair_star_isolated_028,False,grid12,canonical,150,120,30,0,550,0,0.8,partial
pair_star_isolated,pair_star_isolated_028,False,grid12,reuse,36,36,0,0,36,0,1.0,stable
pair_star_isolated,pair_star_isolated_028,False,line12,canonical,30,30,0,0,42,0,1.0,stable
pair_star_isolated,pair_star_isolated_028,False,line12,reuse,60,0,60,0,60,0,0.0,disappeared
pair_star_isolated,pair_star_isolated_028,False,ring12,canonical,57,45,12,0,20,0,0.7894736842105263,partial
pair_star_isolated,pair_star_isolated_028,False,ring12,reuse,106,103,3,0,30,0,0.9716981132075472,partial
pair_star_isolated,pair_star_isolated_029,False,grid12,canonical,713,549,164,0,1659,0,0.7699859747545582,partial
pair_star_isolated,pair_star_isolated_029,False,grid12,reuse,1272,132,1140,282,18,0,0.10377358490566038,partial
pair_star_isolated,pair_star_isolated_029,False,line12,canonical,659,617,42,0,56,0,0.936267071320182,partial
pair_star_isolated,pair_star_isolated_029,False,line12,reuse,483,467,16,0,1,0,0.9668737060041408,partial
pair_star_isolated,pair_star_isolated_029,False,ring12,canonical,37,37,0,0,40,0,1.0,stable
pair_star_isolated,pair_star_isolated_029,False,ring12,reuse,0,0,0,0,6,0,N/A,empty_baseline
