family,instance_id,topology,synthesis,true_cells,false_cells,unknown_cells,any_true,seed_union_interpretation
max3sat,max3sat_000,grid12,canonical,366,20557,0,True,union_of_complete_actual_circuit_vectors; no componentwise minima
max3sat,max3sat_000,grid12,reuse,0,20923,0,False,union_of_complete_actual_circuit_vectors; no componentwise minima
max3sat,max3sat_000,line12,canonical,0,20923,0,False,union_of_complete_actual_circuit_vectors; no componentwise minima
max3sat,max3sat_000,line12,reuse,0,20923,0,False,union_of_complete_actual_circuit_vectors; no componentwise minima
max3sat,max3sat_000,ring12,canonical,0,20923,0,False,union_of_complete_actual_circuit_vectors; no componentwise minima
max3sat,max3sat_000,ring12,reuse,0,20923,0,False,union_of_complete_actual_circuit_vectors; no componentwise minima
max3sat,max3sat_001,grid12,canonical,462,20461,0,True,union_of_complete_actual_circuit_vectors; no componentwise minima
max3sat,max3sat_001,grid12,reuse,0,20923,0,False,union_of_complete_actual_circuit_vectors; no componentwise minima
max3sat,max3sat_001,line12,canonical,165,20758,0,True,union_of_complete_actual_circuit_vectors; no componentwise minima
max3sat,max3sat_001,line12,reuse,0,20923,0,False,union_of_complete_actual_circuit_vectors; no componentwise minima
max3sat,max3sat_001,ring12,canonical,196,20727,0,True,union_of_complete_actual_circuit_vectors; no componentwise minima
max3sat,max3sat_001,ring12,reuse,0,20923,0,False,union_of_complete_actual_circuit_vectors; no componentwise minima
max3sat,max3sat_002,grid12,canonical,76,20847,0,True,union_of_complete_actual_circuit_vectors; no componentwise minima
max3sat,max3sat_002,grid12,reuse,0,20923,0,False,union_of_complete_actual_circuit_vectors; no componentwise minima
max3sat,max3sat_002,line12,canonical,925,19998,0,True,union_of_complete_actual_circuit_vectors; no componentwise minima
max3sat,max3sat_002,line12,reuse,0,20923,0,False,union_of_complete_actual_circuit_vectors; no componentwise minima
max3sat,max3sat_002,ring12,canonical,0,20923,0,False,union_of_complete_actual_circuit_vectors; no componentwise minima
max3sat,max3sat_002,ring12,reuse,0,20923,0,False,union_of_complete_actual_circuit_vectors; no componentwise minima
max3sat,max3sat_003,grid12,canonical,1866,19057,0,True,union_of_complete_actual_circuit_vectors; no componentwise minima
max3sat,max3sat_003,grid12,reuse,0,20923,0,False,union_of_complete_actual_circuit_vectors; no componentwise minima
max3sat,max3sat_003,line12,canonical,582,20341,0,True,union_of_complete_actual_circuit_vectors; no componentwise minima
max3sat,max3sat_003,line12,reuse,360,20563,0,True,union_of_complete_actual_circuit_vectors; no componentwise minima
max3sat,max3sat_003,ring12,canonical,582,20341,0,True,union_of_complete_actual_circuit_vectors; no componentwise minima
max3sat,max3sat_003,ring12,reuse,340,20583,0,True,union_of_complete_actual_circuit_vectors; no componentwise minima
max3sat,max3sat_004,grid12,canonical,1764,19159,0,True,union_of_complete_actual_circuit_vectors; no componentwise minima
max3sat,max3sat_004,grid12,reuse,216,20707,0,True,union_of_complete_actual_circuit_vectors; no componentwise minima
max3sat,max3sat_004,line12,canonical,0,20923,0,False,union_of_complete_actual_circuit_vectors; no componentwise minima
max3sat,max3sat_004,line12,reuse,1368,19555,0,True,union_of_complete_actual_circuit_vectors; no componentwise minima
max3sat,max3sat_004,ring12,canonical,0,20923,0,False,union_of_complete_actual_circuit_vectors; no componentwise minima
max3sat,max3sat_004,ring12,reuse,2070,18853,0,True,union_of_complete_actual_circuit_vectors; no componentwise minima
max3sat,max3sat_005,grid12,canonical,0,20923,0,False,union_of_complete_actual_circuit_vectors; no componentwise minima
max3sat,max3sat_005,grid12,reuse,216,20707,0,True,union_of_complete_actual_circuit_vectors; no componentwise minima
max3sat,max3sat_005,line12,canonical,0,20923,0,False,union_of_complete_actual_circuit_vectors; no componentwise minima
max3sat,max3sat_005,line12,reuse,0,20923,0,False,union_of_complete_actual_circuit_vectors; no componentwise minima
max3sat,max3sat_005,ring12,canonical,0,20923,0,False,union_of_complete_actual_circuit_vectors; no componentwise minima
max3sat,max3sat_005,ring12,reuse,0,20923,0,False,union_of_complete_actual_circuit_vectors; no componentwise minima
max3sat,max3sat_006,grid12,canonical,377,20546,0,True,union_of_complete_actual_circuit_vectors; no componentwise minima
max3sat,max3sat_006,grid12,reuse,180,20743,0,True,union_of_complete_actual_circuit_vectors; no componentwise minima
max3sat,max3sat_006,line12,canonical,352,20571,0,True,union_of_complete_actual_circuit_vectors; no componentwise minima
max3sat,max3sat_006,line12,reuse,0,20923,0,False,union_of_complete_actual_circuit_vectors; no componentwise minima
max3sat,max3sat_006,ring12,canonical,468,20455,0,True,union_of_complete_actual_circuit_vectors; no componentwise minima
max3sat,max3sat_006,ring12,reuse,0,20923,0,False,union_of_complete_actual_circuit_vectors; no componentwise minima
max3sat,max3sat_007,grid12,canonical,2016,18907,0,True,union_of_complete_actual_circuit_vectors; no componentwise minima
max3sat,max3sat_007,grid12,reuse,0,20923,0,False,union_of_complete_actual_circuit_vectors; no componentwise minima
max3sat,max3sat_007,line12,canonical,1470,19453,0,True,union_of_complete_actual_circuit_vectors; no componentwise minima
max3sat,max3sat_007,line12,reuse,0,20923,0,False,union_of_complete_actual_circuit_vectors; no componentwise minima
max3sat,max3sat_007,ring12,canonical,1470,19453,0,True,union_of_complete_actual_circuit_vectors; no componentwise minima
max3sat,max3sat_007,ring12,reuse,0,20923,0,False,union_of_complete_actual_circuit_vectors; no componentwise minima
max3sat,max3sat_008,grid12,canonical,216,20707,0,True,union_of_complete_actual_circuit_vectors; no componentwise minima
max3sat,max3sat_008,grid12,reuse,180,20743,0,True,union_of_complete_actual_circuit_vectors; no componentwise minima
max3sat,max3sat_008,line12,canonical,1162,19761,0,True,union_of_complete_actual_circuit_vectors; no componentwise minima
max3sat,max3sat_008,line12,reuse,0,20923,0,False,union_of_complete_actual_circuit_vectors; no componentwise minima
max3sat,max3sat_008,ring12,canonical,1755,19168,0,True,union_of_complete_actual_circuit_vectors; no componentwise minima
max3sat,max3sat_008,ring12,reuse,0,20923,0,False,union_of_complete_actual_circuit_vectors; no componentwise minima
max3sat,max3sat_009,grid12,canonical,180,20743,0,True,union_of_complete_actual_circuit_vectors; no componentwise minima
max3sat,max3sat_009,grid12,reuse,0,20923,0,False,union_of_complete_actual_circuit_vectors; no componentwise minima
max3sat,max3sat_009,line12,canonical,368,20555,0,True,union_of_complete_actual_circuit_vectors; no componentwise minima
max3sat,max3sat_009,line12,reuse,180,20743,0,True,union_of_complete_actual_circuit_vectors; no componentwise minima
max3sat,max3sat_009,ring12,canonical,430,20493,0,True,union_of_complete_actual_circuit_vectors; no componentwise minima
max3sat,max3sat_009,ring12,reuse,180,20743,0,True,union_of_complete_actual_circuit_vectors; no componentwise minima
max3sat,max3sat_010,grid12,canonical,312,20611,0,True,union_of_complete_actual_circuit_vectors; no componentwise minima
max3sat,max3sat_010,grid12,reuse,0,20923,0,False,union_of_complete_actual_circuit_vectors; no componentwise minima
max3sat,max3sat_010,line12,canonical,645,20278,0,True,union_of_complete_actual_circuit_vectors; no componentwise minima
max3sat,max3sat_010,line12,reuse,0,20923,0,False,union_of_complete_actual_circuit_vectors; no componentwise minima
max3sat,max3sat_010,ring12,canonical,740,20183,0,True,union_of_complete_actual_circuit_vectors; no componentwise minima
max3sat,max3sat_010,ring12,reuse,0,20923,0,False,union_of_complete_actual_circuit_vectors; no componentwise minima
max3sat,max3sat_011,grid12,canonical,432,20491,0,True,union_of_complete_actual_circuit_vectors; no componentwise minima
max3sat,max3sat_011,grid12,reuse,216,20707,0,True,union_of_complete_actual_circuit_vectors; no componentwise minima
max3sat,max3sat_011,line12,canonical,1280,19643,0,True,union_of_complete_actual_circuit_vectors; no componentwise minima
max3sat,max3sat_011,line12,reuse,1620,19303,0,True,union_of_complete_actual_circuit_vectors; no componentwise minima
max3sat,max3sat_011,ring12,canonical,1764,19159,0,True,union_of_complete_actual_circuit_vectors; no componentwise minima
max3sat,max3sat_011,ring12,reuse,1653,19270,0,True,union_of_complete_actual_circuit_vectors; no componentwise minima
max3sat,max3sat_012,grid12,canonical,1680,19243,0,True,union_of_complete_actual_circuit_vectors; no componentwise minima
max3sat,max3sat_012,grid12,reuse,0,20923,0,False,union_of_complete_actual_circuit_vectors; no componentwise minima
max3sat,max3sat_012,line12,canonical,0,20923,0,False,union_of_complete_actual_circuit_vectors; no componentwise minima
max3sat,max3sat_012,line12,reuse,0,20923,0,False,union_of_complete_actual_circuit_vectors; no componentwise minima
max3sat,max3sat_012,ring12,canonical,10,20913,0,True,union_of_complete_actual_circuit_vectors; no componentwise minima
max3sat,max3sat_012,ring12,reuse,0,20923,0,False,union_of_complete_actual_circuit_vectors; no componentwise minima
max3sat,max3sat_013,grid12,canonical,282,20641,0,True,union_of_complete_actual_circuit_vectors; no componentwise minima
max3sat,max3sat_013,grid12,reuse,432,20491,0,True,union_of_complete_actual_circuit_vectors; no componentwise minima
max3sat,max3sat_013,line12,canonical,225,20698,0,True,union_of_complete_actual_circuit_vectors; no componentwise minima
max3sat,max3sat_013,line12,reuse,0,20923,0,False,union_of_complete_actual_circuit_vectors; no componentwise minima
max3sat,max3sat_013,ring12,canonical,505,20418,0,True,union_of_complete_actual_circuit_vectors; no componentwise minima
max3sat,max3sat_013,ring12,reuse,0,20923,0,False,union_of_complete_actual_circuit_vectors; no componentwise minima
max3sat,max3sat_014,grid12,canonical,216,20707,0,True,union_of_complete_actual_circuit_vectors; no componentwise minima
max3sat,max3sat_014,grid12,reuse,0,20923,0,False,union_of_complete_actual_circuit_vectors; no componentwise minima
max3sat,max3sat_014,line12,canonical,0,20923,0,False,union_of_complete_actual_circuit_vectors; no componentwise minima
max3sat,max3sat_014,line12,reuse,0,20923,0,False,union_of_complete_actual_circuit_vectors; no componentwise minima
max3sat,max3sat_014,ring12,canonical,0,20923,0,False,union_of_complete_actual_circuit_vectors; no componentwise minima
max3sat,max3sat_014,ring12,reuse,0,20923,0,False,union_of_complete_actual_circuit_vectors; no componentwise minima
max3sat,max3sat_015,grid12,canonical,0,20923,0,False,union_of_complete_actual_circuit_vectors; no componentwise minima
max3sat,max3sat_015,grid12,reuse,0,20923,0,False,union_of_complete_actual_circuit_vectors; no componentwise minima
max3sat,max3sat_015,line12,canonical,0,20923,0,False,union_of_complete_actual_circuit_vectors; no componentwise minima
max3sat,max3sat_015,line12,reuse,0,20923,0,False,union_of_complete_actual_circuit_vectors; no componentwise minima
max3sat,max3sat_015,ring12,canonical,0,20923,0,False,union_of_complete_actual_circuit_vectors; no componentwise minima
max3sat,max3sat_015,ring12,reuse,0,20923,0,False,union_of_complete_actual_circuit_vectors; no componentwise minima
max3sat,max3sat_016,grid12,canonical,816,20107,0,True,union_of_complete_actual_circuit_vectors; no componentwise minima
max3sat,max3sat_016,grid12,reuse,0,20923,0,False,union_of_complete_actual_circuit_vectors; no componentwise minima
max3sat,max3sat_016,line12,canonical,1872,19051,0,True,union_of_complete_actual_circuit_vectors; no componentwise minima
max3sat,max3sat_016,line12,reuse,0,20923,0,False,union_of_complete_actual_circuit_vectors; no componentwise minima
max3sat,max3sat_016,ring12,canonical,1680,19243,0,True,union_of_complete_actual_circuit_vectors; no componentwise minima
max3sat,max3sat_016,ring12,reuse,0,20923,0,False,union_of_complete_actual_circuit_vectors; no componentwise minima
max3sat,max3sat_017,grid12,canonical,0,20923,0,False,union_of_complete_actual_circuit_vectors; no componentwise minima
max3sat,max3sat_017,grid12,reuse,0,20923,0,False,union_of_complete_actual_circuit_vectors; no componentwise minima
max3sat,max3sat_017,line12,canonical,0,20923,0,False,union_of_complete_actual_circuit_vectors; no componentwise minima
max3sat,max3sat_017,line12,reuse,0,20923,0,False,union_of_complete_actual_circuit_vectors; no componentwise minima
max3sat,max3sat_017,ring12,canonical,69,20854,0,True,union_of_complete_actual_circuit_vectors; no componentwise minima
max3sat,max3sat_017,ring12,reuse,0,20923,0,False,union_of_complete_actual_circuit_vectors; no componentwise minima
max3sat,max3sat_018,grid12,canonical,0,20923,0,False,union_of_complete_actual_circuit_vectors; no componentwise minima
max3sat,max3sat_018,grid12,reuse,0,20923,0,False,union_of_complete_actual_circuit_vectors; no componentwise minima
max3sat,max3sat_018,line12,canonical,596,20327,0,True,union_of_complete_actual_circuit_vectors; no componentwise minima
max3sat,max3sat_018,line12,reuse,864,20059,0,True,union_of_complete_actual_circuit_vectors; no componentwise minima
max3sat,max3sat_018,ring12,canonical,1337,19586,0,True,union_of_complete_actual_circuit_vectors; no componentwise minima
max3sat,max3sat_018,ring12,reuse,864,20059,0,True,union_of_complete_actual_circuit_vectors; no componentwise minima
max3sat,max3sat_019,grid12,canonical,0,20923,0,False,union_of_complete_actual_circuit_vectors; no componentwise minima
max3sat,max3sat_019,grid12,reuse,0,20923,0,False,union_of_complete_actual_circuit_vectors; no componentwise minima
max3sat,max3sat_019,line12,canonical,2040,18883,0,True,union_of_complete_actual_circuit_vectors; no componentwise minima
max3sat,max3sat_019,line12,reuse,1692,19231,0,True,union_of_complete_actual_circuit_vectors; no componentwise minima
max3sat,max3sat_019,ring12,canonical,1630,19293,0,True,union_of_complete_actual_circuit_vectors; no componentwise minima
max3sat,max3sat_019,ring12,reuse,1304,19619,0,True,union_of_complete_actual_circuit_vectors; no componentwise minima
max3sat,max3sat_020,grid12,canonical,0,20923,0,False,union_of_complete_actual_circuit_vectors; no componentwise minima
max3sat,max3sat_020,grid12,reuse,0,20923,0,False,union_of_complete_actual_circuit_vectors; no componentwise minima
max3sat,max3sat_020,line12,canonical,184,20739,0,True,union_of_complete_actual_circuit_vectors; no componentwise minima
max3sat,max3sat_020,line12,reuse,0,20923,0,False,union_of_complete_actual_circuit_vectors; no componentwise minima
max3sat,max3sat_020,ring12,canonical,832,20091,0,True,union_of_complete_actual_circuit_vectors; no componentwise minima
max3sat,max3sat_020,ring12,reuse,0,20923,0,False,union_of_complete_actual_circuit_vectors; no componentwise minima
max3sat,max3sat_021,grid12,canonical,1176,19747,0,True,union_of_complete_actual_circuit_vectors; no componentwise minima
max3sat,max3sat_021,grid12,reuse,216,20707,0,True,union_of_complete_actual_circuit_vectors; no componentwise minima
max3sat,max3sat_021,line12,canonical,1836,19087,0,True,union_of_complete_actual_circuit_vectors; no componentwise minima
max3sat,max3sat_021,line12,reuse,1584,19339,0,True,union_of_complete_actual_circuit_vectors; no componentwise minima
max3sat,max3sat_021,ring12,canonical,1836,19087,0,True,union_of_complete_actual_circuit_vectors; no componentwise minima
max3sat,max3sat_021,ring12,reuse,1584,19339,0,True,union_of_complete_actual_circuit_vectors; no componentwise minima
max3sat,max3sat_022,grid12,canonical,84,20839,0,True,union_of_complete_actual_circuit_vectors; no componentwise minima
max3sat,max3sat_022,grid12,reuse,0,20923,0,False,union_of_complete_actual_circuit_vectors; no componentwise minima
max3sat,max3sat_022,line12,canonical,1146,19777,0,True,union_of_complete_actual_circuit_vectors; no componentwise minima
max3sat,max3sat_022,line12,reuse,0,20923,0,False,union_of_complete_actual_circuit_vectors; no componentwise minima
max3sat,max3sat_022,ring12,canonical,1146,19777,0,True,union_of_complete_actual_circuit_vectors; no componentwise minima
max3sat,max3sat_022,ring12,reuse,0,20923,0,False,union_of_complete_actual_circuit_vectors; no componentwise minima
max3sat,max3sat_023,grid12,canonical,144,20779,0,True,union_of_complete_actual_circuit_vectors; no componentwise minima
max3sat,max3sat_023,grid12,reuse,216,20707,0,True,union_of_complete_actual_circuit_vectors; no componentwise minima
max3sat,max3sat_023,line12,canonical,768,20155,0,True,union_of_complete_actual_circuit_vectors; no componentwise minima
max3sat,max3sat_023,line12,reuse,432,20491,0,True,union_of_complete_actual_circuit_vectors; no componentwise minima
max3sat,max3sat_023,ring12,canonical,1238,19685,0,True,union_of_complete_actual_circuit_vectors; no componentwise minima
max3sat,max3sat_023,ring12,reuse,432,20491,0,True,union_of_complete_actual_circuit_vectors; no componentwise minima
max3sat,max3sat_024,grid12,canonical,0,20923,0,False,union_of_complete_actual_circuit_vectors; no componentwise minima
max3sat,max3sat_024,grid12,reuse,0,20923,0,False,union_of_complete_actual_circuit_vectors; no componentwise minima
max3sat,max3sat_024,line12,canonical,720,20203,0,True,union_of_complete_actual_circuit_vectors; no componentwise minima
max3sat,max3sat_024,line12,reuse,0,20923,0,False,union_of_complete_actual_circuit_vectors; no componentwise minima
max3sat,max3sat_024,ring12,canonical,1055,19868,0,True,union_of_complete_actual_circuit_vectors; no componentwise minima
max3sat,max3sat_024,ring12,reuse,0,20923,0,False,union_of_complete_actual_circuit_vectors; no componentwise minima
max3sat,max3sat_025,grid12,canonical,0,20923,0,False,union_of_complete_actual_circuit_vectors; no componentwise minima
max3sat,max3sat_025,grid12,reuse,0,20923,0,False,union_of_complete_actual_circuit_vectors; no componentwise minima
max3sat,max3sat_025,line12,canonical,0,20923,0,False,union_of_complete_actual_circuit_vectors; no componentwise minima
max3sat,max3sat_025,line12,reuse,0,20923,0,False,union_of_complete_actual_circuit_vectors; no componentwise minima
max3sat,max3sat_025,ring12,canonical,0,20923,0,False,union_of_complete_actual_circuit_vectors; no componentwise minima
max3sat,max3sat_025,ring12,reuse,0,20923,0,False,union_of_complete_actual_circuit_vectors; no componentwise minima
max3sat,max3sat_026,grid12,canonical,185,20738,0,True,union_of_complete_actual_circuit_vectors; no componentwise minima
max3sat,max3sat_026,grid12,reuse,2124,18799,0,True,union_of_complete_actual_circuit_vectors; no componentwise minima
max3sat,max3sat_026,line12,canonical,0,20923,0,False,union_of_complete_actual_circuit_vectors; no componentwise minima
max3sat,max3sat_026,line12,reuse,0,20923,0,False,union_of_complete_actual_circuit_vectors; no componentwise minima
max3sat,max3sat_026,ring12,canonical,2,20921,0,True,union_of_complete_actual_circuit_vectors; no componentwise minima
max3sat,max3sat_026,ring12,reuse,0,20923,0,False,union_of_complete_actual_circuit_vectors; no componentwise minima
max3sat,max3sat_027,grid12,canonical,180,20743,0,True,union_of_complete_actual_circuit_vectors; no componentwise minima
max3sat,max3sat_027,grid12,reuse,0,20923,0,False,union_of_complete_actual_circuit_vectors; no componentwise minima
max3sat,max3sat_027,line12,canonical,766,20157,0,True,union_of_complete_actual_circuit_vectors; no componentwise minima
max3sat,max3sat_027,line12,reuse,0,20923,0,False,union_of_complete_actual_circuit_vectors; no componentwise minima
max3sat,max3sat_027,ring12,canonical,1316,19607,0,True,union_of_complete_actual_circuit_vectors; no componentwise minima
max3sat,max3sat_027,ring12,reuse,0,20923,0,False,union_of_complete_actual_circuit_vectors; no componentwise minima
max3sat,max3sat_028,grid12,canonical,0,20923,0,False,union_of_complete_actual_circuit_vectors; no componentwise minima
max3sat,max3sat_028,grid12,reuse,0,20923,0,False,union_of_complete_actual_circuit_vectors; no componentwise minima
max3sat,max3sat_028,line12,canonical,0,20923,0,False,union_of_complete_actual_circuit_vectors; no componentwise minima
max3sat,max3sat_028,line12,reuse,0,20923,0,False,union_of_complete_actual_circuit_vectors; no componentwise minima
max3sat,max3sat_028,ring12,canonical,0,20923,0,False,union_of_complete_actual_circuit_vectors; no componentwise minima
max3sat,max3sat_028,ring12,reuse,0,20923,0,False,union_of_complete_actual_circuit_vectors; no componentwise minima
max3sat,max3sat_029,grid12,canonical,0,20923,0,False,union_of_complete_actual_circuit_vectors; no componentwise minima
max3sat,max3sat_029,grid12,reuse,0,20923,0,False,union_of_complete_actual_circuit_vectors; no componentwise minima
max3sat,max3sat_029,line12,canonical,0,20923,0,False,union_of_complete_actual_circuit_vectors; no componentwise minima
max3sat,max3sat_029,line12,reuse,0,20923,0,False,union_of_complete_actual_circuit_vectors; no componentwise minima
max3sat,max3sat_029,ring12,canonical,0,20923,0,False,union_of_complete_actual_circuit_vectors; no componentwise minima
max3sat,max3sat_029,ring12,reuse,0,20923,0,False,union_of_complete_actual_circuit_vectors; no componentwise minima
pair_star_isolated,pair_star_isolated_000,grid12,canonical,270,20653,0,True,union_of_complete_actual_circuit_vectors; no componentwise minima
pair_star_isolated,pair_star_isolated_000,grid12,reuse,1144,19779,0,True,union_of_complete_actual_circuit_vectors; no componentwise minima
pair_star_isolated,pair_star_isolated_000,line12,canonical,225,20698,0,True,union_of_complete_actual_circuit_vectors; no componentwise minima
pair_star_isolated,pair_star_isolated_000,line12,reuse,467,20456,0,True,union_of_complete_actual_circuit_vectors; no componentwise minima
pair_star_isolated,pair_star_isolated_000,ring12,canonical,85,20838,0,True,union_of_complete_actual_circuit_vectors; no componentwise minima
pair_star_isolated,pair_star_isolated_000,ring12,reuse,6,20917,0,True,union_of_complete_actual_circuit_vectors; no componentwise minima
pair_star_isolated,pair_star_isolated_001,grid12,canonical,822,20101,0,True,union_of_complete_actual_circuit_vectors; no componentwise minima
pair_star_isolated,pair_star_isolated_001,grid12,reuse,180,20743,0,True,union_of_complete_actual_circuit_vectors; no componentwise minima
pair_star_isolated,pair_star_isolated_001,line12,canonical,1497,19426,0,True,union_of_complete_actual_circuit_vectors; no componentwise minima
pair_star_isolated,pair_star_isolated_001,line12,reuse,1073,19850,0,True,union_of_complete_actual_circuit_vectors; no componentwise minima
pair_star_isolated,pair_star_isolated_001,ring12,canonical,266,20657,0,True,union_of_complete_actual_circuit_vectors; no componentwise minima
pair_star_isolated,pair_star_isolated_001,ring12,reuse,174,20749,0,True,union_of_complete_actual_circuit_vectors; no componentwise minima
pair_star_isolated,pair_star_isolated_002,grid12,canonical,114,20809,0,True,union_of_complete_actual_circuit_vectors; no componentwise minima
pair_star_isolated,pair_star_isolated_002,grid12,reuse,489,20434,0,True,union_of_complete_actual_circuit_vectors; no componentwise minima
pair_star_isolated,pair_star_isolated_002,line12,canonical,149,20774,0,True,union_of_complete_actual_circuit_vectors; no componentwise minima
pair_star_isolated,pair_star_isolated_002,line12,reuse,684,20239,0,True,union_of_complete_actual_circuit_vectors; no componentwise minima
pair_star_isolated,pair_star_isolated_002,ring12,canonical,56,20867,0,True,union_of_complete_actual_circuit_vectors; no componentwise minima
pair_star_isolated,pair_star_isolated_002,ring12,reuse,6,20917,0,True,union_of_complete_actual_circuit_vectors; no componentwise minima
pair_star_isolated,pair_star_isolated_003,grid12,canonical,577,20346,0,True,union_of_complete_actual_circuit_vectors; no componentwise minima
pair_star_isolated,pair_star_isolated_003,grid12,reuse,630,20293,0,True,union_of_complete_actual_circuit_vectors; no componentwise minima
pair_star_isolated,pair_star_isolated_003,line12,canonical,465,20458,0,True,union_of_complete_actual_circuit_vectors; no componentwise minima
pair_star_isolated,pair_star_isolated_003,line12,reuse,330,20593,0,True,union_of_complete_actual_circuit_vectors; no componentwise minima
pair_star_isolated,pair_star_isolated_003,ring12,canonical,50,20873,0,True,union_of_complete_actual_circuit_vectors; no componentwise minima
pair_star_isolated,pair_star_isolated_003,ring12,reuse,123,20800,0,True,union_of_complete_actual_circuit_vectors; no componentwise minima
pair_star_isolated,pair_star_isolated_004,grid12,canonical,781,20142,0,True,union_of_complete_actual_circuit_vectors; no componentwise minima
pair_star_isolated,pair_star_isolated_004,grid12,reuse,258,20665,0,True,union_of_complete_actual_circuit_vectors; no componentwise minima
pair_star_isolated,pair_star_isolated_004,line12,canonical,360,20563,0,True,union_of_complete_actual_circuit_vectors; no componentwise minima
pair_star_isolated,pair_star_isolated_004,line12,reuse,741,20182,0,True,union_of_complete_actual_circuit_vectors; no componentwise minima
pair_star_isolated,pair_star_isolated_004,ring12,canonical,258,20665,0,True,union_of_complete_actual_circuit_vectors; no componentwise minima
pair_star_isolated,pair_star_isolated_004,ring12,reuse,120,20803,0,True,union_of_complete_actual_circuit_vectors; no componentwise minima
pair_star_isolated,pair_star_isolated_005,grid12,canonical,860,20063,0,True,union_of_complete_actual_circuit_vectors; no componentwise minima
pair_star_isolated,pair_star_isolated_005,grid12,reuse,324,20599,0,True,union_of_complete_actual_circuit_vectors; no componentwise minima
pair_star_isolated,pair_star_isolated_005,line12,canonical,741,20182,0,True,union_of_complete_actual_circuit_vectors; no componentwise minima
pair_star_isolated,pair_star_isolated_005,line12,reuse,408,20515,0,True,union_of_complete_actual_circuit_vectors; no componentwise minima
pair_star_isolated,pair_star_isolated_005,ring12,canonical,178,20745,0,True,union_of_complete_actual_circuit_vectors; no componentwise minima
pair_star_isolated,pair_star_isolated_005,ring12,reuse,43,20880,0,True,union_of_complete_actual_circuit_vectors; no componentwise minima
pair_star_isolated,pair_star_isolated_006,grid12,canonical,334,20589,0,True,union_of_complete_actual_circuit_vectors; no componentwise minima
pair_star_isolated,pair_star_isolated_006,grid12,reuse,204,20719,0,True,union_of_complete_actual_circuit_vectors; no componentwise minima
pair_star_isolated,pair_star_isolated_006,line12,canonical,516,20407,0,True,union_of_complete_actual_circuit_vectors; no componentwise minima
pair_star_isolated,pair_star_isolated_006,line12,reuse,0,20923,0,False,union_of_complete_actual_circuit_vectors; no componentwise minima
pair_star_isolated,pair_star_isolated_006,ring12,canonical,91,20832,0,True,union_of_complete_actual_circuit_vectors; no componentwise minima
pair_star_isolated,pair_star_isolated_006,ring12,reuse,0,20923,0,False,union_of_complete_actual_circuit_vectors; no componentwise minima
pair_star_isolated,pair_star_isolated_007,grid12,canonical,587,20336,0,True,union_of_complete_actual_circuit_vectors; no componentwise minima
pair_star_isolated,pair_star_isolated_007,grid12,reuse,320,20603,0,True,union_of_complete_actual_circuit_vectors; no componentwise minima
pair_star_isolated,pair_star_isolated_007,line12,canonical,793,20130,0,True,union_of_complete_actual_circuit_vectors; no componentwise minima
pair_star_isolated,pair_star_isolated_007,line12,reuse,433,20490,0,True,union_of_complete_actual_circuit_vectors; no componentwise minima
pair_star_isolated,pair_star_isolated_007,ring12,canonical,82,20841,0,True,union_of_complete_actual_circuit_vectors; no componentwise minima
pair_star_isolated,pair_star_isolated_007,ring12,reuse,100,20823,0,True,union_of_complete_actual_circuit_vectors; no componentwise minima
pair_star_isolated,pair_star_isolated_008,grid12,canonical,1831,19092,0,True,union_of_complete_actual_circuit_vectors; no componentwise minima
pair_star_isolated,pair_star_isolated_008,grid12,reuse,0,20923,0,False,union_of_complete_actual_circuit_vectors; no componentwise minima
pair_star_isolated,pair_star_isolated_008,line12,canonical,425,20498,0,True,union_of_complete_actual_circuit_vectors; no componentwise minima
pair_star_isolated,pair_star_isolated_008,line12,reuse,115,20808,0,True,union_of_complete_actual_circuit_vectors; no componentwise minima
pair_star_isolated,pair_star_isolated_008,ring12,canonical,211,20712,0,True,union_of_complete_actual_circuit_vectors; no componentwise minima
pair_star_isolated,pair_star_isolated_008,ring12,reuse,132,20791,0,True,union_of_complete_actual_circuit_vectors; no componentwise minima
pair_star_isolated,pair_star_isolated_009,grid12,canonical,459,20464,0,True,union_of_complete_actual_circuit_vectors; no componentwise minima
pair_star_isolated,pair_star_isolated_009,grid12,reuse,249,20674,0,True,union_of_complete_actual_circuit_vectors; no componentwise minima
pair_star_isolated,pair_star_isolated_009,line12,canonical,416,20507,0,True,union_of_complete_actual_circuit_vectors; no componentwise minima
pair_star_isolated,pair_star_isolated_009,line12,reuse,45,20878,0,True,union_of_complete_actual_circuit_vectors; no componentwise minima
pair_star_isolated,pair_star_isolated_009,ring12,canonical,219,20704,0,True,union_of_complete_actual_circuit_vectors; no componentwise minima
pair_star_isolated,pair_star_isolated_009,ring12,reuse,48,20875,0,True,union_of_complete_actual_circuit_vectors; no componentwise minima
pair_star_isolated,pair_star_isolated_010,grid12,canonical,78,20845,0,True,union_of_complete_actual_circuit_vectors; no componentwise minima
pair_star_isolated,pair_star_isolated_010,grid12,reuse,48,20875,0,True,union_of_complete_actual_circuit_vectors; no componentwise minima
pair_star_isolated,pair_star_isolated_010,line12,canonical,174,20749,0,True,union_of_complete_actual_circuit_vectors; no componentwise minima
pair_star_isolated,pair_star_isolated_010,line12,reuse,339,20584,0,True,union_of_complete_actual_circuit_vectors; no componentwise minima
pair_star_isolated,pair_star_isolated_010,ring12,canonical,69,20854,0,True,union_of_complete_actual_circuit_vectors; no componentwise minima
pair_star_isolated,pair_star_isolated_010,ring12,reuse,138,20785,0,True,union_of_complete_actual_circuit_vectors; no componentwise minima
pair_star_isolated,pair_star_isolated_011,grid12,canonical,132,20791,0,True,union_of_complete_actual_circuit_vectors; no componentwise minima
pair_star_isolated,pair_star_isolated_011,grid12,reuse,60,20863,0,True,union_of_complete_actual_circuit_vectors; no componentwise minima
pair_star_isolated,pair_star_isolated_011,line12,canonical,313,20610,0,True,union_of_complete_actual_circuit_vectors; no componentwise minima
pair_star_isolated,pair_star_isolated_011,line12,reuse,144,20779,0,True,union_of_complete_actual_circuit_vectors; no componentwise minima
pair_star_isolated,pair_star_isolated_011,ring12,canonical,287,20636,0,True,union_of_complete_actual_circuit_vectors; no componentwise minima
pair_star_isolated,pair_star_isolated_011,ring12,reuse,183,20740,0,True,union_of_complete_actual_circuit_vectors; no componentwise minima
pair_star_isolated,pair_star_isolated_012,grid12,canonical,614,20309,0,True,union_of_complete_actual_circuit_vectors; no componentwise minima
pair_star_isolated,pair_star_isolated_012,grid12,reuse,560,20363,0,True,union_of_complete_actual_circuit_vectors; no componentwise minima
pair_star_isolated,pair_star_isolated_012,line12,canonical,738,20185,0,True,union_of_complete_actual_circuit_vectors; no componentwise minima
pair_star_isolated,pair_star_isolated_012,line12,reuse,121,20802,0,True,union_of_complete_actual_circuit_vectors; no componentwise minima
pair_star_isolated,pair_star_isolated_012,ring12,canonical,236,20687,0,True,union_of_complete_actual_circuit_vectors; no componentwise minima
pair_star_isolated,pair_star_isolated_012,ring12,reuse,40,20883,0,True,union_of_complete_actual_circuit_vectors; no componentwise minima
pair_star_isolated,pair_star_isolated_013,grid12,canonical,291,20632,0,True,union_of_complete_actual_circuit_vectors; no componentwise minima
pair_star_isolated,pair_star_isolated_013,grid12,reuse,357,20566,0,True,union_of_complete_actual_circuit_vectors; no componentwise minima
pair_star_isolated,pair_star_isolated_013,line12,canonical,465,20458,0,True,union_of_complete_actual_circuit_vectors; no componentwise minima
pair_star_isolated,pair_star_isolated_013,line12,reuse,564,20359,0,True,union_of_complete_actual_circuit_vectors; no componentwise minima
pair_star_isolated,pair_star_isolated_013,ring12,canonical,65,20858,0,True,union_of_complete_actual_circuit_vectors; no componentwise minima
pair_star_isolated,pair_star_isolated_013,ring12,reuse,85,20838,0,True,union_of_complete_actual_circuit_vectors; no componentwise minima
pair_star_isolated,pair_star_isolated_014,grid12,canonical,582,20341,0,True,union_of_complete_actual_circuit_vectors; no componentwise minima
pair_star_isolated,pair_star_isolated_014,grid12,reuse,168,20755,0,True,union_of_complete_actual_circuit_vectors; no componentwise minima
pair_star_isolated,pair_star_isolated_014,line12,canonical,525,20398,0,True,union_of_complete_actual_circuit_vectors; no componentwise minima
pair_star_isolated,pair_star_isolated_014,line12,reuse,675,20248,0,True,union_of_complete_actual_circuit_vectors; no componentwise minima
pair_star_isolated,pair_star_isolated_014,ring12,canonical,148,20775,0,True,union_of_complete_actual_circuit_vectors; no componentwise minima
pair_star_isolated,pair_star_isolated_014,ring12,reuse,144,20779,0,True,union_of_complete_actual_circuit_vectors; no componentwise minima
pair_star_isolated,pair_star_isolated_015,grid12,canonical,1776,19147,0,True,union_of_complete_actual_circuit_vectors; no componentwise minima
pair_star_isolated,pair_star_isolated_015,grid12,reuse,108,20815,0,True,union_of_complete_actual_circuit_vectors; no componentwise minima
pair_star_isolated,pair_star_isolated_015,line12,canonical,662,20261,0,True,union_of_complete_actual_circuit_vectors; no componentwise minima
pair_star_isolated,pair_star_isolated_015,line12,reuse,403,20520,0,True,union_of_complete_actual_circuit_vectors; no componentwise minima
pair_star_isolated,pair_star_isolated_015,ring12,canonical,80,20843,0,True,union_of_complete_actual_circuit_vectors; no componentwise minima
pair_star_isolated,pair_star_isolated_015,ring12,reuse,104,20819,0,True,union_of_complete_actual_circuit_vectors; no componentwise minima
pair_star_isolated,pair_star_isolated_016,grid12,canonical,120,20803,0,True,union_of_complete_actual_circuit_vectors; no componentwise minima
pair_star_isolated,pair_star_isolated_016,grid12,reuse,132,20791,0,True,union_of_complete_actual_circuit_vectors; no componentwise minima
pair_star_isolated,pair_star_isolated_016,line12,canonical,30,20893,0,True,union_of_complete_actual_circuit_vectors; no componentwise minima
pair_star_isolated,pair_star_isolated_016,line12,reuse,32,20891,0,True,union_of_complete_actual_circuit_vectors; no componentwise minima
pair_star_isolated,pair_star_isolated_016,ring12,canonical,74,20849,0,True,union_of_complete_actual_circuit_vectors; no componentwise minima
pair_star_isolated,pair_star_isolated_016,ring12,reuse,2130,18793,0,True,union_of_complete_actual_circuit_vectors; no componentwise minima
pair_star_isolated,pair_star_isolated_017,grid12,canonical,198,20725,0,True,union_of_complete_actual_circuit_vectors; no componentwise minima
pair_star_isolated,pair_star_isolated_017,grid12,reuse,255,20668,0,True,union_of_complete_actual_circuit_vectors; no componentwise minima
pair_star_isolated,pair_star_isolated_017,line12,canonical,40,20883,0,True,union_of_complete_actual_circuit_vectors; no componentwise minima
pair_star_isolated,pair_star_isolated_017,line12,reuse,120,20803,0,True,union_of_complete_actual_circuit_vectors; no componentwise minima
pair_star_isolated,pair_star_isolated_017,ring12,canonical,44,20879,0,True,union_of_complete_actual_circuit_vectors; no componentwise minima
pair_star_isolated,pair_star_isolated_017,ring12,reuse,131,20792,0,True,union_of_complete_actual_circuit_vectors; no componentwise minima
pair_star_isolated,pair_star_isolated_018,grid12,canonical,362,20561,0,True,union_of_complete_actual_circuit_vectors; no componentwise minima
pair_star_isolated,pair_star_isolated_018,grid12,reuse,24,20899,0,True,union_of_complete_actual_circuit_vectors; no componentwise minima
pair_star_isolated,pair_star_isolated_018,line12,canonical,329,20594,0,True,union_of_complete_actual_circuit_vectors; no componentwise minima
pair_star_isolated,pair_star_isolated_018,line12,reuse,72,20851,0,True,union_of_complete_actual_circuit_vectors; no componentwise minima
pair_star_isolated,pair_star_isolated_018,ring12,canonical,98,20825,0,True,union_of_complete_actual_circuit_vectors; no componentwise minima
pair_star_isolated,pair_star_isolated_018,ring12,reuse,0,20923,0,False,union_of_complete_actual_circuit_vectors; no componentwise minima
pair_star_isolated,pair_star_isolated_019,grid12,canonical,638,20285,0,True,union_of_complete_actual_circuit_vectors; no componentwise minima
pair_star_isolated,pair_star_isolated_019,grid12,reuse,84,20839,0,True,union_of_complete_actual_circuit_vectors; no componentwise minima
pair_star_isolated,pair_star_isolated_019,line12,canonical,218,20705,0,True,union_of_complete_actual_circuit_vectors; no componentwise minima
pair_star_isolated,pair_star_isolated_019,line12,reuse,0,20923,0,False,union_of_complete_actual_circuit_vectors; no componentwise minima
pair_star_isolated,pair_star_isolated_019,ring12,canonical,24,20899,0,True,union_of_complete_actual_circuit_vectors; no componentwise minima
pair_star_isolated,pair_star_isolated_019,ring12,reuse,0,20923,0,False,union_of_complete_actual_circuit_vectors; no componentwise minima
pair_star_isolated,pair_star_isolated_020,grid12,canonical,270,20653,0,True,union_of_complete_actual_circuit_vectors; no componentwise minima
pair_star_isolated,pair_star_isolated_020,grid12,reuse,65,20858,0,True,union_of_complete_actual_circuit_vectors; no componentwise minima
pair_star_isolated,pair_star_isolated_020,line12,canonical,190,20733,0,True,union_of_complete_actual_circuit_vectors; no componentwise minima
pair_star_isolated,pair_star_isolated_020,line12,reuse,0,20923,0,False,union_of_complete_actual_circuit_vectors; no componentwise minima
pair_star_isolated,pair_star_isolated_020,ring12,canonical,36,20887,0,True,union_of_complete_actual_circuit_vectors; no componentwise minima
pair_star_isolated,pair_star_isolated_020,ring12,reuse,0,20923,0,False,union_of_complete_actual_circuit_vectors; no componentwise minima
pair_star_isolated,pair_star_isolated_021,grid12,canonical,1500,19423,0,True,union_of_complete_actual_circuit_vectors; no componentwise minima
pair_star_isolated,pair_star_isolated_021,grid12,reuse,90,20833,0,True,union_of_complete_actual_circuit_vectors; no componentwise minima
pair_star_isolated,pair_star_isolated_021,line12,canonical,304,20619,0,True,union_of_complete_actual_circuit_vectors; no componentwise minima
pair_star_isolated,pair_star_isolated_021,line12,reuse,0,20923,0,False,union_of_complete_actual_circuit_vectors; no componentwise minima
pair_star_isolated,pair_star_isolated_021,ring12,canonical,90,20833,0,True,union_of_complete_actual_circuit_vectors; no componentwise minima
pair_star_isolated,pair_star_isolated_021,ring12,reuse,18,20905,0,True,union_of_complete_actual_circuit_vectors; no componentwise minima
pair_star_isolated,pair_star_isolated_022,grid12,canonical,318,20605,0,True,union_of_complete_actual_circuit_vectors; no componentwise minima
pair_star_isolated,pair_star_isolated_022,grid12,reuse,28,20895,0,True,union_of_complete_actual_circuit_vectors; no componentwise minima
pair_star_isolated,pair_star_isolated_022,line12,canonical,559,20364,0,True,union_of_complete_actual_circuit_vectors; no componentwise minima
pair_star_isolated,pair_star_isolated_022,line12,reuse,554,20369,0,True,union_of_complete_actual_circuit_vectors; no componentwise minima
pair_star_isolated,pair_star_isolated_022,ring12,canonical,284,20639,0,True,union_of_complete_actual_circuit_vectors; no componentwise minima
pair_star_isolated,pair_star_isolated_022,ring12,reuse,246,20677,0,True,union_of_complete_actual_circuit_vectors; no componentwise minima
pair_star_isolated,pair_star_isolated_023,grid12,canonical,901,20022,0,True,union_of_complete_actual_circuit_vectors; no componentwise minima
pair_star_isolated,pair_star_isolated_023,grid12,reuse,486,20437,0,True,union_of_complete_actual_circuit_vectors; no componentwise minima
pair_star_isolated,pair_star_isolated_023,line12,canonical,881,20042,0,True,union_of_complete_actual_circuit_vectors; no componentwise minima
pair_star_isolated,pair_star_isolated_023,line12,reuse,405,20518,0,True,union_of_complete_actual_circuit_vectors; no componentwise minima
pair_star_isolated,pair_star_isolated_023,ring12,canonical,69,20854,0,True,union_of_complete_actual_circuit_vectors; no componentwise minima
pair_star_isolated,pair_star_isolated_023,ring12,reuse,92,20831,0,True,union_of_complete_actual_circuit_vectors; no componentwise minima
pair_star_isolated,pair_star_isolated_024,grid12,canonical,156,20767,0,True,union_of_complete_actual_circuit_vectors; no componentwise minima
pair_star_isolated,pair_star_isolated_024,grid12,reuse,374,20549,0,True,union_of_complete_actual_circuit_vectors; no componentwise minima
pair_star_isolated,pair_star_isolated_024,line12,canonical,418,20505,0,True,union_of_complete_actual_circuit_vectors; no componentwise minima
pair_star_isolated,pair_star_isolated_024,line12,reuse,852,20071,0,True,union_of_complete_actual_circuit_vectors; no componentwise minima
pair_star_isolated,pair_star_isolated_024,ring12,canonical,80,20843,0,True,union_of_complete_actual_circuit_vectors; no componentwise minima
pair_star_isolated,pair_star_isolated_024,ring12,reuse,18,20905,0,True,union_of_complete_actual_circuit_vectors; no componentwise minima
pair_star_isolated,pair_star_isolated_025,grid12,canonical,429,20494,0,True,union_of_complete_actual_circuit_vectors; no componentwise minima
pair_star_isolated,pair_star_isolated_025,grid12,reuse,512,20411,0,True,union_of_complete_actual_circuit_vectors; no componentwise minima
pair_star_isolated,pair_star_isolated_025,line12,canonical,789,20134,0,True,union_of_complete_actual_circuit_vectors; no componentwise minima
pair_star_isolated,pair_star_isolated_025,line12,reuse,210,20713,0,True,union_of_complete_actual_circuit_vectors; no componentwise minima
pair_star_isolated,pair_star_isolated_025,ring12,canonical,242,20681,0,True,union_of_complete_actual_circuit_vectors; no componentwise minima
pair_star_isolated,pair_star_isolated_025,ring12,reuse,51,20872,0,True,union_of_complete_actual_circuit_vectors; no componentwise minima
pair_star_isolated,pair_star_isolated_026,grid12,canonical,681,20242,0,True,union_of_complete_actual_circuit_vectors; no componentwise minima
pair_star_isolated,pair_star_isolated_026,grid12,reuse,567,20356,0,True,union_of_complete_actual_circuit_vectors; no componentwise minima
pair_star_isolated,pair_star_isolated_026,line12,canonical,844,20079,0,True,union_of_complete_actual_circuit_vectors; no componentwise minima
pair_star_isolated,pair_star_isolated_026,line12,reuse,738,20185,0,True,union_of_complete_actual_circuit_vectors; no componentwise minima
pair_star_isolated,pair_star_isolated_026,ring12,canonical,120,20803,0,True,union_of_complete_actual_circuit_vectors; no componentwise minima
pair_star_isolated,pair_star_isolated_026,ring12,reuse,122,20801,0,True,union_of_complete_actual_circuit_vectors; no componentwise minima
pair_star_isolated,pair_star_isolated_027,grid12,canonical,152,20771,0,True,union_of_complete_actual_circuit_vectors; no componentwise minima
pair_star_isolated,pair_star_isolated_027,grid12,reuse,168,20755,0,True,union_of_complete_actual_circuit_vectors; no componentwise minima
pair_star_isolated,pair_star_isolated_027,line12,canonical,376,20547,0,True,union_of_complete_actual_circuit_vectors; no componentwise minima
pair_star_isolated,pair_star_isolated_027,line12,reuse,144,20779,0,True,union_of_complete_actual_circuit_vectors; no componentwise minima
pair_star_isolated,pair_star_isolated_027,ring12,canonical,107,20816,0,True,union_of_complete_actual_circuit_vectors; no componentwise minima
pair_star_isolated,pair_star_isolated_027,ring12,reuse,144,20779,0,True,union_of_complete_actual_circuit_vectors; no componentwise minima
pair_star_isolated,pair_star_isolated_028,grid12,canonical,150,20773,0,True,union_of_complete_actual_circuit_vectors; no componentwise minima
pair_star_isolated,pair_star_isolated_028,grid12,reuse,66,20857,0,True,union_of_complete_actual_circuit_vectors; no componentwise minima
pair_star_isolated,pair_star_isolated_028,line12,canonical,30,20893,0,True,union_of_complete_actual_circuit_vectors; no componentwise minima
pair_star_isolated,pair_star_isolated_028,line12,reuse,60,20863,0,True,union_of_complete_actual_circuit_vectors; no componentwise minima
pair_star_isolated,pair_star_isolated_028,ring12,canonical,57,20866,0,True,union_of_complete_actual_circuit_vectors; no componentwise minima
pair_star_isolated,pair_star_isolated_028,ring12,reuse,130,20793,0,True,union_of_complete_actual_circuit_vectors; no componentwise minima
pair_star_isolated,pair_star_isolated_029,grid12,canonical,686,20237,0,True,union_of_complete_actual_circuit_vectors; no componentwise minima
pair_star_isolated,pair_star_isolated_029,grid12,reuse,162,20761,0,True,union_of_complete_actual_circuit_vectors; no componentwise minima
pair_star_isolated,pair_star_isolated_029,line12,canonical,671,20252,0,True,union_of_complete_actual_circuit_vectors; no componentwise minima
pair_star_isolated,pair_star_isolated_029,line12,reuse,471,20452,0,True,union_of_complete_actual_circuit_vectors; no componentwise minima
pair_star_isolated,pair_star_isolated_029,ring12,canonical,72,20851,0,True,union_of_complete_actual_circuit_vectors; no componentwise minima
pair_star_isolated,pair_star_isolated_029,ring12,reuse,6,20917,0,True,union_of_complete_actual_circuit_vectors; no componentwise minima
