scope,study,family,representation,budget_key,depth_stratum,contrast,metric,n_instances,mean,sd,ci95_low,ci95_high,df,ci_status,zero_depth_instance_count,ci_unit,ci_method,multiplicity
primary_selected_active_aux,original_e4,cubic_spin_glass,selective,equal_2q_budget_128,all_scheduled,independence_minus_cold,original_objective_mean,2,-0.2222222222222227,0.31426968052735504,-3.045823274705493,2.6013788302610474,1,estimated,2,raw_instance,two_sided_Student_t_95_df_n_minus_1,unadjusted_exploratory
primary_selected_active_aux,original_e4,cubic_spin_glass,selective,equal_2q_budget_128,all_scheduled,original_only_minus_cold,original_objective_mean,2,-0.22222222222222263,0.31426968052735504,-3.045823274705493,2.6013788302610474,1,estimated,2,raw_instance,two_sided_Student_t_95_df_n_minus_1,unadjusted_exploratory
primary_selected_active_aux,original_e4,cubic_spin_glass,selective,equal_2q_budget_128,all_scheduled,pair_minus_cold,original_objective_mean,2,-0.22222222222222263,0.31426968052735504,-3.045823274705493,2.6013788302610474,1,estimated,2,raw_instance,two_sided_Student_t_95_df_n_minus_1,unadjusted_exploratory
primary_selected_active_aux,original_e4,cubic_spin_glass,selective,equal_2q_budget_128,all_scheduled,pair_minus_independence,original_objective_mean,2,9.80118763926896e-17,1.839952100020049e-17,-6.730126095538488e-17,2.633250137407641e-16,1,estimated,2,raw_instance,two_sided_Student_t_95_df_n_minus_1,unadjusted_exploratory
primary_selected_active_aux,original_e4,cubic_spin_glass,selective,equal_2q_budget_128,all_scheduled,pair_minus_original_only,original_objective_mean,2,0.0,0.0,0.0,0.0,1,estimated,2,raw_instance,two_sided_Student_t_95_df_n_minus_1,unadjusted_exploratory
primary_selected_active_aux,original_e4,cubic_spin_glass,selective,equal_2q_budget_256,all_scheduled,independence_minus_cold,original_objective_mean,2,-0.07477493725411594,0.540151191634192,-4.927840847522992,4.7782909730147605,1,estimated,0,raw_instance,two_sided_Student_t_95_df_n_minus_1,unadjusted_exploratory
primary_selected_active_aux,original_e4,cubic_spin_glass,selective,equal_2q_budget_256,all_scheduled,original_only_minus_cold,original_objective_mean,2,0.06990201248877598,0.31080103666504966,-2.7225345113518955,2.862338536329448,1,estimated,0,raw_instance,two_sided_Student_t_95_df_n_minus_1,unadjusted_exploratory
primary_selected_active_aux,original_e4,cubic_spin_glass,selective,equal_2q_budget_256,all_scheduled,pair_minus_cold,original_objective_mean,2,0.03743215285897433,0.2648817208082335,-2.3424356867705844,2.417299992488533,1,estimated,0,raw_instance,two_sided_Student_t_95_df_n_minus_1,unadjusted_exploratory
primary_selected_active_aux,original_e4,cubic_spin_glass,selective,equal_2q_budget_256,all_scheduled,pair_minus_independence,original_objective_mean,2,0.11220709011309027,0.27526947082595843,-2.3609909805262266,2.5854051607524076,1,estimated,0,raw_instance,two_sided_Student_t_95_df_n_minus_1,unadjusted_exploratory
primary_selected_active_aux,original_e4,cubic_spin_glass,selective,equal_2q_budget_256,all_scheduled,pair_minus_original_only,original_objective_mean,2,-0.032469859629801645,0.04591931585681613,-0.4450385438409148,0.3800988245813115,1,estimated,0,raw_instance,two_sided_Student_t_95_df_n_minus_1,unadjusted_exploratory
primary_selected_active_aux,original_e4,cubic_spin_glass,selective,equal_layer_p1,all_scheduled,independence_minus_cold,original_objective_mean,2,-0.31633406092280625,0.5160936989558637,-4.953251975200947,4.320583853355334,1,estimated,0,raw_instance,two_sided_Student_t_95_df_n_minus_1,unadjusted_exploratory
primary_selected_active_aux,original_e4,cubic_spin_glass,selective,equal_layer_p1,all_scheduled,original_only_minus_cold,original_objective_mean,2,-0.03783444237692335,0.9574310111020556,-8.640010783700989,8.564341898947143,1,estimated,0,raw_instance,two_sided_Student_t_95_df_n_minus_1,unadjusted_exploratory
primary_selected_active_aux,original_e4,cubic_spin_glass,selective,equal_layer_p1,all_scheduled,pair_minus_cold,original_objective_mean,2,-0.003673262511234121,0.9091198072293313,-8.171790658432563,8.164444133410097,1,estimated,0,raw_instance,two_sided_Student_t_95_df_n_minus_1,unadjusted_exploratory
primary_selected_active_aux,original_e4,cubic_spin_glass,selective,equal_layer_p1,all_scheduled,pair_minus_independence,original_objective_mean,2,0.3126607984115721,0.39302610827346757,-3.2185386832316167,3.843860280054761,1,estimated,0,raw_instance,two_sided_Student_t_95_df_n_minus_1,unadjusted_exploratory
primary_selected_active_aux,original_e4,cubic_spin_glass,selective,equal_layer_p1,all_scheduled,pair_minus_original_only,original_objective_mean,2,0.03416117986568923,0.04831120387272441,-0.3998977655370468,0.46822012526842527,1,estimated,0,raw_instance,two_sided_Student_t_95_df_n_minus_1,unadjusted_exploratory
primary_selected_active_aux,original_e4,cubic_spin_glass,selective,equal_layer_p2,all_scheduled,independence_minus_cold,original_objective_mean,2,-0.05225578076754123,0.3061475109271539,-2.802882034685796,2.698370473150714,1,estimated,0,raw_instance,two_sided_Student_t_95_df_n_minus_1,unadjusted_exploratory
primary_selected_active_aux,original_e4,cubic_spin_glass,selective,equal_layer_p2,all_scheduled,original_only_minus_cold,original_objective_mean,2,0.328302993726751,0.5758334297252213,-4.845355106217321,5.501961093670824,1,estimated,0,raw_instance,two_sided_Student_t_95_df_n_minus_1,unadjusted_exploratory
primary_selected_active_aux,original_e4,cubic_spin_glass,selective,equal_layer_p2,all_scheduled,pair_minus_cold,original_objective_mean,2,-0.09150605317948451,0.0178662180164997,-0.2520276533244054,0.06901554696543638,1,estimated,0,raw_instance,two_sided_Student_t_95_df_n_minus_1,unadjusted_exploratory
primary_selected_active_aux,original_e4,cubic_spin_glass,selective,equal_layer_p2,all_scheduled,pair_minus_independence,original_objective_mean,2,-0.03925027241194329,0.32401372894365366,-2.9503981264751196,2.871897581651233,1,estimated,0,raw_instance,two_sided_Student_t_95_df_n_minus_1,unadjusted_exploratory
primary_selected_active_aux,original_e4,cubic_spin_glass,selective,equal_layer_p2,all_scheduled,pair_minus_original_only,original_objective_mean,2,-0.4198090469062355,0.593699647741721,-5.753988746995228,4.914370653182758,1,estimated,0,raw_instance,two_sided_Student_t_95_df_n_minus_1,unadjusted_exploratory
primary_selected_active_aux,original_e4,max3sat,selective,equal_2q_budget_128,all_scheduled,independence_minus_cold,original_objective_mean,7,-0.8082130776783781,1.3783437946902282,-2.0829684759181952,0.46654232056143885,6,estimated,2,raw_instance,two_sided_Student_t_95_df_n_minus_1,unadjusted_exploratory
primary_selected_active_aux,original_e4,max3sat,selective,equal_2q_budget_128,all_scheduled,original_only_minus_cold,original_objective_mean,7,-0.6469865801762078,1.392222357870983,-1.9345775085665093,0.6406043482140937,6,estimated,2,raw_instance,two_sided_Student_t_95_df_n_minus_1,unadjusted_exploratory
primary_selected_active_aux,original_e4,max3sat,selective,equal_2q_budget_128,all_scheduled,pair_minus_cold,original_objective_mean,7,-0.6768216281407655,1.3953297820427755,-1.9672864445645701,0.6136431882830391,6,estimated,2,raw_instance,two_sided_Student_t_95_df_n_minus_1,unadjusted_exploratory
primary_selected_active_aux,original_e4,max3sat,selective,equal_2q_budget_128,all_scheduled,pair_minus_independence,original_objective_mean,7,0.13139144953761267,0.4942582591854642,-0.32572120004114186,0.5885040991163673,6,estimated,2,raw_instance,two_sided_Student_t_95_df_n_minus_1,unadjusted_exploratory
primary_selected_active_aux,original_e4,max3sat,selective,equal_2q_budget_128,all_scheduled,pair_minus_original_only,original_objective_mean,7,-0.029835047964557684,0.07793359449804413,-0.10191160148721634,0.04224150555810097,6,estimated,2,raw_instance,two_sided_Student_t_95_df_n_minus_1,unadjusted_exploratory
primary_selected_active_aux,original_e4,max3sat,selective,equal_2q_budget_256,all_scheduled,independence_minus_cold,original_objective_mean,7,-0.45672709735254263,1.7058410115499896,-2.0343669041911028,1.1209127094860176,6,estimated,0,raw_instance,two_sided_Student_t_95_df_n_minus_1,unadjusted_exploratory
primary_selected_active_aux,original_e4,max3sat,selective,equal_2q_budget_256,all_scheduled,original_only_minus_cold,original_objective_mean,7,-0.5816904176709431,1.3119072695777698,-1.7950022781274781,0.6316214427855918,6,estimated,0,raw_instance,two_sided_Student_t_95_df_n_minus_1,unadjusted_exploratory
primary_selected_active_aux,original_e4,max3sat,selective,equal_2q_budget_256,all_scheduled,pair_minus_cold,original_objective_mean,7,-0.6218380402732385,1.3595009864181857,-1.879166747396285,0.635490666849808,6,estimated,0,raw_instance,two_sided_Student_t_95_df_n_minus_1,unadjusted_exploratory
primary_selected_active_aux,original_e4,max3sat,selective,equal_2q_budget_256,all_scheduled,pair_minus_independence,original_objective_mean,7,-0.16511094292069592,0.7157483454934978,-0.8270677571160321,0.4968458712746402,6,estimated,0,raw_instance,two_sided_Student_t_95_df_n_minus_1,unadjusted_exploratory
primary_selected_active_aux,original_e4,max3sat,selective,equal_2q_budget_256,all_scheduled,pair_minus_original_only,original_objective_mean,7,-0.040147622602295464,0.2429040575881138,-0.2647964075118639,0.18450116230727298,6,estimated,0,raw_instance,two_sided_Student_t_95_df_n_minus_1,unadjusted_exploratory
primary_selected_active_aux,original_e4,max3sat,selective,equal_layer_p1,all_scheduled,independence_minus_cold,original_objective_mean,7,-0.5522592700799801,1.4274117915241789,-1.8723949965701596,0.7678764564101995,6,estimated,0,raw_instance,two_sided_Student_t_95_df_n_minus_1,unadjusted_exploratory
primary_selected_active_aux,original_e4,max3sat,selective,equal_layer_p1,all_scheduled,original_only_minus_cold,original_objective_mean,7,-0.5616098196381147,1.299514483841564,-1.7634602648967033,0.6402406256204738,6,estimated,0,raw_instance,two_sided_Student_t_95_df_n_minus_1,unadjusted_exploratory
primary_selected_active_aux,original_e4,max3sat,selective,equal_layer_p1,all_scheduled,pair_minus_cold,original_objective_mean,7,-0.8717125989247687,1.229584810715941,-2.008888883311854,0.2654636854623167,6,estimated,0,raw_instance,two_sided_Student_t_95_df_n_minus_1,unadjusted_exploratory
primary_selected_active_aux,original_e4,max3sat,selective,equal_layer_p1,all_scheduled,pair_minus_independence,original_objective_mean,7,-0.31945332884478855,0.5310987863063034,-0.8106377832970468,0.17173112560746973,6,estimated,0,raw_instance,two_sided_Student_t_95_df_n_minus_1,unadjusted_exploratory
primary_selected_active_aux,original_e4,max3sat,selective,equal_layer_p1,all_scheduled,pair_minus_original_only,original_objective_mean,7,-0.3101027792866539,0.3906086268808206,-0.6713555071137303,0.05114994854042243,6,estimated,0,raw_instance,two_sided_Student_t_95_df_n_minus_1,unadjusted_exploratory
primary_selected_active_aux,original_e4,max3sat,selective,equal_layer_p2,all_scheduled,independence_minus_cold,original_objective_mean,7,-0.8244134418194713,1.309962819595381,-2.035926985976977,0.38710010233803427,6,estimated,0,raw_instance,two_sided_Student_t_95_df_n_minus_1,unadjusted_exploratory
primary_selected_active_aux,original_e4,max3sat,selective,equal_layer_p2,all_scheduled,original_only_minus_cold,original_objective_mean,7,-0.5623295567489003,1.2745367714254494,-1.7410794708767345,0.6164203573789339,6,estimated,0,raw_instance,two_sided_Student_t_95_df_n_minus_1,unadjusted_exploratory
primary_selected_active_aux,original_e4,max3sat,selective,equal_layer_p2,all_scheduled,pair_minus_cold,original_objective_mean,7,-0.8731443949485781,1.3849860112577537,-2.1540428189402787,0.40775402904312263,6,estimated,0,raw_instance,two_sided_Student_t_95_df_n_minus_1,unadjusted_exploratory
primary_selected_active_aux,original_e4,max3sat,selective,equal_layer_p2,all_scheduled,pair_minus_independence,original_objective_mean,7,-0.04873095312910688,0.38972732114091885,-0.40916860908966673,0.311706702831453,6,estimated,0,raw_instance,two_sided_Student_t_95_df_n_minus_1,unadjusted_exploratory
primary_selected_active_aux,original_e4,max3sat,selective,equal_layer_p2,all_scheduled,pair_minus_original_only,original_objective_mean,7,-0.31081483819967787,0.2653695690262488,-0.5562407558465958,-0.06538892055275985,6,estimated,0,raw_instance,two_sided_Student_t_95_df_n_minus_1,unadjusted_exploratory
primary_selected_active_aux,targeted,cubic_spin_glass,selective,equal_layer_p1,all_scheduled,independence_minus_cold,original_objective_mean,10,-0.017124875592689055,0.43950796236507805,-0.3315299316996426,0.2972801805142645,9,estimated,0,raw_instance,two_sided_Student_t_95_df_n_minus_1,unadjusted_exploratory
primary_selected_active_aux,targeted,cubic_spin_glass,selective,equal_layer_p1,all_scheduled,original_only_minus_cold,original_objective_mean,10,0.11181425588691626,0.3109448573023883,-0.11062229516041008,0.3342508069342426,9,estimated,0,raw_instance,two_sided_Student_t_95_df_n_minus_1,unadjusted_exploratory
primary_selected_active_aux,targeted,cubic_spin_glass,selective,equal_layer_p1,all_scheduled,pair_minus_cold,original_objective_mean,10,0.002800732897366859,0.38589331605856314,-0.27325071571304665,0.2788521815077804,9,estimated,0,raw_instance,two_sided_Student_t_95_df_n_minus_1,unadjusted_exploratory
primary_selected_active_aux,targeted,cubic_spin_glass,selective,equal_layer_p1,all_scheduled,pair_minus_independence,original_objective_mean,10,0.019925608490055913,0.36215601876446585,-0.23914520057194633,0.2789964175520582,9,estimated,0,raw_instance,two_sided_Student_t_95_df_n_minus_1,unadjusted_exploratory
primary_selected_active_aux,targeted,cubic_spin_glass,selective,equal_layer_p1,all_scheduled,pair_minus_original_only,original_objective_mean,10,-0.10901352298954943,0.306970297719383,-0.328606845390981,0.11057979941188216,9,estimated,0,raw_instance,two_sided_Student_t_95_df_n_minus_1,unadjusted_exploratory
primary_selected_active_aux,targeted,cubic_spin_glass,selective,equal_layer_p2,all_scheduled,independence_minus_cold,original_objective_mean,10,0.11676501247973399,0.5986471598712044,-0.31148136757385664,0.5450113925333246,9,estimated,0,raw_instance,two_sided_Student_t_95_df_n_minus_1,unadjusted_exploratory
primary_selected_active_aux,targeted,cubic_spin_glass,selective,equal_layer_p2,all_scheduled,original_only_minus_cold,original_objective_mean,10,0.1350845840338059,0.4403168546081268,-0.17989911872539865,0.4500682867930105,9,estimated,0,raw_instance,two_sided_Student_t_95_df_n_minus_1,unadjusted_exploratory
primary_selected_active_aux,targeted,cubic_spin_glass,selective,equal_layer_p2,all_scheduled,pair_minus_cold,original_objective_mean,10,0.11531479320476015,0.22657151225780467,-0.04676470278507752,0.27739428919459785,9,estimated,0,raw_instance,two_sided_Student_t_95_df_n_minus_1,unadjusted_exploratory
primary_selected_active_aux,targeted,cubic_spin_glass,selective,equal_layer_p2,all_scheduled,pair_minus_independence,original_objective_mean,10,-0.0014502192749738575,0.43190909292186597,-0.3104193716481562,0.3075189330982085,9,estimated,0,raw_instance,two_sided_Student_t_95_df_n_minus_1,unadjusted_exploratory
primary_selected_active_aux,targeted,cubic_spin_glass,selective,equal_layer_p2,all_scheduled,pair_minus_original_only,original_objective_mean,10,-0.019769790829045765,0.30357665824419067,-0.23693544979552386,0.19739586813743235,9,estimated,0,raw_instance,two_sided_Student_t_95_df_n_minus_1,unadjusted_exploratory
primary_selected_active_aux,targeted,max3sat,selective,equal_layer_p1,all_scheduled,independence_minus_cold,original_objective_mean,10,-6.801528117299705,3.5335967632363654,-9.329310964796427,-4.273745269802983,9,estimated,0,raw_instance,two_sided_Student_t_95_df_n_minus_1,unadjusted_exploratory
primary_selected_active_aux,targeted,max3sat,selective,equal_layer_p1,all_scheduled,original_only_minus_cold,original_objective_mean,10,-6.658997419744527,3.3803122092460294,-9.07712710296563,-4.240867736523426,9,estimated,0,raw_instance,two_sided_Student_t_95_df_n_minus_1,unadjusted_exploratory
primary_selected_active_aux,targeted,max3sat,selective,equal_layer_p1,all_scheduled,pair_minus_cold,original_objective_mean,10,-6.719757771015106,3.566688651069386,-9.271213129004785,-4.168302413025427,9,estimated,0,raw_instance,two_sided_Student_t_95_df_n_minus_1,unadjusted_exploratory
primary_selected_active_aux,targeted,max3sat,selective,equal_layer_p1,all_scheduled,pair_minus_independence,original_objective_mean,10,0.08177034628459823,0.1601261925618156,-0.03277703139128503,0.19631772396048147,9,estimated,0,raw_instance,two_sided_Student_t_95_df_n_minus_1,unadjusted_exploratory
primary_selected_active_aux,targeted,max3sat,selective,equal_layer_p1,all_scheduled,pair_minus_original_only,original_objective_mean,10,-0.06076035127058084,0.3017848202463845,-0.2766442065509476,0.15512350400978597,9,estimated,0,raw_instance,two_sided_Student_t_95_df_n_minus_1,unadjusted_exploratory
primary_selected_active_aux,targeted,max3sat,selective,equal_layer_p2,all_scheduled,independence_minus_cold,original_objective_mean,10,-6.631998846128314,3.3595067109517713,-9.035245172462457,-4.228752519794171,9,estimated,0,raw_instance,two_sided_Student_t_95_df_n_minus_1,unadjusted_exploratory
primary_selected_active_aux,targeted,max3sat,selective,equal_layer_p2,all_scheduled,original_only_minus_cold,original_objective_mean,10,-6.321207627968024,3.266988274753595,-8.658270252038195,-3.984145003897852,9,estimated,0,raw_instance,two_sided_Student_t_95_df_n_minus_1,unadjusted_exploratory
primary_selected_active_aux,targeted,max3sat,selective,equal_layer_p2,all_scheduled,pair_minus_cold,original_objective_mean,10,-6.7970969473454,3.2745130680448784,-9.139542484262492,-4.4546514104283075,9,estimated,0,raw_instance,two_sided_Student_t_95_df_n_minus_1,unadjusted_exploratory
primary_selected_active_aux,targeted,max3sat,selective,equal_layer_p2,all_scheduled,pair_minus_independence,original_objective_mean,10,-0.16509810121708707,0.7101770689256428,-0.6731281719350504,0.3429319695008762,9,estimated,0,raw_instance,two_sided_Student_t_95_df_n_minus_1,unadjusted_exploratory
primary_selected_active_aux,targeted,max3sat,selective,equal_layer_p2,all_scheduled,pair_minus_original_only,original_objective_mean,10,-0.47588931937737744,0.5165966781919973,-0.8454403207235277,-0.10633831803122712,9,estimated,0,raw_instance,two_sided_Student_t_95_df_n_minus_1,unadjusted_exploratory
