path,size_bytes,sha256
.gitattributes,2685,dff96094418dcbeb06cc95e3ae3628ac27211e8f89d5f6e8c9adb5d63d2d2484
README.md,4403,55b400c602769fceedca9803d19fa8362183993ea048f0c854aeebf2e73f9626
corrections/review_closeout_v2/README.md,482,191e302227a26544c43d6d838d8508317c17b53a9f607792e2b19f50360e163f
delivery/20260913/ARCHIVES.json,715,ac65a92c4a739fb5d774f1be033e9871bcdccba73ecd1681762cf7ace57ad8ad
delivery/20260913/CODE_CLOSEOUT.json,1849,1923caf93a2984144ce0c41afd59ced55e25b6cc98933de54f26a1efcd24978f
delivery/20260913/archives/URSS_E2_E5_LOCAL_RESULTS_20260913_020457_389.zip,5252217,ebb8dc624edce8ee679d4e57f70134b95232d809784eab42b6c2e9de12df7429
delivery/20260913/archives/URSS_QAOA_LOCAL_RESULTS_20260913_010958_585.zip,5569597,cba9d6cd3182544dec12f0b9869575fd4034c25bcd2281108dd807042b0a8166
delivery/20260913/archives/URSS_WARMSTART_CORRECTION_EXECUTED_v1.zip,40786450,9e539a0aa387393e482e5ac0f186ace9695af39d05017fe3bc90eefefe5dd5e5
delivery/20260913/audits/CONSOLIDATION_TESTS.txt,1907,013c22868cd3d92ed2912de23b96063cb3e0caf098d07e9abb133e9bead2e5f7
delivery/20260913/audits/CROSS_PACKAGE_VERIFICATION.json,2556,e22349c5a7e20ca27d60859629992e697cdb00905754d4fa51659ef544bd143c
delivery/20260913/audits/IMPACT_AUDIT.json,1454,a6624efafbaeba5822b930bc74e0e633dc03e06828290901b936d06ccbe97db7
delivery/20260913/audits/INDEPENDENT_VERIFICATION.json,1857,054af8d9753333373bfdb0a14fc6bf0907a0c48e29248e773b8d588538e16865
delivery/20260913/audits/ORIGINAL_CLOSEOUT_AUDIT.json,4402,e796c53f7a8ece27f87e8aca5b8040ed2643d8afddd86965a82232305accbaa2
delivery/20260913/audits/POSTPROCESS_REVIEW_AUDIT.json,1159,e999e59cc99c791616c610509a7b4e88b8806d010dd9362549dca0c725591891
delivery/20260913/audits/SELECTION_REPAIR_AUDIT.json,362,63579ebe3237f74926142c0312b8a1da072bb700db3dc9a9c425bedc72d015d2
delivery/20260913/audits/qaoa_COVERAGE.csv,208,bffda84b8bf17d2da58cb55ad58f8594c971b2fa37a15c5224cc7abbfab297e1
delivery/20260913/audits/qaoa_EXECUTION_AUDIT.json,1333,c0f0f742edf3a130716b00a9854da040c5c7e7a0ab257d5698248ee0974e70ea
delivery/20260913/audits/qaoa_EXECUTION_BINDING.json,3864,26803be70682aadcca9d3198d59702544a7742c385ef9d0150cffc42d1876d0d
delivery/20260913/audits/qaoa_PLAN.json,9480,d858309de3f1b151d8c1dc43f2942735822cf83c2d448ceb4f5d0d3d84cfe2f9
delivery/20260913/audits/resources_COVERAGE.csv,185,14741336383f06a502518c8d13ec274455d0543ec0ffe9d966ac87532ada2582
delivery/20260913/audits/resources_EXECUTION_AUDIT.json,1563,62ca1175ac5e358eb3e81a80356ea7a480dc96f43f9993e9d877fbfa4e8c1840
delivery/20260913/audits/resources_EXECUTION_BINDING.json,5366,0c6cf8c4ff7693d73b9e8fe9a7502d7ec31212ce768e251bec0897e96f8b44cc
delivery/20260913/audits/resources_PLAN.json,35726,a2de2e115a85968b7a8fc5565a1fda883855273ddbc1f9961c6454f189f7a946
delivery/20260913/paper_materials/qaoa/PAPER_QAOA_UPDATE_V3.tex,2930,655935377c156ea9cc5cb049b3fd1bd520c3bc47d0af19926e0947e7fe7868fa
delivery/20260913/paper_materials/qaoa/README_ZH.md,436,a11c315c7ff6e943d66f8d6525496c7b0684d0d4cc7e583e2081156b83dd083a
delivery/20260913/paper_materials/qaoa/figure_e3_selector_rerun_v3.pdf,24381,90dd254f6f45c2981c92a35fc663e4e5ff913392d2d72b8d729b2c96bc27fff7
delivery/20260913/paper_materials/qaoa/figure_e3_selector_rerun_v3.png,124757,eae937bc0697b203458186b91f9f48f90dac1ac4541b935b663c5ea31d46af46
delivery/20260913/paper_materials/qaoa/figure_e6_selector_rerun_v3.pdf,19550,f77aab6933692d6fad691789539a891604eddd2a1e324ba07f3e2a5ab94d34c2
delivery/20260913/paper_materials/qaoa/figure_e6_selector_rerun_v3.png,116885,3d0cf3c531199619b857955f2bd9b1d240b18c4ea140618a05707d1d9d67c5ac
delivery/20260913/paper_materials/qaoa/figure_original_e4_selector_rerun_v3.pdf,16529,47c20c47aac35fe5053d6e2d431a564137f62faf680b5eb0d554f99c93cc08a1
delivery/20260913/paper_materials/qaoa/figure_original_e4_selector_rerun_v3.png,76143,8a020cb3e874d650f80b0eb3a713be148fd2cb06c36a7ac1d3b0ad4890f3e3ea
delivery/20260913/paper_materials/qaoa/figure_targeted_selector_rerun_v3.pdf,15887,7d8ce1c2f1b144342be9f2a0d5005abc02dae4a21fab4e885ad6d48b3775e04e
delivery/20260913/paper_materials/qaoa/figure_targeted_selector_rerun_v3.png,59117,bf7f24ed56a778af3a2470f2660c61cd5ca129a6f77183cf710ad8bfb18341ac
delivery/20260913/paper_materials/qaoa/table_original_e4_selector_rerun_v3.tex,987,d3057b38f2bded0828cb298cdb820e95cf730ab2bc0546fc0abc266968bae733
delivery/20260913/paper_materials/qaoa/table_targeted_selector_rerun_v3.tex,720,62e0f4a5a9be9e009bd6e7962f53e6cafb11542f7a5e662b6c04ab362a2befdc
delivery/20260913/paper_materials/resources/PAPER_RESOURCES_E5_UPDATE_V4.tex,2473,7eaf96c0cde8b9ab94aa7aa9ac536232311e265d2e3a4cf5e03cb76ab7a00ee3
delivery/20260913/paper_materials/resources/README_ZH.md,425,ae4e7fdd241c4fb8f56b0adbe0e8a741681548864eee34d51aa3de0f0ea2d9eb
delivery/20260913/paper_materials/resources/figure_E2_primary_v4.pdf,15711,eb3f25fd4edaa0161fecb3c7de6ed6d6129d6360e157badb1134f44d2a8e4bd1
delivery/20260913/paper_materials/resources/figure_E2_primary_v4.png,92274,9d20e72d9e9bb89bc1b81ba2507aa2e0a62526ac45776dd41ebf78029602af07
delivery/20260913/paper_materials/resources/figure_E2_topologies_v4.pdf,15077,3b33d30ccec4f95a2e028d450307d23860ffdf6e93c80cc0d337f645034b88d9
delivery/20260913/paper_materials/resources/figure_E2_topologies_v4.png,62333,138e8d06a72b3df84e4ffb9107e54c4aa66aba49d8e8d020068e2369b2be41a3
delivery/20260913/paper_materials/resources/figure_E5_classification_v4.pdf,13291,9d3e316d64a3a942cc8164e51a26a85c2c3bbc38987ba8e9cbc366a742b364e6
delivery/20260913/paper_materials/resources/figure_E5_classification_v4.png,58649,70282ebc9257cd864b05e7ec76a9dda499018f2071f233f91608c591d9c8fabc
delivery/20260913/paper_materials/resources/figure_E5_regime_v4.pdf,24365,012c14e8b6b6308fcb21d969b1d57c5031fd246370ebf106faee080bce882afc
delivery/20260913/paper_materials/resources/figure_E5_regime_v4.png,135223,c524e00daff6cad9f354c5a1e7932802024a95e74e9233161cdb9041e3923fb8
delivery/20260913/paper_materials/resources/table17_kappa_selective_v4.tex,215,35b8f0aa6aa5405cf154c3c1fffb6b242ae9f0ba33ec2995c09ca1e925cba5b3
delivery/20260913/paper_materials/resources/table3_resources_v4.tex,585,0c926834c012c8a00027bb077069526588201b59b90b6d8b4859ca71f557d5a8
delivery/20260913/paper_materials/resources/table4_capacity_v4.tex,291,f6f03a332b787b08fb710bd14f4932c176dc94ba978d101473b51f281236e57e
delivery/20260913/paper_materials/resources/table5_sparse_resources_v4.tex,589,6416b17ec893dbd2023cf093d6ffe86521abbb09fa81a8805988d337ed61526c
delivery/20260913/paper_materials/resources/table_E5_counts_v4.tex,673,f32fc4302aee74be80420cca331d0451288de5d06e6a2d5c5b8cdbce61764d70
delivery/20260913/summaries/qaoa/D08_e6_initial_and_realised_depth.csv,377225,09dc5b359f5874567e3b156f054bc797aa9a00a2815e4f1c2d26ade2a25763a9
delivery/20260913/summaries/qaoa/E3_instance_means.csv,41461,d5bfcfeaf0653fa4f75a227e9b45b2302679fdf4708ebe1ec0232928ef240000
delivery/20260913/summaries/qaoa/E3_paired_vs_native.csv,17823,2e2769c648d7827e4cb3235600b1165bbdbccea6fdb6f47f555600095e68afdb
delivery/20260913/summaries/qaoa/E3_summary.csv,18863,3d36b09b1b66718556cac9c0caecd76c7ebcc11bb15c7efe742beec6c2121dd2
delivery/20260913/summaries/qaoa/E6_instance_means.csv,38436,845c50a380ae237b6a4373b32f29ad895b67671990fdb44f88ec917e72a8f99f
delivery/20260913/summaries/qaoa/E6_paired_vs_native.csv,13171,309de21a9794f03d592632518019923efd4bb01fbdc0a2e214bfd615b1685754
delivery/20260913/summaries/qaoa/E6_summary.csv,13783,a4ee0eb691ded623174764a5f9f6cd6d750738deb30fa957833bf863ccc4c9e9
delivery/20260913/summaries/qaoa/PRIMARY_WARMSTART_CONTRASTS.csv,17559,4f327a161c45eb2bb531e2852a41f42576e93aa5fe2682da0c00239ce4cf36fd
delivery/20260913/summaries/qaoa/WARMSTART_BEFORE_AFTER.csv,20243,20e17dc4a253a44d1ef2f9727123de2690222534125415ffba3d6aa3ccbad888
delivery/20260913/summaries/qaoa/warm_descriptive_summary.csv,532666,611f4dd8a26825c86459fa4b258106375d2c79be115770535e6280bee77dd869
delivery/20260913/summaries/qaoa/warm_draw_means.csv,370544,06808cfb0ced42f2aea83b498f829b5961e7c24704005e055b44a5306a3b61f6
delivery/20260913/summaries/qaoa/warm_instance_policy_means.csv,473007,0e6244c80f4c5e03bf5563450b217902e89c2e376d89364b13ac409317d32a60
delivery/20260913/summaries/qaoa/warm_paired_instance_differences.csv,466131,2645a0c4aa22ac4c80066ae95c8fc3d9e0e2871a488412e6f6ed5f98f61fb5b5
delivery/20260913/summaries/qaoa/warm_paired_summary.csv,663262,b8de103fa7c814a1001bda11245361c0f1979327015ce0858991583f68914aa6
delivery/20260913/summaries/resources/CAPACITY_TRANSITIONS.csv,1381231,b9226832fb386884e596ea17a8a2916c784a9f87e2f2c9ceadbe271e618fa12a
delivery/20260913/summaries/resources/E2_capacity_by_instance.csv,1614,af2dc7432642662d1fbca0f8628f7b319146ebe62677f07ac09248063d95358b
delivery/20260913/summaries/resources/E2_instance_resources.csv,200478,d3210582635f36a7310f15fe1d6ffb8ff136f674b51011888d4e30a17cc17ba2
delivery/20260913/summaries/resources/E2_paired_vs_native.csv,88368,429a48aa349af90556e6765de0b5b785c189bec90042316434395fc68a0ea38c
delivery/20260913/summaries/resources/E2_seed_median_per_design.csv,691328,59aad78515a8a6d7295af270861145ae12cc9cd9adcfa2716c52c2e7046e23a1
delivery/20260913/summaries/resources/E2_selected_minus_random_pairs.csv,65961,8f4d41a4c66864c4b06415966fc73002a235c4c092d781a90945e66ecae61300
delivery/20260913/summaries/resources/E2_selected_minus_random_summary.csv,1046,77298a535e7e53e8968b9f99db55fb5593dbb489d97afa3c70b837f255d593d8
delivery/20260913/summaries/resources/E2_summary_vs_native.csv,1022,78c3344973ef994f6f30bc42a0b5c6d3f54e1c51ffde6035e54e75a34446ab27
delivery/20260913/summaries/resources/E5_additional_topologies_instance_level.csv,204933,1413c8ae4771232d424e0e311c6d60eac035b695497905a4faced75c9ddf5d9d
delivery/20260913/summaries/resources/E5_additional_topologies_summary.csv,52821,68f78fba232a965e75b00dfda89f63a8045afa2c15946af820cdf8474b5c8144
delivery/20260913/summaries/resources/E5_before_after.csv,56096,4a1910f3ce4c8f93ea793799b67be3ae68734b9dc98f3f72e2a95c7e80c65997
delivery/20260913/summaries/resources/E5_instance_level.csv,174565,a52d3d3209cae8cb3d503e6a05fb296da36bed09daab1b800a973a3f8b8b01fa
delivery/20260913/summaries/resources/E5_summary.csv,68145,8c87b130b41cf790078b384d9871b308c71cbc526eca81eb021f6aa7b5751945
make_selected_qaoa_paper_updates.py,11918,ff045ccc43954ed7179e9cf56057e4bc5f9e85e6693e55093bca6de0eb8619a5
requirements-delivery.txt,110,32f7343d0c973feeff64c9a6f3f7c28f8c6b5ac2871066e0e94fc487f6595b38
tests/test_final_delivery_upload.py,5326,ecdef707f0300ec75a915126933b88a993ba23a9feec3fcf4a55427a3abf71ab
tests/test_selected_qaoa_paper_text.py,2495,2b3a6046bda7d24fae0819a0367e723bebfb559ded7224b0f7c474c378fc9cd4
upload_final_delivery.py,13933,971b289792d2059fa466656854dd6a4037abf7f8c5838c5f6f7a3be7a41752c3
verify_final_delivery.py,5321,9152b720244a6c2834e8c8c0a6a3bf593fbc12da99421fbc22459a5e30efbcf9
