instance_id,family,representation,common_feasible_cohort_id,transpiler_seed_count,two_qubit_gates_mean,two_qubit_depth_mean,swap_count_mean,routing_overhead_mean,compile_runtime_sec_mean,config_hash,manifest_hash,code_commit
inst_04a1b89230c5a6026d670ebcad2bd30c736104ed6ac28632205ec9169547e9f9,max3sat,all_native,sparse_common_feasible_9f8fccc5aaf5b9bb,5,100.8,84.0,13.2,34.8,0.007771359995240345,c1fe6ddb0aa5e0bd75dbc46707e2824bbe199bac82b2d766160294ce56353d99,9626c07cf4ccf3251a3585a4b367551c7a78f57218970c0d71f73f221adea5d3,e3b6d0cb9f3dc2e46f831caf5ce716f12b7a883a
inst_04a1b89230c5a6026d670ebcad2bd30c736104ed6ac28632205ec9169547e9f9,max3sat,fully_quadratized,sparse_common_feasible_9f8fccc5aaf5b9bb,5,87.6,56.4,11.6,31.6,0.006817600000067614,c1fe6ddb0aa5e0bd75dbc46707e2824bbe199bac82b2d766160294ce56353d99,9626c07cf4ccf3251a3585a4b367551c7a78f57218970c0d71f73f221adea5d3,e3b6d0cb9f3dc2e46f831caf5ce716f12b7a883a
inst_04a1b89230c5a6026d670ebcad2bd30c736104ed6ac28632205ec9169547e9f9,max3sat,selective,sparse_common_feasible_9f8fccc5aaf5b9bb,5,100.8,84.0,13.2,34.8,0.006082940002670512,c1fe6ddb0aa5e0bd75dbc46707e2824bbe199bac82b2d766160294ce56353d99,9626c07cf4ccf3251a3585a4b367551c7a78f57218970c0d71f73f221adea5d3,e3b6d0cb9f3dc2e46f831caf5ce716f12b7a883a
inst_1b8063bafe8fb16b92612498609bbac8bbb284b59e73fc2d63cadf82b323441f,max3sat,all_native,sparse_common_feasible_9f8fccc5aaf5b9bb,5,87.4,62.2,11.0,25.4,0.006422799994470552,c1fe6ddb0aa5e0bd75dbc46707e2824bbe199bac82b2d766160294ce56353d99,9626c07cf4ccf3251a3585a4b367551c7a78f57218970c0d71f73f221adea5d3,e3b6d0cb9f3dc2e46f831caf5ce716f12b7a883a
inst_1b8063bafe8fb16b92612498609bbac8bbb284b59e73fc2d63cadf82b323441f,max3sat,fully_quadratized,sparse_common_feasible_9f8fccc5aaf5b9bb,5,83.0,51.8,10.2,29.0,0.006528539999271743,c1fe6ddb0aa5e0bd75dbc46707e2824bbe199bac82b2d766160294ce56353d99,9626c07cf4ccf3251a3585a4b367551c7a78f57218970c0d71f73f221adea5d3,e3b6d0cb9f3dc2e46f831caf5ce716f12b7a883a
inst_1b8063bafe8fb16b92612498609bbac8bbb284b59e73fc2d63cadf82b323441f,max3sat,selective,sparse_common_feasible_9f8fccc5aaf5b9bb,5,87.4,62.2,11.0,25.4,0.005788940002094023,c1fe6ddb0aa5e0bd75dbc46707e2824bbe199bac82b2d766160294ce56353d99,9626c07cf4ccf3251a3585a4b367551c7a78f57218970c0d71f73f221adea5d3,e3b6d0cb9f3dc2e46f831caf5ce716f12b7a883a
inst_2cb581ef9182b4e94ad87468822d97c34bab3f5844f008f31be762da257eef0a,max3sat,all_native,sparse_common_feasible_9f8fccc5aaf5b9bb,5,108.8,87.0,14.8,42.8,0.010144899997976608,c1fe6ddb0aa5e0bd75dbc46707e2824bbe199bac82b2d766160294ce56353d99,9626c07cf4ccf3251a3585a4b367551c7a78f57218970c0d71f73f221adea5d3,e3b6d0cb9f3dc2e46f831caf5ce716f12b7a883a
inst_2cb581ef9182b4e94ad87468822d97c34bab3f5844f008f31be762da257eef0a,max3sat,fully_quadratized,sparse_common_feasible_9f8fccc5aaf5b9bb,5,95.4,62.4,12.6,35.4,0.009077680003247223,c1fe6ddb0aa5e0bd75dbc46707e2824bbe199bac82b2d766160294ce56353d99,9626c07cf4ccf3251a3585a4b367551c7a78f57218970c0d71f73f221adea5d3,e3b6d0cb9f3dc2e46f831caf5ce716f12b7a883a
inst_2cb581ef9182b4e94ad87468822d97c34bab3f5844f008f31be762da257eef0a,max3sat,selective,sparse_common_feasible_9f8fccc5aaf5b9bb,5,108.8,87.0,14.8,42.8,0.009350259997881949,c1fe6ddb0aa5e0bd75dbc46707e2824bbe199bac82b2d766160294ce56353d99,9626c07cf4ccf3251a3585a4b367551c7a78f57218970c0d71f73f221adea5d3,e3b6d0cb9f3dc2e46f831caf5ce716f12b7a883a
inst_341aaea9cc6b648e49be42c5a9a85c286aa8e35d42e20fd993b487fdda2e28cb,cubic_spin_glass,all_native,sparse_common_feasible_9f8fccc5aaf5b9bb,5,39.4,30.6,4.2,7.4,0.011078720004297793,c1fe6ddb0aa5e0bd75dbc46707e2824bbe199bac82b2d766160294ce56353d99,9626c07cf4ccf3251a3585a4b367551c7a78f57218970c0d71f73f221adea5d3,e3b6d0cb9f3dc2e46f831caf5ce716f12b7a883a
inst_341aaea9cc6b648e49be42c5a9a85c286aa8e35d42e20fd993b487fdda2e28cb,cubic_spin_glass,fully_quadratized,sparse_common_feasible_9f8fccc5aaf5b9bb,5,102.2,59.4,14.2,40.2,0.01099040000117384,c1fe6ddb0aa5e0bd75dbc46707e2824bbe199bac82b2d766160294ce56353d99,9626c07cf4ccf3251a3585a4b367551c7a78f57218970c0d71f73f221adea5d3,e3b6d0cb9f3dc2e46f831caf5ce716f12b7a883a
inst_341aaea9cc6b648e49be42c5a9a85c286aa8e35d42e20fd993b487fdda2e28cb,cubic_spin_glass,selective,sparse_common_feasible_9f8fccc5aaf5b9bb,5,39.4,30.6,4.2,7.4,0.01009236000245437,c1fe6ddb0aa5e0bd75dbc46707e2824bbe199bac82b2d766160294ce56353d99,9626c07cf4ccf3251a3585a4b367551c7a78f57218970c0d71f73f221adea5d3,e3b6d0cb9f3dc2e46f831caf5ce716f12b7a883a
inst_351b2f1044631455ab325f3efabb01e0e041402aa854cb63ffe41759af6edb31,max3sat,all_native,sparse_common_feasible_9f8fccc5aaf5b9bb,5,133.4,101.2,20.6,55.4,0.01283067999756895,c1fe6ddb0aa5e0bd75dbc46707e2824bbe199bac82b2d766160294ce56353d99,9626c07cf4ccf3251a3585a4b367551c7a78f57218970c0d71f73f221adea5d3,e3b6d0cb9f3dc2e46f831caf5ce716f12b7a883a
inst_351b2f1044631455ab325f3efabb01e0e041402aa854cb63ffe41759af6edb31,max3sat,fully_quadratized,sparse_common_feasible_9f8fccc5aaf5b9bb,5,89.6,59.8,11.6,31.6,0.010480820000520908,c1fe6ddb0aa5e0bd75dbc46707e2824bbe199bac82b2d766160294ce56353d99,9626c07cf4ccf3251a3585a4b367551c7a78f57218970c0d71f73f221adea5d3,e3b6d0cb9f3dc2e46f831caf5ce716f12b7a883a
inst_351b2f1044631455ab325f3efabb01e0e041402aa854cb63ffe41759af6edb31,max3sat,selective,sparse_common_feasible_9f8fccc5aaf5b9bb,5,133.4,101.2,20.6,55.4,0.011204259999794885,c1fe6ddb0aa5e0bd75dbc46707e2824bbe199bac82b2d766160294ce56353d99,9626c07cf4ccf3251a3585a4b367551c7a78f57218970c0d71f73f221adea5d3,e3b6d0cb9f3dc2e46f831caf5ce716f12b7a883a
inst_44d41ee19adf16187d2472123669bbf847d64335b452c13d07c64d022afdbd6a,max3sat,all_native,sparse_common_feasible_9f8fccc5aaf5b9bb,5,139.6,106.0,20.4,57.6,0.012986420001834632,c1fe6ddb0aa5e0bd75dbc46707e2824bbe199bac82b2d766160294ce56353d99,9626c07cf4ccf3251a3585a4b367551c7a78f57218970c0d71f73f221adea5d3,e3b6d0cb9f3dc2e46f831caf5ce716f12b7a883a
inst_44d41ee19adf16187d2472123669bbf847d64335b452c13d07c64d022afdbd6a,max3sat,fully_quadratized,sparse_common_feasible_9f8fccc5aaf5b9bb,5,96.8,65.2,12.8,36.8,0.01122845999780111,c1fe6ddb0aa5e0bd75dbc46707e2824bbe199bac82b2d766160294ce56353d99,9626c07cf4ccf3251a3585a4b367551c7a78f57218970c0d71f73f221adea5d3,e3b6d0cb9f3dc2e46f831caf5ce716f12b7a883a
inst_44d41ee19adf16187d2472123669bbf847d64335b452c13d07c64d022afdbd6a,max3sat,selective,sparse_common_feasible_9f8fccc5aaf5b9bb,5,139.6,106.0,20.4,57.6,0.012934139999561011,c1fe6ddb0aa5e0bd75dbc46707e2824bbe199bac82b2d766160294ce56353d99,9626c07cf4ccf3251a3585a4b367551c7a78f57218970c0d71f73f221adea5d3,e3b6d0cb9f3dc2e46f831caf5ce716f12b7a883a
inst_4a5cdf12000be45c6e4eed5c6e54361319ac9cc9ed9744d18b2b715e8842bdac,max3sat,all_native,sparse_common_feasible_9f8fccc5aaf5b9bb,5,119.8,93.2,17.8,45.8,0.013433139998232946,c1fe6ddb0aa5e0bd75dbc46707e2824bbe199bac82b2d766160294ce56353d99,9626c07cf4ccf3251a3585a4b367551c7a78f57218970c0d71f73f221adea5d3,e3b6d0cb9f3dc2e46f831caf5ce716f12b7a883a
inst_4a5cdf12000be45c6e4eed5c6e54361319ac9cc9ed9744d18b2b715e8842bdac,max3sat,fully_quadratized,sparse_common_feasible_9f8fccc5aaf5b9bb,5,109.4,71.6,15.4,43.4,0.01150797999871429,c1fe6ddb0aa5e0bd75dbc46707e2824bbe199bac82b2d766160294ce56353d99,9626c07cf4ccf3251a3585a4b367551c7a78f57218970c0d71f73f221adea5d3,e3b6d0cb9f3dc2e46f831caf5ce716f12b7a883a
inst_4a5cdf12000be45c6e4eed5c6e54361319ac9cc9ed9744d18b2b715e8842bdac,max3sat,selective,sparse_common_feasible_9f8fccc5aaf5b9bb,5,119.8,93.2,17.8,45.8,0.011584199997014367,c1fe6ddb0aa5e0bd75dbc46707e2824bbe199bac82b2d766160294ce56353d99,9626c07cf4ccf3251a3585a4b367551c7a78f57218970c0d71f73f221adea5d3,e3b6d0cb9f3dc2e46f831caf5ce716f12b7a883a
inst_53dec71c3e2fae0bd3971cba514a32e1708dd7cd2ca9764224bca5022a248a7e,cubic_spin_glass,all_native,sparse_common_feasible_9f8fccc5aaf5b9bb,5,35.0,31.0,3.0,3.0,0.005452340000192635,c1fe6ddb0aa5e0bd75dbc46707e2824bbe199bac82b2d766160294ce56353d99,9626c07cf4ccf3251a3585a4b367551c7a78f57218970c0d71f73f221adea5d3,e3b6d0cb9f3dc2e46f831caf5ce716f12b7a883a
inst_53dec71c3e2fae0bd3971cba514a32e1708dd7cd2ca9764224bca5022a248a7e,cubic_spin_glass,fully_quadratized,sparse_common_feasible_9f8fccc5aaf5b9bb,5,89.0,58.6,12.2,33.0,0.0055330400005914274,c1fe6ddb0aa5e0bd75dbc46707e2824bbe199bac82b2d766160294ce56353d99,9626c07cf4ccf3251a3585a4b367551c7a78f57218970c0d71f73f221adea5d3,e3b6d0cb9f3dc2e46f831caf5ce716f12b7a883a
inst_53dec71c3e2fae0bd3971cba514a32e1708dd7cd2ca9764224bca5022a248a7e,cubic_spin_glass,selective,sparse_common_feasible_9f8fccc5aaf5b9bb,5,35.0,31.0,3.0,3.0,0.006268439994892105,c1fe6ddb0aa5e0bd75dbc46707e2824bbe199bac82b2d766160294ce56353d99,9626c07cf4ccf3251a3585a4b367551c7a78f57218970c0d71f73f221adea5d3,e3b6d0cb9f3dc2e46f831caf5ce716f12b7a883a
inst_5683a8170815775476c0c3080ab79c1cfd47561fea54e8872321c0e570d236f8,max3sat,all_native,sparse_common_feasible_9f8fccc5aaf5b9bb,5,73.6,63.6,8.4,15.6,0.007728820000193082,c1fe6ddb0aa5e0bd75dbc46707e2824bbe199bac82b2d766160294ce56353d99,9626c07cf4ccf3251a3585a4b367551c7a78f57218970c0d71f73f221adea5d3,e3b6d0cb9f3dc2e46f831caf5ce716f12b7a883a
inst_5683a8170815775476c0c3080ab79c1cfd47561fea54e8872321c0e570d236f8,max3sat,fully_quadratized,sparse_common_feasible_9f8fccc5aaf5b9bb,5,72.4,47.6,9.2,24.4,0.006324600000516512,c1fe6ddb0aa5e0bd75dbc46707e2824bbe199bac82b2d766160294ce56353d99,9626c07cf4ccf3251a3585a4b367551c7a78f57218970c0d71f73f221adea5d3,e3b6d0cb9f3dc2e46f831caf5ce716f12b7a883a
inst_5683a8170815775476c0c3080ab79c1cfd47561fea54e8872321c0e570d236f8,max3sat,selective,sparse_common_feasible_9f8fccc5aaf5b9bb,5,73.6,63.6,8.4,15.6,0.016628800006583334,c1fe6ddb0aa5e0bd75dbc46707e2824bbe199bac82b2d766160294ce56353d99,9626c07cf4ccf3251a3585a4b367551c7a78f57218970c0d71f73f221adea5d3,e3b6d0cb9f3dc2e46f831caf5ce716f12b7a883a
inst_59d47f0711e495d090f7fe436c47b3444643657d19e1e4fc567b971685dcb3e2,cubic_spin_glass,all_native,sparse_common_feasible_9f8fccc5aaf5b9bb,5,38.8,30.6,4.0,6.8,0.007121519994689152,c1fe6ddb0aa5e0bd75dbc46707e2824bbe199bac82b2d766160294ce56353d99,9626c07cf4ccf3251a3585a4b367551c7a78f57218970c0d71f73f221adea5d3,e3b6d0cb9f3dc2e46f831caf5ce716f12b7a883a
inst_59d47f0711e495d090f7fe436c47b3444643657d19e1e4fc567b971685dcb3e2,cubic_spin_glass,fully_quadratized,sparse_common_feasible_9f8fccc5aaf5b9bb,5,79.8,50.8,9.8,27.8,0.007993419998092577,c1fe6ddb0aa5e0bd75dbc46707e2824bbe199bac82b2d766160294ce56353d99,9626c07cf4ccf3251a3585a4b367551c7a78f57218970c0d71f73f221adea5d3,e3b6d0cb9f3dc2e46f831caf5ce716f12b7a883a
inst_59d47f0711e495d090f7fe436c47b3444643657d19e1e4fc567b971685dcb3e2,cubic_spin_glass,selective,sparse_common_feasible_9f8fccc5aaf5b9bb,5,38.8,30.6,4.0,6.8,0.006800799997290596,c1fe6ddb0aa5e0bd75dbc46707e2824bbe199bac82b2d766160294ce56353d99,9626c07cf4ccf3251a3585a4b367551c7a78f57218970c0d71f73f221adea5d3,e3b6d0cb9f3dc2e46f831caf5ce716f12b7a883a
inst_623ed3fa24dead6f0f9dd1096cce82dc9a048bf774730e23b964d7d43607fd83,cubic_spin_glass,all_native,sparse_common_feasible_9f8fccc5aaf5b9bb,5,46.6,38.4,5.8,14.6,0.007197399999131449,c1fe6ddb0aa5e0bd75dbc46707e2824bbe199bac82b2d766160294ce56353d99,9626c07cf4ccf3251a3585a4b367551c7a78f57218970c0d71f73f221adea5d3,e3b6d0cb9f3dc2e46f831caf5ce716f12b7a883a
inst_623ed3fa24dead6f0f9dd1096cce82dc9a048bf774730e23b964d7d43607fd83,cubic_spin_glass,fully_quadratized,sparse_common_feasible_9f8fccc5aaf5b9bb,5,84.4,58.6,11.2,30.4,0.007081580001977272,c1fe6ddb0aa5e0bd75dbc46707e2824bbe199bac82b2d766160294ce56353d99,9626c07cf4ccf3251a3585a4b367551c7a78f57218970c0d71f73f221adea5d3,e3b6d0cb9f3dc2e46f831caf5ce716f12b7a883a
inst_623ed3fa24dead6f0f9dd1096cce82dc9a048bf774730e23b964d7d43607fd83,cubic_spin_glass,selective,sparse_common_feasible_9f8fccc5aaf5b9bb,5,46.6,38.4,5.8,14.6,0.006231860001571476,c1fe6ddb0aa5e0bd75dbc46707e2824bbe199bac82b2d766160294ce56353d99,9626c07cf4ccf3251a3585a4b367551c7a78f57218970c0d71f73f221adea5d3,e3b6d0cb9f3dc2e46f831caf5ce716f12b7a883a
inst_67bfa1c14b3388aa4788b1b0b8fb0a628d9e11fad6d7ead7faa4270deca7be29,max3sat,all_native,sparse_common_feasible_9f8fccc5aaf5b9bb,5,145.2,108.4,21.6,57.2,0.006559719998040237,c1fe6ddb0aa5e0bd75dbc46707e2824bbe199bac82b2d766160294ce56353d99,9626c07cf4ccf3251a3585a4b367551c7a78f57218970c0d71f73f221adea5d3,e3b6d0cb9f3dc2e46f831caf5ce716f12b7a883a
inst_67bfa1c14b3388aa4788b1b0b8fb0a628d9e11fad6d7ead7faa4270deca7be29,max3sat,fully_quadratized,sparse_common_feasible_9f8fccc5aaf5b9bb,5,105.8,57.4,15.0,39.8,0.008026680001057685,c1fe6ddb0aa5e0bd75dbc46707e2824bbe199bac82b2d766160294ce56353d99,9626c07cf4ccf3251a3585a4b367551c7a78f57218970c0d71f73f221adea5d3,e3b6d0cb9f3dc2e46f831caf5ce716f12b7a883a
inst_67bfa1c14b3388aa4788b1b0b8fb0a628d9e11fad6d7ead7faa4270deca7be29,max3sat,selective,sparse_common_feasible_9f8fccc5aaf5b9bb,5,145.2,108.4,21.6,57.2,0.010336139998980799,c1fe6ddb0aa5e0bd75dbc46707e2824bbe199bac82b2d766160294ce56353d99,9626c07cf4ccf3251a3585a4b367551c7a78f57218970c0d71f73f221adea5d3,e3b6d0cb9f3dc2e46f831caf5ce716f12b7a883a
inst_6de219ee046e11cc6b3925b66cc25f0b4641e502623cd3aa766407f918c53235,cubic_spin_glass,all_native,sparse_common_feasible_9f8fccc5aaf5b9bb,5,50.0,43.4,6.4,18.0,0.0058003799960715694,c1fe6ddb0aa5e0bd75dbc46707e2824bbe199bac82b2d766160294ce56353d99,9626c07cf4ccf3251a3585a4b367551c7a78f57218970c0d71f73f221adea5d3,e3b6d0cb9f3dc2e46f831caf5ce716f12b7a883a
inst_6de219ee046e11cc6b3925b66cc25f0b4641e502623cd3aa766407f918c53235,cubic_spin_glass,fully_quadratized,sparse_common_feasible_9f8fccc5aaf5b9bb,5,84.6,54.4,10.6,28.6,0.005978460001642816,c1fe6ddb0aa5e0bd75dbc46707e2824bbe199bac82b2d766160294ce56353d99,9626c07cf4ccf3251a3585a4b367551c7a78f57218970c0d71f73f221adea5d3,e3b6d0cb9f3dc2e46f831caf5ce716f12b7a883a
inst_6de219ee046e11cc6b3925b66cc25f0b4641e502623cd3aa766407f918c53235,cubic_spin_glass,selective,sparse_common_feasible_9f8fccc5aaf5b9bb,5,50.0,43.4,6.4,18.0,0.005073980000452139,c1fe6ddb0aa5e0bd75dbc46707e2824bbe199bac82b2d766160294ce56353d99,9626c07cf4ccf3251a3585a4b367551c7a78f57218970c0d71f73f221adea5d3,e3b6d0cb9f3dc2e46f831caf5ce716f12b7a883a
inst_6ea539895de41953dcf8585c9c5a14620e89386260235c3b1468a17d57ab2b23,cubic_spin_glass,all_native,sparse_common_feasible_9f8fccc5aaf5b9bb,5,96.8,81.2,13.6,32.8,0.0062051199987763535,c1fe6ddb0aa5e0bd75dbc46707e2824bbe199bac82b2d766160294ce56353d99,9626c07cf4ccf3251a3585a4b367551c7a78f57218970c0d71f73f221adea5d3,e3b6d0cb9f3dc2e46f831caf5ce716f12b7a883a
inst_6ea539895de41953dcf8585c9c5a14620e89386260235c3b1468a17d57ab2b23,cubic_spin_glass,fully_quadratized,sparse_common_feasible_9f8fccc5aaf5b9bb,5,148.8,93.2,20.8,60.8,0.006601880001835525,c1fe6ddb0aa5e0bd75dbc46707e2824bbe199bac82b2d766160294ce56353d99,9626c07cf4ccf3251a3585a4b367551c7a78f57218970c0d71f73f221adea5d3,e3b6d0cb9f3dc2e46f831caf5ce716f12b7a883a
inst_6ea539895de41953dcf8585c9c5a14620e89386260235c3b1468a17d57ab2b23,cubic_spin_glass,selective,sparse_common_feasible_9f8fccc5aaf5b9bb,5,96.8,81.2,13.6,32.8,0.006292759999632835,c1fe6ddb0aa5e0bd75dbc46707e2824bbe199bac82b2d766160294ce56353d99,9626c07cf4ccf3251a3585a4b367551c7a78f57218970c0d71f73f221adea5d3,e3b6d0cb9f3dc2e46f831caf5ce716f12b7a883a
inst_7f90e24a78f8a26d1a801c170cc595d5d7669882dcba292c4b15aa6b53b3dacf,cubic_spin_glass,all_native,sparse_common_feasible_9f8fccc5aaf5b9bb,5,41.8,36.8,3.4,9.8,0.00633349999843631,c1fe6ddb0aa5e0bd75dbc46707e2824bbe199bac82b2d766160294ce56353d99,9626c07cf4ccf3251a3585a4b367551c7a78f57218970c0d71f73f221adea5d3,e3b6d0cb9f3dc2e46f831caf5ce716f12b7a883a
inst_7f90e24a78f8a26d1a801c170cc595d5d7669882dcba292c4b15aa6b53b3dacf,cubic_spin_glass,fully_quadratized,sparse_common_feasible_9f8fccc5aaf5b9bb,5,84.8,46.8,11.2,30.8,0.006597500000498258,c1fe6ddb0aa5e0bd75dbc46707e2824bbe199bac82b2d766160294ce56353d99,9626c07cf4ccf3251a3585a4b367551c7a78f57218970c0d71f73f221adea5d3,e3b6d0cb9f3dc2e46f831caf5ce716f12b7a883a
inst_7f90e24a78f8a26d1a801c170cc595d5d7669882dcba292c4b15aa6b53b3dacf,cubic_spin_glass,selective,sparse_common_feasible_9f8fccc5aaf5b9bb,5,41.8,36.8,3.4,9.8,0.0061487600003601985,c1fe6ddb0aa5e0bd75dbc46707e2824bbe199bac82b2d766160294ce56353d99,9626c07cf4ccf3251a3585a4b367551c7a78f57218970c0d71f73f221adea5d3,e3b6d0cb9f3dc2e46f831caf5ce716f12b7a883a
inst_9450ef3d9ff004e2fb5b0139c1d3d736da4d25de602cb1d4c57e69a5aa03741b,max3sat,all_native,sparse_common_feasible_9f8fccc5aaf5b9bb,5,126.2,102.0,18.2,50.2,0.007154919998720288,c1fe6ddb0aa5e0bd75dbc46707e2824bbe199bac82b2d766160294ce56353d99,9626c07cf4ccf3251a3585a4b367551c7a78f57218970c0d71f73f221adea5d3,e3b6d0cb9f3dc2e46f831caf5ce716f12b7a883a
inst_9450ef3d9ff004e2fb5b0139c1d3d736da4d25de602cb1d4c57e69a5aa03741b,max3sat,fully_quadratized,sparse_common_feasible_9f8fccc5aaf5b9bb,5,99.4,64.2,13.4,37.4,0.006308340004761703,c1fe6ddb0aa5e0bd75dbc46707e2824bbe199bac82b2d766160294ce56353d99,9626c07cf4ccf3251a3585a4b367551c7a78f57218970c0d71f73f221adea5d3,e3b6d0cb9f3dc2e46f831caf5ce716f12b7a883a
inst_9450ef3d9ff004e2fb5b0139c1d3d736da4d25de602cb1d4c57e69a5aa03741b,max3sat,selective,sparse_common_feasible_9f8fccc5aaf5b9bb,5,126.2,102.0,18.2,50.2,0.006536020000930875,c1fe6ddb0aa5e0bd75dbc46707e2824bbe199bac82b2d766160294ce56353d99,9626c07cf4ccf3251a3585a4b367551c7a78f57218970c0d71f73f221adea5d3,e3b6d0cb9f3dc2e46f831caf5ce716f12b7a883a
inst_c32cb33b55efb0ee1a708f9936b9c45d95c8b4a9c07a53a564b24913ae6b0e3c,max3sat,all_native,sparse_common_feasible_9f8fccc5aaf5b9bb,5,111.8,90.2,15.0,33.8,0.007934559998102487,c1fe6ddb0aa5e0bd75dbc46707e2824bbe199bac82b2d766160294ce56353d99,9626c07cf4ccf3251a3585a4b367551c7a78f57218970c0d71f73f221adea5d3,e3b6d0cb9f3dc2e46f831caf5ce716f12b7a883a
inst_c32cb33b55efb0ee1a708f9936b9c45d95c8b4a9c07a53a564b24913ae6b0e3c,max3sat,fully_quadratized,sparse_common_feasible_9f8fccc5aaf5b9bb,5,104.8,68.6,14.0,40.8,0.006736800001817755,c1fe6ddb0aa5e0bd75dbc46707e2824bbe199bac82b2d766160294ce56353d99,9626c07cf4ccf3251a3585a4b367551c7a78f57218970c0d71f73f221adea5d3,e3b6d0cb9f3dc2e46f831caf5ce716f12b7a883a
inst_c32cb33b55efb0ee1a708f9936b9c45d95c8b4a9c07a53a564b24913ae6b0e3c,max3sat,selective,sparse_common_feasible_9f8fccc5aaf5b9bb,5,111.8,90.2,15.0,33.8,0.007888859999366105,c1fe6ddb0aa5e0bd75dbc46707e2824bbe199bac82b2d766160294ce56353d99,9626c07cf4ccf3251a3585a4b367551c7a78f57218970c0d71f73f221adea5d3,e3b6d0cb9f3dc2e46f831caf5ce716f12b7a883a
inst_ccb599d971d1da8d223cf442b00bd17f867272a51c5c1f8e79983c9f8942e2eb,max3sat,all_native,sparse_common_feasible_9f8fccc5aaf5b9bb,5,123.2,95.2,16.4,39.2,0.008119160003843717,c1fe6ddb0aa5e0bd75dbc46707e2824bbe199bac82b2d766160294ce56353d99,9626c07cf4ccf3251a3585a4b367551c7a78f57218970c0d71f73f221adea5d3,e3b6d0cb9f3dc2e46f831caf5ce716f12b7a883a
inst_ccb599d971d1da8d223cf442b00bd17f867272a51c5c1f8e79983c9f8942e2eb,max3sat,fully_quadratized,sparse_common_feasible_9f8fccc5aaf5b9bb,5,96.4,60.0,12.8,36.4,0.007912199993734248,c1fe6ddb0aa5e0bd75dbc46707e2824bbe199bac82b2d766160294ce56353d99,9626c07cf4ccf3251a3585a4b367551c7a78f57218970c0d71f73f221adea5d3,e3b6d0cb9f3dc2e46f831caf5ce716f12b7a883a
inst_ccb599d971d1da8d223cf442b00bd17f867272a51c5c1f8e79983c9f8942e2eb,max3sat,selective,sparse_common_feasible_9f8fccc5aaf5b9bb,5,98.2,61.6,13.8,36.2,0.008583440002985299,c1fe6ddb0aa5e0bd75dbc46707e2824bbe199bac82b2d766160294ce56353d99,9626c07cf4ccf3251a3585a4b367551c7a78f57218970c0d71f73f221adea5d3,e3b6d0cb9f3dc2e46f831caf5ce716f12b7a883a
inst_ece5bba3739bc03a15ddcd6bbe4055bbd33c8ec145b5e5027ddc9b2d78213107,cubic_spin_glass,all_native,sparse_common_feasible_9f8fccc5aaf5b9bb,5,88.8,76.0,12.4,24.8,0.005325940003967844,c1fe6ddb0aa5e0bd75dbc46707e2824bbe199bac82b2d766160294ce56353d99,9626c07cf4ccf3251a3585a4b367551c7a78f57218970c0d71f73f221adea5d3,e3b6d0cb9f3dc2e46f831caf5ce716f12b7a883a
inst_ece5bba3739bc03a15ddcd6bbe4055bbd33c8ec145b5e5027ddc9b2d78213107,cubic_spin_glass,fully_quadratized,sparse_common_feasible_9f8fccc5aaf5b9bb,5,134.0,84.8,19.2,54.0,0.007627760001923889,c1fe6ddb0aa5e0bd75dbc46707e2824bbe199bac82b2d766160294ce56353d99,9626c07cf4ccf3251a3585a4b367551c7a78f57218970c0d71f73f221adea5d3,e3b6d0cb9f3dc2e46f831caf5ce716f12b7a883a
inst_ece5bba3739bc03a15ddcd6bbe4055bbd33c8ec145b5e5027ddc9b2d78213107,cubic_spin_glass,selective,sparse_common_feasible_9f8fccc5aaf5b9bb,5,88.8,76.0,12.4,24.8,0.006952239997917786,c1fe6ddb0aa5e0bd75dbc46707e2824bbe199bac82b2d766160294ce56353d99,9626c07cf4ccf3251a3585a4b367551c7a78f57218970c0d71f73f221adea5d3,e3b6d0cb9f3dc2e46f831caf5ce716f12b7a883a
inst_ee30c9f5c123b7e1b93abed350ca64e7dc66b77042c74c2583df52d2313c7c61,cubic_spin_glass,all_native,sparse_common_feasible_9f8fccc5aaf5b9bb,5,112.2,86.2,17.4,48.2,0.007600040000397712,c1fe6ddb0aa5e0bd75dbc46707e2824bbe199bac82b2d766160294ce56353d99,9626c07cf4ccf3251a3585a4b367551c7a78f57218970c0d71f73f221adea5d3,e3b6d0cb9f3dc2e46f831caf5ce716f12b7a883a
inst_ee30c9f5c123b7e1b93abed350ca64e7dc66b77042c74c2583df52d2313c7c61,cubic_spin_glass,fully_quadratized,sparse_common_feasible_9f8fccc5aaf5b9bb,5,158.4,92.0,24.0,66.4,0.007867280000937171,c1fe6ddb0aa5e0bd75dbc46707e2824bbe199bac82b2d766160294ce56353d99,9626c07cf4ccf3251a3585a4b367551c7a78f57218970c0d71f73f221adea5d3,e3b6d0cb9f3dc2e46f831caf5ce716f12b7a883a
inst_ee30c9f5c123b7e1b93abed350ca64e7dc66b77042c74c2583df52d2313c7c61,cubic_spin_glass,selective,sparse_common_feasible_9f8fccc5aaf5b9bb,5,112.2,86.2,17.4,48.2,0.0078138199984096,c1fe6ddb0aa5e0bd75dbc46707e2824bbe199bac82b2d766160294ce56353d99,9626c07cf4ccf3251a3585a4b367551c7a78f57218970c0d71f73f221adea5d3,e3b6d0cb9f3dc2e46f831caf5ce716f12b7a883a
inst_fcd3827382c69a628f6d42b430b9c2a8f1f0b2d308717bc8dae03c0a4793ec88,max3sat,all_native,sparse_common_feasible_9f8fccc5aaf5b9bb,5,111.8,88.2,16.2,39.8,0.010514179998426697,c1fe6ddb0aa5e0bd75dbc46707e2824bbe199bac82b2d766160294ce56353d99,9626c07cf4ccf3251a3585a4b367551c7a78f57218970c0d71f73f221adea5d3,e3b6d0cb9f3dc2e46f831caf5ce716f12b7a883a
inst_fcd3827382c69a628f6d42b430b9c2a8f1f0b2d308717bc8dae03c0a4793ec88,max3sat,fully_quadratized,sparse_common_feasible_9f8fccc5aaf5b9bb,5,96.2,62.2,12.6,34.2,0.007711439992999658,c1fe6ddb0aa5e0bd75dbc46707e2824bbe199bac82b2d766160294ce56353d99,9626c07cf4ccf3251a3585a4b367551c7a78f57218970c0d71f73f221adea5d3,e3b6d0cb9f3dc2e46f831caf5ce716f12b7a883a
inst_fcd3827382c69a628f6d42b430b9c2a8f1f0b2d308717bc8dae03c0a4793ec88,max3sat,selective,sparse_common_feasible_9f8fccc5aaf5b9bb,5,111.8,88.2,16.2,39.8,0.00828493999724742,c1fe6ddb0aa5e0bd75dbc46707e2824bbe199bac82b2d766160294ce56353d99,9626c07cf4ccf3251a3585a4b367551c7a78f57218970c0d71f73f221adea5d3,e3b6d0cb9f3dc2e46f831caf5ce716f12b7a883a
