family,variant_id,instance_count,pass_count,feasible_fraction,resource_score_mean,fibre_excess_mean,n_auxiliary_mean,config_hash,code_commit
cubic_spin_glass,baseline_greedy,30,30,1.0,0.19828125,0.0,0.0,dcae3585519be308040729bc8a4548c06f46493af50e454b389165349380c632,5bdec984a409335ca07aa5bec867f3c5fee9cf14
cubic_spin_glass,baseline_maximum_reuse,30,0,0.0,,,,dcae3585519be308040729bc8a4548c06f46493af50e454b389165349380c632,5bdec984a409335ca07aa5bec867f3c5fee9cf14
cubic_spin_glass,beam_128,30,30,1.0,0.19828125,0.0,0.0,dcae3585519be308040729bc8a4548c06f46493af50e454b389165349380c632,5bdec984a409335ca07aa5bec867f3c5fee9cf14
cubic_spin_glass,beam_16,30,30,1.0,0.19828125,0.0,0.0,dcae3585519be308040729bc8a4548c06f46493af50e454b389165349380c632,5bdec984a409335ca07aa5bec867f3c5fee9cf14
cubic_spin_glass,beam_32,30,30,1.0,0.19828125,0.0,0.0,dcae3585519be308040729bc8a4548c06f46493af50e454b389165349380c632,5bdec984a409335ca07aa5bec867f3c5fee9cf14
cubic_spin_glass,depth_only,30,30,1.0,0.22152777777777777,0.007532307117534933,0.8666666666666667,dcae3585519be308040729bc8a4548c06f46493af50e454b389165349380c632,5bdec984a409335ca07aa5bec867f3c5fee9cf14
cubic_spin_glass,gate_depth_joint,30,30,1.0,0.2203125,0.0,0.0,dcae3585519be308040729bc8a4548c06f46493af50e454b389165349380c632,5bdec984a409335ca07aa5bec867f3c5fee9cf14
cubic_spin_glass,gate_only,30,30,1.0,0.2,0.0,0.0,dcae3585519be308040729bc8a4548c06f46493af50e454b389165349380c632,5bdec984a409335ca07aa5bec867f3c5fee9cf14
cubic_spin_glass,main,30,30,1.0,0.19828125,0.0,0.0,dcae3585519be308040729bc8a4548c06f46493af50e454b389165349380c632,5bdec984a409335ca07aa5bec867f3c5fee9cf14
cubic_spin_glass,margin_0.5,30,30,1.0,0.19828125,0.0,0.0,dcae3585519be308040729bc8a4548c06f46493af50e454b389165349380c632,5bdec984a409335ca07aa5bec867f3c5fee9cf14
cubic_spin_glass,margin_2.0,30,30,1.0,0.19828125,0.0,0.0,dcae3585519be308040729bc8a4548c06f46493af50e454b389165349380c632,5bdec984a409335ca07aa5bec867f3c5fee9cf14
cubic_spin_glass,tau_0.0,30,30,1.0,0.19828125,0.0,0.0,dcae3585519be308040729bc8a4548c06f46493af50e454b389165349380c632,5bdec984a409335ca07aa5bec867f3c5fee9cf14
cubic_spin_glass,tau_0.01,30,30,1.0,0.19828125,0.0,0.0,dcae3585519be308040729bc8a4548c06f46493af50e454b389165349380c632,5bdec984a409335ca07aa5bec867f3c5fee9cf14
cubic_spin_glass,tau_0.05,30,30,1.0,0.19828125,0.0,0.0,dcae3585519be308040729bc8a4548c06f46493af50e454b389165349380c632,5bdec984a409335ca07aa5bec867f3c5fee9cf14
cubic_spin_glass,tau_0.1,30,30,1.0,0.19828125,0.0,0.0,dcae3585519be308040729bc8a4548c06f46493af50e454b389165349380c632,5bdec984a409335ca07aa5bec867f3c5fee9cf14
cubic_spin_glass,weights_auxiliary_heavy,30,30,1.0,0.11015625,0.0,0.0,dcae3585519be308040729bc8a4548c06f46493af50e454b389165349380c632,5bdec984a409335ca07aa5bec867f3c5fee9cf14
cubic_spin_glass,weights_equal,30,30,1.0,0.11015625,0.0,0.0,dcae3585519be308040729bc8a4548c06f46493af50e454b389165349380c632,5bdec984a409335ca07aa5bec867f3c5fee9cf14
cubic_spin_glass,weights_penalty_heavy,30,30,1.0,0.11015625,0.0,0.0,dcae3585519be308040729bc8a4548c06f46493af50e454b389165349380c632,5bdec984a409335ca07aa5bec867f3c5fee9cf14
max3sat,baseline_greedy,30,30,1.0,0.3145399305555555,0.006781353708495817,1.3666666666666667,dcae3585519be308040729bc8a4548c06f46493af50e454b389165349380c632,5bdec984a409335ca07aa5bec867f3c5fee9cf14
max3sat,baseline_maximum_reuse,30,10,0.3333333333333333,0.27427083333333335,0.009688539300370516,2.2,dcae3585519be308040729bc8a4548c06f46493af50e454b389165349380c632,5bdec984a409335ca07aa5bec867f3c5fee9cf14
max3sat,beam_128,30,30,1.0,0.27613715277777773,0.013480321131827764,1.7333333333333334,dcae3585519be308040729bc8a4548c06f46493af50e454b389165349380c632,5bdec984a409335ca07aa5bec867f3c5fee9cf14
max3sat,beam_16,30,30,1.0,0.2770486111111111,0.012855671206115441,1.6333333333333333,dcae3585519be308040729bc8a4548c06f46493af50e454b389165349380c632,5bdec984a409335ca07aa5bec867f3c5fee9cf14
max3sat,beam_32,30,30,1.0,0.27649305555555553,0.013383009348469973,1.6666666666666667,dcae3585519be308040729bc8a4548c06f46493af50e454b389165349380c632,5bdec984a409335ca07aa5bec867f3c5fee9cf14
max3sat,depth_only,30,30,1.0,0.23159722222222223,0.01359594734206297,2.5,dcae3585519be308040729bc8a4548c06f46493af50e454b389165349380c632,5bdec984a409335ca07aa5bec867f3c5fee9cf14
max3sat,gate_depth_joint,30,30,1.0,0.2829861111111111,0.01457023982214525,2.0,dcae3585519be308040729bc8a4548c06f46493af50e454b389165349380c632,5bdec984a409335ca07aa5bec867f3c5fee9cf14
max3sat,gate_only,30,30,1.0,0.31927083333333334,0.010018247582525787,1.2333333333333334,dcae3585519be308040729bc8a4548c06f46493af50e454b389165349380c632,5bdec984a409335ca07aa5bec867f3c5fee9cf14
max3sat,main,30,30,1.0,0.2762586805555555,0.013316355082662063,1.6666666666666667,dcae3585519be308040729bc8a4548c06f46493af50e454b389165349380c632,5bdec984a409335ca07aa5bec867f3c5fee9cf14
max3sat,margin_0.5,30,30,1.0,0.2758854166666667,0.01355992332214264,1.7,dcae3585519be308040729bc8a4548c06f46493af50e454b389165349380c632,5bdec984a409335ca07aa5bec867f3c5fee9cf14
max3sat,margin_2.0,30,30,1.0,0.2772222222222222,0.013179846710002443,1.6666666666666667,dcae3585519be308040729bc8a4548c06f46493af50e454b389165349380c632,5bdec984a409335ca07aa5bec867f3c5fee9cf14
max3sat,tau_0.0,30,30,1.0,0.3304513888888889,2.0843674181188877e-12,0.4666666666666667,dcae3585519be308040729bc8a4548c06f46493af50e454b389165349380c632,5bdec984a409335ca07aa5bec867f3c5fee9cf14
max3sat,tau_0.01,30,30,1.0,0.2950434027777778,0.005939843243298238,1.5333333333333334,dcae3585519be308040729bc8a4548c06f46493af50e454b389165349380c632,5bdec984a409335ca07aa5bec867f3c5fee9cf14
max3sat,tau_0.05,30,30,1.0,0.26528645833333336,0.02296913297217991,2.0,dcae3585519be308040729bc8a4548c06f46493af50e454b389165349380c632,5bdec984a409335ca07aa5bec867f3c5fee9cf14
max3sat,tau_0.1,30,30,1.0,0.26340277777777776,0.026239975649460567,2.033333333333333,dcae3585519be308040729bc8a4548c06f46493af50e454b389165349380c632,5bdec984a409335ca07aa5bec867f3c5fee9cf14
max3sat,weights_auxiliary_heavy,30,30,1.0,0.18988715277777776,0.0,0.0,dcae3585519be308040729bc8a4548c06f46493af50e454b389165349380c632,5bdec984a409335ca07aa5bec867f3c5fee9cf14
max3sat,weights_equal,30,30,1.0,0.18988715277777776,0.0,0.0,dcae3585519be308040729bc8a4548c06f46493af50e454b389165349380c632,5bdec984a409335ca07aa5bec867f3c5fee9cf14
max3sat,weights_penalty_heavy,30,30,1.0,0.18578993055555557,0.003106193946281083,0.43333333333333335,dcae3585519be308040729bc8a4548c06f46493af50e454b389165349380c632,5bdec984a409335ca07aa5bec867f3c5fee9cf14
