event,elapsed_sec,explored_nodes,evaluated_leaves,frontier_nodes,lower_bound,upper_bound,gap
initial_incumbent,0.0006530999671667814,0,0,1,0.0,0.2109375,0.2109375
node_interval,0.0879908999777399,256,114,313,0.023697916666666666,0.2109375,0.18723958333333332
node_interval,0.16666599997552112,512,214,681,0.023697916666666666,0.2109375,0.18723958333333332
node_interval,0.24540600000182167,768,294,1129,0.029947916666666668,0.2109375,0.18098958333333334
node_interval,0.33181669999612495,1024,447,1285,0.03203125,0.2109375,0.17890625
node_interval,0.43696329998783767,1280,638,1289,0.03203125,0.2109375,0.17890625
node_interval,0.5387390999821946,1536,794,1433,0.03203125,0.2109375,0.17890625
node_interval,0.6407517999759875,1792,939,1621,0.03203125,0.2109375,0.17890625
node_interval,0.7330666999914683,2048,1073,1853,0.03203125,0.2109375,0.17890625
node_interval,0.8230367999640293,2304,1203,2101,0.03203125,0.2109375,0.17890625
node_interval,0.914447899966035,2560,1323,2389,0.03203125,0.2109375,0.17890625
node_interval,1.0161899999948218,2816,1427,2741,0.03203125,0.2109375,0.17890625
node_interval,1.1217243999708444,3072,1548,3025,0.03203125,0.2109375,0.17890625
node_interval,1.2237868999945931,3328,1680,3265,0.03828125,0.2109375,0.17265625
node_interval,1.3439788999967277,3584,1869,3277,0.03828125,0.2109375,0.17265625
node_interval,1.4505720000015572,3840,2035,3381,0.03828125,0.2109375,0.17265625
node_interval,1.5496480999863707,4096,2224,3393,0.03828125,0.2109375,0.17265625
node_interval,1.6489104999927804,4352,2417,3389,0.040364583333333336,0.2109375,0.17057291666666666
node_interval,1.7524101000162773,4608,2632,3297,0.040364583333333336,0.2109375,0.17057291666666666
node_interval,1.8554114999715239,4864,2834,3257,0.040364583333333336,0.2109375,0.17057291666666666
node_interval,1.960496899962891,5120,3003,3349,0.040364583333333336,0.2109375,0.17057291666666666
node_interval,2.0641445000073873,5376,3194,3353,0.040364583333333336,0.2109375,0.17057291666666666
node_interval,2.1864259999711066,5632,3384,3361,0.040364583333333336,0.2109375,0.17057291666666666
node_interval,2.2975182000081986,5888,3558,3433,0.040364583333333336,0.2109375,0.17057291666666666
node_interval,2.4063157999771647,6144,3734,3497,0.040364583333333336,0.2109375,0.17057291666666666
node_interval,2.507573999988381,6400,3886,3657,0.040364583333333336,0.2109375,0.17057291666666666
node_interval,2.6308352999622002,6656,4030,3849,0.040364583333333336,0.2109375,0.17057291666666666
node_interval,2.733240499976091,6912,4178,4025,0.040364583333333336,0.2109375,0.17057291666666666
node_interval,2.8433965999865904,7168,4362,4057,0.040364583333333336,0.2109375,0.17057291666666666
node_interval,2.976583199982997,7424,4516,4209,0.040364583333333336,0.2109375,0.17057291666666666
node_interval,3.0879496000125073,7680,4659,4405,0.040364583333333336,0.2109375,0.17057291666666666
node_interval,3.196281499986071,7936,4792,4641,0.040364583333333336,0.2109375,0.17057291666666666
node_interval,3.318196500011254,8192,4972,4689,0.040364583333333336,0.2109375,0.17057291666666666
node_interval,3.4386111999629065,8448,5114,4889,0.040364583333333336,0.2109375,0.17057291666666666
node_interval,3.562018500000704,8704,5252,5105,0.040364583333333336,0.2109375,0.17057291666666666
node_interval,3.6768808999913745,8960,5457,5053,0.046614583333333334,0.2109375,0.16432291666666668
node_interval,3.781687000009697,9216,5680,4929,0.046614583333333334,0.2109375,0.16432291666666668
node_interval,3.890251300006639,9472,5872,4929,0.046614583333333334,0.2109375,0.16432291666666668
node_interval,3.9949285999755375,9728,6073,4893,0.046614583333333334,0.2109375,0.16432291666666668
node_interval,4.114271499973256,9984,6285,4813,0.046614583333333334,0.2109375,0.16432291666666668
node_interval,4.22370689996751,10240,6493,4749,0.046614583333333334,0.2109375,0.16432291666666668
node_interval,4.330262999981642,10496,6693,4717,0.046614583333333334,0.2109375,0.16432291666666668
node_interval,4.453785399964545,10752,6915,4597,0.04869791666666667,0.2109375,0.16223958333333333
node_interval,4.583049300010316,11008,7145,4381,0.04869791666666667,0.2109375,0.16223958333333333
node_interval,4.701704900013283,11264,7365,4179,0.04869791666666667,0.2109375,0.16223958333333333
node_interval,4.82216260000132,11520,7595,3963,0.04869791666666667,0.2109375,0.16223958333333333
node_interval,4.93439369997941,11776,7804,3779,0.04869791666666667,0.2109375,0.16223958333333333
node_interval,5.044586099975277,12032,8032,3566,0.04869791666666667,0.2109375,0.16223958333333333
node_interval,5.151389200007543,12288,8240,3382,0.04869791666666667,0.2109375,0.16223958333333333
node_interval,5.266708299983293,12544,8415,3246,0.04869791666666667,0.2109375,0.16223958333333333
node_interval,5.379827099968679,12800,8603,3091,0.04869791666666667,0.2109375,0.16223958333333333
node_interval,5.492786300019361,13056,8797,2925,0.04869791666666667,0.2109375,0.16223958333333333
node_interval,5.61631790001411,13312,8963,2801,0.04869791666666667,0.2109375,0.16223958333333333
node_interval,5.7376488000154495,13568,9183,2599,0.04869791666666667,0.2109375,0.16223958333333333
node_interval,5.857324999989942,13824,9393,2413,0.04869791666666667,0.2109375,0.16223958333333333
node_interval,5.9677596999681555,14080,9569,2275,0.04869791666666667,0.2109375,0.16223958333333333
node_interval,6.088160399987828,14336,9760,2115,0.04869791666666667,0.2109375,0.16223958333333333
node_interval,6.20131410000613,14592,9948,1959,0.04869791666666667,0.2109375,0.16223958333333333
node_interval,6.332037899992429,14848,10121,1825,0.04869791666666667,0.2109375,0.16223958333333333
node_interval,6.484598200011533,15104,10328,1655,0.04869791666666667,0.2109375,0.16223958333333333
node_interval,6.625609899987467,15360,10503,1561,0.04869791666666667,0.2109375,0.16223958333333333
node_interval,6.759425900003407,15616,10699,1425,0.04869791666666667,0.2109375,0.16223958333333333
node_interval,6.873382699966896,15872,10883,1313,0.05286458333333333,0.2109375,0.15807291666666667
node_interval,6.989584099967033,16128,11138,1058,0.054947916666666666,0.2109375,0.15598958333333332
node_interval,7.103249799984042,16384,11358,853,0.054947916666666666,0.2109375,0.15598958333333332
node_interval,7.224406499997713,16640,11586,637,0.054947916666666666,0.2109375,0.15598958333333332
node_interval,7.343654899974354,16896,11821,413,0.054947916666666666,0.2109375,0.15598958333333332
node_interval,7.470761000004131,17152,12050,211,0.054947916666666666,0.2109375,0.15598958333333332
node_interval,7.585406799975317,17408,12283,1,0.061197916666666664,0.2109375,0.14973958333333334
proof_complete,7.587349199980963,17409,12284,0,0.2109375,0.2109375,0.0
