instance_id,family,split,representation_class,selected_design_id,unguarded_design_id,guardrail_changed_design,selected_normalised_fibre_excess,unguarded_normalised_fibre_excess,resource_score_degradation,candidate_count,moment_sha256
inst_01a9f1f2842d775846c878d43106d19ed43c1bfbe918e748b13470b82daaf78e,cubic_spin_glass,train,all_native,fibre_design_97feebf13ebdd66935da,fibre_design_97feebf13ebdd66935da,False,0.0,0.0,0.0,4096,a616f44ca5e6c07c82c11de7281cac55d42d7be7ff51af6a8545949331ed45b1
inst_03fb9b57a6dce56e8aa5338559e7d2041bf1c85c0c8032542e21c29ca024e1dc,max3sat,train,mixed_selective,fibre_design_203f37543de90a766150,fibre_design_eb33a9217c3684c69264,True,0.00431034483045977,0.048491379322557475,0.015885416666666666,1024,4ce1b69f81973b28baf3c1a5caf4ba683839ef5b59bed5bb43ee2c0d62b638a6
inst_0434852d0e4bbbb6edc67f1a83f9235d3f150efab1e9f63ee316ef80112685d3,max3sat,train,mixed_selective,fibre_design_f3daec30b4b42c1761d0,fibre_design_340555c80005e60e9091,True,0.01957831324943524,0.04819277108057229,0.011197916666666667,4096,a9ae92feb39e2d1d83710cbf482721575f7bba9a945d1e6d62b472a583563e40
inst_0814a7f7209be13ad388d27539bcc139991e38e27e4109df932f9f2de6d1fb26,max3sat,train,fully_reduced,fibre_design_432ab2cb1842d3037b47,fibre_design_432ab2cb1842d3037b47,False,0.016447368417763158,0.016447368417763158,0.0,65536,f6e63a8dcfb3b79443c346452c2b4cd1c8b606691b71a00171f613915ea98ad1
inst_0bdf06213b0c1e415e6c0a81524e96b9851ee0dc28195e16ab9709770c9c0a09,max3sat,train,fully_reduced,fibre_design_6cb520fee4871831b2e4,fibre_design_6cb520fee4871831b2e4,False,0.019345238093690473,0.019345238093690473,0.0,16384,f68603c26c1107a3024a03b04743d1ea1effdb37685066c0aeb09d1d4a7a35e7
inst_0f7871f37dcd4ef84cf9455a90e11b827d46367515b165688ef404b08d63104f,max3sat,validation,mixed_selective,fibre_design_3b3bbe650f755c58648b,fibre_design_1c8d7a1432993785e091,True,0.015679253437717013,0.02088758676584201,0.0203125,16384,38c96760d463576f0ae6e1781557e0f34d838ee3a20a379ad26c8368e9b7c01c
inst_10ca5aecf714abb0b674a9eef82f020a79bf22927cabfbb4326e9c5809e6543d,cubic_spin_glass,train,all_native,fibre_design_7948ef61f04a882affbb,fibre_design_7948ef61f04a882affbb,False,0.0,0.0,0.0,16384,41ba0fbef408cd215b0a4affc60b03d99787036336f4e30463b331270d3bbdf7
inst_180785c07fe5da0a6002c7eb0dca0888faae7967d7ce35621d5dd5a4887463d9,cubic_spin_glass,train,all_native,fibre_design_7948ef61f04a882affbb,fibre_design_7948ef61f04a882affbb,False,0.0,0.0,0.0,16384,05b5712b2dd197b0885e658ed08705c2da5450c0b69f2e879c9520a2b67c8810
inst_207178134690f4e7e3f8009eb86a8760f5f7ead2031e35396a586eb03232ad7a,max3sat,train,mixed_selective,fibre_design_ec88ff5cc2b258077197,fibre_design_a988bd42e028019d5c5e,True,0.018115942028985508,0.06114130434782609,0.03177083333333333,4096,d866772379096a4082726dd3d262996594471867ce3c20b6bd468ffbf4650e7e
inst_220100abb31a5a97f11076f61def95465ec3ae5b771dee099dcf27d9858cb925,cubic_spin_glass,train,all_native,fibre_design_ed574e6bbc2fa787fa38,fibre_design_ed574e6bbc2fa787fa38,False,0.0,0.0,0.0,1024,37762f7da0001480c4dc7313a33c1353252eac566bfc1814c312f4727d6c8ce0
inst_226fdd648638f346d8c8ce3a521d8c0545d5c6656a32e80e743f6e6a87b9b1c2,max3sat,train,mixed_selective,fibre_design_ec137445b768a3130dcb,fibre_design_ec137445b768a3130dcb,False,0.019711538460336537,0.019711538460336537,0.0,1024,9c5f58cde39c0131dc1e4af2f7efd48299e7421fb8137530b9ce1641309718d6
inst_2379e14a2ecd995141f6cb52002415b226897f742dc05a48c25f2a138ea01ff6,max3sat,validation,mixed_selective,fibre_design_05947311c22ae60bc27b,fibre_design_05947311c22ae60bc27b,False,0.0,0.0,0.0,1024,a5190468752094dc035a6ed270115bfffd1a6e514ed3a9cf401c91187610190c
inst_267cea339d25d63c2dfdfd0142ba348ce5b691570cb2b8256297897aa421c42d,max3sat,train,mixed_selective,fibre_design_86aa75927fa2f718a543,fibre_design_86aa75927fa2f718a543,False,0.019622093023255814,0.019622093023255814,0.0,16384,62a806bc5577432628b4a1521b9987f7960e4fa306ec3e3a2e79eaf34293f3ac
inst_2b016e49b538f8ca80033f3b4973a5987bfdf7e185410fca0d70b333466148c3,cubic_spin_glass,train,all_native,fibre_design_ed574e6bbc2fa787fa38,fibre_design_ed574e6bbc2fa787fa38,False,0.0,0.0,0.0,1024,24caf6f07147029e5613edf48580522d3e22c5761fbb884f6c213d5a369f0cdf
inst_2b83ac21eebb333f8c921741025cbd0f667e822b95fe0f48df9ace5d1c24b648,max3sat,train,mixed_selective,fibre_design_ba290d4eb2c1ac6fd1b0,fibre_design_8a4886928b97b315a529,True,0.015190972216037319,0.02314814813870804,0.01328125,4096,f225acda4b1349c0043adf14c6da87f9e1d5cdda54d653be0a58a6c5b876c367
inst_36cbe7c7ff482cf067ac85b26b77d95829f38df4cfae8a5a3330935f8ff18abd,max3sat,train,mixed_selective,fibre_design_965382c29fd9e7269478,fibre_design_592b998fcfab2326b667,True,0.015046296293595678,0.03385416664911265,0.021354166666666667,16384,9befc3558c4eb139ffdbc726ab020befc762d2b6a7f11d486289c6594653bb14
inst_402d4d26a63bce1a325563709284a8d564d3b9db81b22e5717b1cdd769af109d,max3sat,validation,fully_reduced,fibre_design_d2870a9c51a778a1cace,fibre_design_d2870a9c51a778a1cace,False,0.016882183906249997,0.016882183906249997,0.0,16384,207289a917ae82e93c7a4247e5f921ab32166f4e273b40f96af30087086cad88
inst_4067b54c0c67a4b050e188eddd2970682cbb03ad72d394840debb4362a551b73,cubic_spin_glass,train,all_native,fibre_design_186263926bdd1bf0968c,fibre_design_186263926bdd1bf0968c,False,0.0,0.0,0.0,65536,fe4eefbac038df9047fe8f47d5ee920b9058ba1d028dec31fd1cfe4ad8b7e68e
inst_500ac0092836aee890793cd38627f2c8e7b884bf5b405f7c18b94de40a8ab3fb,max3sat,train,mixed_selective,fibre_design_7f50d514a6973a2f45c4,fibre_design_66129c3b8814ecaa7677,True,0.018614969121045516,0.028838734551408174,0.03802083333333333,16384,07170edacfa0e3692b0a8fdc681141fcdc6bd3ade0da7b587f7759b1670bcc40
inst_53414dbaf9c7463dec854c7bff6aaf9ee19b26d8a2eb48b423228a54cb3259a6,max3sat,train,mixed_selective,fibre_design_beef61fc256470a7cd0b,fibre_design_611efc5f9c2d9f0aaf65,True,0.018750000001785713,0.025000000001785715,0.01640625,16384,41da57757ce3305ddaeb350968ddebad4b2a4e566d901889920b34ba789aa9f4
inst_69e0de2a007da830ff0fe42d576ed08ee3325864382126e40df8c15ab810d53a,cubic_spin_glass,validation,all_native,fibre_design_ed574e6bbc2fa787fa38,fibre_design_ed574e6bbc2fa787fa38,False,0.0,0.0,0.0,1024,782e9313f8ed6c5e0d9b9015153a9cd890763644e22a603001e4d986e41b4c60
inst_6c4d57b0dc062bd10879446492578c8afdae31ce33ea5f049d2b2f41d3cfb9eb,max3sat,train,fully_reduced,fibre_design_112bd8189dc4cbf64670,fibre_design_112bd8189dc4cbf64670,False,2.1505378123448838e-11,2.1505378123448838e-11,0.0,256,8234baaab22955fade0cf51a0090e23f9e7bad2874ae402dae4356504248448a
inst_74aa0a8fb1a2f315bc77276ac0f518d9d51a5e149c54d10d0946713ade90c7fa,cubic_spin_glass,train,all_native,fibre_design_ed574e6bbc2fa787fa38,fibre_design_ed574e6bbc2fa787fa38,False,0.0,0.0,0.0,1024,76dceb78ac986e926485daf7c9c59e3dc0961a8f315aaf2f7ec4a72c158e98af
inst_75138fdd6d17b7d4b4273b7c415f6e0ebe27ab4d3353a4aa122a5286e0e18685,max3sat,train,mixed_selective,fibre_design_4eea02753b2fc36fa6bd,fibre_design_7a6ff4583ecaedfe2678,True,0.018278301886792452,0.03891509433962264,0.00703125,4096,fe198401365c9257a8edb9e19d4d095f5f8a8c704c8f93c2b372804a9c48daf7
inst_7c4299a95f6faa443c7fa84ef848dc6e5b1f2f9e0e66096d12704124163f2354,cubic_spin_glass,train,all_native,fibre_design_ed574e6bbc2fa787fa38,fibre_design_ed574e6bbc2fa787fa38,False,0.0,0.0,0.0,1024,d27c320aac8c0477461134a6f6025ddf0690b58eec72f09fd243188a42742713
inst_9a3fbe05d7639c79b7bd52e67dcff304563258ec10374d11e600f3f67c87b9b8,max3sat,validation,mixed_selective,fibre_design_f6ab643f9dc9adbe234f,fibre_design_f6ab643f9dc9adbe234f,False,0.009845890411172946,0.009845890411172946,0.0,65536,3549277bd604996f6100156b86c9d170aeb406cbccc7f0fea4acdd3fb2a2ab20
inst_9cf8949d1fa64fb4a01bc714efeca34aff91dbe717a1e0037a5b56edb32686de,cubic_spin_glass,train,all_native,fibre_design_ed574e6bbc2fa787fa38,fibre_design_ed574e6bbc2fa787fa38,False,0.0,0.0,0.0,1024,04fa07eebf123db52a0242d972fdaeebd12fdd3e0925531590177d404f0db37d
inst_a356da502f001ed257307b47e234f5ec5bcd670d3c85088f24bc827f2bc75dbd,cubic_spin_glass,train,all_native,fibre_design_97feebf13ebdd66935da,fibre_design_97feebf13ebdd66935da,False,0.0,0.0,0.0,4096,c5a20b637009f5ba7af1f5371979194103e773700801a8ed2a7cfda8490e72a6
inst_ae2555588bfb83b1a659923e7897057e426c36413daa2a6a29aa76d2a0ed0e15,max3sat,train,mixed_selective,fibre_design_3f2dffd5cba4ae708174,fibre_design_e25159e60e7f1ec98ee9,True,0.014772727271212122,0.028977272724621212,0.016666666666666666,1024,d28a8260d2f58ef73da7c4d1506dcd9cfd28dd484c03b148b0b18e34a580c821
inst_b4f8db6643a6d39caf198a55d356c3b640e135255c4ae4834c9751b2640be0ff,max3sat,train,fully_reduced,fibre_design_8245d12df633c7a98fa8,fibre_design_8245d12df633c7a98fa8,False,0.015398550725090582,0.015398550725090582,0.0,1024,1afb0c035dd03852b9949420abebe4c56f8ec1f8384bc12b17c3bc50a66fe7af
inst_b7093a3badaa27181cec70155478b60ea838b663c56844cf33ef5bff25bf4242,cubic_spin_glass,validation,all_native,fibre_design_97feebf13ebdd66935da,fibre_design_97feebf13ebdd66935da,False,0.0,0.0,0.0,4096,ec742890d1818a9d78952d0f5a9d42f28c08add3bd5fdcde716ba3c69fa85a53
inst_bb492a3ff4dc09d3b00dec7ac6d637b25e0abf6549996646691b8b2ac626b779,cubic_spin_glass,train,all_native,fibre_design_97feebf13ebdd66935da,fibre_design_97feebf13ebdd66935da,False,0.0,0.0,0.0,4096,5cffd1e92adddf84288946a092c102187ae58805644f4d38a45dd998ef791ee4
inst_be5ce5c93077930c31c2c6547c4924494e92f557d230b1e1b224b3b2ee296661,max3sat,train,mixed_selective,fibre_design_e16c93ced7cbe0323d59,fibre_design_a5554510dbb518faee0d,True,0.019042968733398436,0.02490234372688802,0.02265625,16384,d2d58c4ed5063fb0993bc343b8647c833c82f22d9e2d2e875b72e09dd20494af
inst_c1271be36e6d6f11dfbe643bfcce6bfa30c5bcee1fbac91fa51de48f9194818a,cubic_spin_glass,train,all_native,fibre_design_97feebf13ebdd66935da,fibre_design_97feebf13ebdd66935da,False,0.0,0.0,0.0,4096,9dc8bd40d9b372bf2f61b5d52fe2b6e76e5d737b211835e424cdc3394ec5631b
inst_c422b1789380812ef5fc1ce3acff0aa8f72adf09c258f54fdecaa1fb003b22fa,cubic_spin_glass,validation,all_native,fibre_design_186263926bdd1bf0968c,fibre_design_186263926bdd1bf0968c,False,0.0,0.0,0.0,65536,4f0d7d64d715d79036e573e15d6ab406a2fae69e09a592d224425a4ebfdc58f9
inst_d3c2d6023cd84ca91146b592338437fe9dff0b1e99c18bee1d0bf70aeae6a8e9,cubic_spin_glass,train,all_native,fibre_design_186263926bdd1bf0968c,fibre_design_186263926bdd1bf0968c,False,0.0,0.0,0.0,65536,dde293388f89386b1b104737908cf5374f40b5a1f23dde2c0a1e53e793df483a
inst_d41f0f7cfadf548afd8b36d546bb429f87eb0a321ce54be13730294aea45e72a,max3sat,validation,mixed_selective,fibre_design_0eea76449afdc50eb6a5,fibre_design_ff5a29840c27e807f555,True,0.01938657407368827,0.04513888888966049,0.04869791666666667,16384,97a8d839b65fc881852cd062f4445960462645ad0a4cf146c2a0860925910c31
inst_d95ba9f5c6b1b663c2de24561e48d4b13c46cc51b82ce790ae6af438b438eddc,cubic_spin_glass,validation,all_native,fibre_design_7948ef61f04a882affbb,fibre_design_7948ef61f04a882affbb,False,0.0,0.0,0.0,16384,9c8f63aac7c66db31389f2ab2a4f422708cc6804082a700007a51e90ec2fceee
inst_d9fcb64321ce091430ee6b0db1aa4dfbaad697aa5555a67df934058f2ba4f14a,cubic_spin_glass,train,all_native,fibre_design_ed574e6bbc2fa787fa38,fibre_design_ed574e6bbc2fa787fa38,False,0.0,0.0,0.0,1024,5b4735cd41599ae54399876953a69c86463a6c28c492051848fabc4294f1ee6f
inst_dade03db84c619118a6748c21ec501901532795cabc6e6217c275cf030d00453,max3sat,validation,fully_reduced,fibre_design_c93bd35c0239247d950a,fibre_design_c93bd35c0239247d950a,False,0.01041666666482205,0.01041666666482205,0.0,4096,2fe108691255912ae8c6663a14ef0d1eba3e9ce02601b45387ac3ce9eddf5f60
inst_e1b2f08364aecae1af02f56f628a0fa0a6648302c7bbb0f12d915d4dc49bc1fc,cubic_spin_glass,train,all_native,fibre_design_186263926bdd1bf0968c,fibre_design_186263926bdd1bf0968c,False,0.0,0.0,0.0,65536,a32899f6ba086030092b5742164872cf20f9c95aa3d2b43bf7d25f6f7ce28181
inst_e3e6dbeaae002921ac052e4a5cf6f8cb5dd37cddbfdc3c4e23a0c9432d59d80e,cubic_spin_glass,validation,all_native,fibre_design_7948ef61f04a882affbb,fibre_design_7948ef61f04a882affbb,False,0.0,0.0,0.0,16384,7899c84e764b78198bf6cdbb7b402fe396fb54e39015b07143299eb399a2bf7f
inst_e60b9255b354a60d52fe024ff785db607b4ef095b1160c4b99c9be19ca7813ae,cubic_spin_glass,train,all_native,fibre_design_7948ef61f04a882affbb,fibre_design_7948ef61f04a882affbb,False,0.0,0.0,0.0,16384,ef7419daee0ad01b4e2b86c105719a992e46df7027dd67d054f8e726e7f810dd
inst_e7c760c5bbca9d80515c990ed99c50d1fe5f51c98613acfdae5eabc96f15b528,cubic_spin_glass,train,all_native,fibre_design_97feebf13ebdd66935da,fibre_design_97feebf13ebdd66935da,False,0.0,0.0,0.0,4096,de4d3e9ec09fb7ab893c3f4f1bd5dba5695eefcdf7c01e2b69f8189520246b49
inst_e990046a904689cc5ef1615dbefd078293dceea63bc8f4ffcd71a56b3a1346cf,max3sat,train,fully_reduced,fibre_design_8218cd597b56b5610d70,fibre_design_8218cd597b56b5610d70,False,4.102564442011779e-11,4.102564442011779e-11,0.0,4096,7c4902fc9903af9d15727ce34da2b52631b951c75ce6a958a750400884a11674
inst_f563df67f7c2758f96c1628905727d7ce51ec8161c04dff4ea739eea2ff20d17,cubic_spin_glass,validation,all_native,fibre_design_97feebf13ebdd66935da,fibre_design_97feebf13ebdd66935da,False,0.0,0.0,0.0,4096,87c3338c143e3fff8bf96ff99fcb8cf0f3267f03a6cdcac141e1139dc3c503e2
inst_f618aedaa283fbbee7d6c0cfdb4e2dee081cd0012a80ca3fb3719ff9808f8baa,max3sat,train,mixed_selective,fibre_design_6921366a02f0ae0363b4,fibre_design_6921366a02f0ae0363b4,False,0.004280821917808219,0.004280821917808219,0.0,16384,d368c83fa189735d02436e7f1fec38817165dc68980d6b0b2feb0ffae7b26f4a
inst_fb8c721f454174cb8aef897ad3faef24febb3992347faa696ded176a8b5a23ed,cubic_spin_glass,train,all_native,fibre_design_ed574e6bbc2fa787fa38,fibre_design_ed574e6bbc2fa787fa38,False,0.0,0.0,0.0,1024,2f1c4f9b55444c31c32876d2e2ef1d8662011dd280f6f7951cc73c1719540957
