family,instance_id,routing_overhead,swap_count,topology_id,two_qubit_depth,two_qubit_gates
cubic_spin_glass,inst_0366081022d366132ff6b1386c720f91dd3afb46164783328f155336aede2b17,0.0,0.0,all_to_all_reference,-73.19999999999999,-8.0
cubic_spin_glass,inst_041b2d91ccdc07271608f44a7f021336dab5e35d5c3753501859d4ba17b039f0,0.0,0.0,all_to_all_reference,-24.599999999999994,-19.19999999999999
cubic_spin_glass,inst_045300c745f73b669876b3afdc81d7417e52170ce23c2a4519e917c0df3a8b14,0.0,0.0,all_to_all_reference,-53.400000000000006,-21.19999999999999
cubic_spin_glass,inst_05aaf3936982b612481791b8cbe696e666dbac6b7c6371ca8f9309f2a7262b26,0.0,0.0,all_to_all_reference,0.0,0.0
cubic_spin_glass,inst_072f29754f95706f7e005ffc71c91edbc139dd5aa24177bed97dbe718ea7f2bf,0.0,0.0,all_to_all_reference,0.0,0.0
cubic_spin_glass,inst_09df17a7dbe096483467d57e9c9d266ad5eb41ac3c025e192b9df142b00904b3,0.0,0.0,all_to_all_reference,-35.0,1.5999999999999943
cubic_spin_glass,inst_0acf907b55a053afe21f59b938b915b2995d1239482407859acb7f7817e7ba44,0.0,0.0,all_to_all_reference,0.0,0.0
cubic_spin_glass,inst_13030ed96c3ca324374d60f8d25452134295fce62c10aca2ac1f801aa32741cc,0.0,0.0,all_to_all_reference,-32.599999999999994,-24.400000000000006
cubic_spin_glass,inst_16c9f5951f44e0cdcb5bd2aaf536929247d827649204d1d7616835284c4f9cdc,0.0,0.0,all_to_all_reference,0.0,0.0
cubic_spin_glass,inst_197b36f95eb8e50c23f40079363564c5b46bf91fe6289146a90e6138187c5952,0.0,0.0,all_to_all_reference,0.0,0.0
cubic_spin_glass,inst_1e8d2ca8dea323e76f3e0aedd094066ab28417574610dbcc8dead14c8acc86d1,0.0,0.0,all_to_all_reference,0.0,0.0
cubic_spin_glass,inst_1f1fc2972a067dd5ad79a2770384dc5867b18b0cf6ed6f50bf88e0b0af724532,0.0,0.0,all_to_all_reference,-27.200000000000003,-15.199999999999989
cubic_spin_glass,inst_23322d07d78ec2442f79a933696c3d2708be62e01712e6cae79bb131a75b314c,0.0,0.0,all_to_all_reference,-32.400000000000006,10.800000000000011
cubic_spin_glass,inst_2578bb3c4c83da80aec8fb5980e49dedc3450aae4bbc14c0eabca47881b8a912,0.0,0.0,all_to_all_reference,-55.8,-14.400000000000006
cubic_spin_glass,inst_28501defa541901199d0158698324fd95f401371b2edf79721692768a6c991e2,0.0,0.0,all_to_all_reference,-58.400000000000006,-22.400000000000006
cubic_spin_glass,inst_29626af5a49c14ecc2c2040c11341eeaa8dded055a83fdf07387d51f5846dda9,0.0,0.0,all_to_all_reference,-56.599999999999994,-6.399999999999977
cubic_spin_glass,inst_2b120f46ab783ce0aa9b4822502780d50c164c50f8bccaebc930a325a4ae0290,0.0,0.0,all_to_all_reference,-17.599999999999994,-15.599999999999994
cubic_spin_glass,inst_33ce7979cf1de88d35d3c355c345fd7635ea96da4c2a6583f60e1e979f21938a,0.0,0.0,all_to_all_reference,-17.400000000000006,-18.80000000000001
cubic_spin_glass,inst_340b7c11203c8b094cacd70e68df48254aa477b67ecdea9afb9cc374b8dcb4a7,0.0,0.0,all_to_all_reference,-140.2,7.600000000000023
cubic_spin_glass,inst_341aaea9cc6b648e49be42c5a9a85c286aa8e35d42e20fd993b487fdda2e28cb,0.0,0.0,all_to_all_reference,0.0,0.0
cubic_spin_glass,inst_457a1b897247007214daca60d4caf6ae6d0341f6d1e25c03ef72a4651794688d,0.0,0.0,all_to_all_reference,0.0,0.0
cubic_spin_glass,inst_475335f157ee1891b40b8f710155777516f4d877098145d0ddce1fce297c55df,0.0,0.0,all_to_all_reference,-18.400000000000006,-16.400000000000006
cubic_spin_glass,inst_495d19a3dc95e6442e097c14165743aa29452a251454dd12686b0b682caddf2c,0.0,0.0,all_to_all_reference,-35.8,11.599999999999994
cubic_spin_glass,inst_532ca52e0bd47ef393cd0da8c1c69dadce16850b3ef6b9be0dad7c95b2678c55,0.0,0.0,all_to_all_reference,-24.0,-10.400000000000006
cubic_spin_glass,inst_53dec71c3e2fae0bd3971cba514a32e1708dd7cd2ca9764224bca5022a248a7e,0.0,0.0,all_to_all_reference,0.0,0.0
cubic_spin_glass,inst_55970a6e9882c541702aea4a808a177a8682c2746c2513cea2cf4365dad37c3c,0.0,0.0,all_to_all_reference,0.0,0.0
cubic_spin_glass,inst_58ad673a89921951e0c8e74f76be469f6804253269d061917d2f9cddbfde19f0,0.0,0.0,all_to_all_reference,-27.599999999999994,-13.199999999999989
cubic_spin_glass,inst_59d47f0711e495d090f7fe436c47b3444643657d19e1e4fc567b971685dcb3e2,0.0,0.0,all_to_all_reference,0.0,0.0
cubic_spin_glass,inst_5e7c8d0ae78fb3fcd9e50f45870af4ef1698195119adfcdb8c7bf1699215879b,0.0,0.0,all_to_all_reference,0.0,0.0
cubic_spin_glass,inst_5e84026f5ef89b88de9d4b994118f120646ed7435887f0713ffd0b2f2cd5428d,0.0,0.0,all_to_all_reference,0.0,0.0
cubic_spin_glass,inst_5f65d193d7b5370c9379fde1b52bfef9bc19e4da666d19b2e186471b1e77bf32,0.0,0.0,all_to_all_reference,0.0,0.0
cubic_spin_glass,inst_6188a8a06666ee362b7faa5959f7d36cf41943034d8c1f96a7e40d30b687a953,0.0,0.0,all_to_all_reference,-18.0,1.1999999999999886
cubic_spin_glass,inst_620a5d32d7187d6870f30ec729690f838c6c03717c12d08920f9cb1a5c444ccd,0.0,0.0,all_to_all_reference,-19.599999999999994,0.0
cubic_spin_glass,inst_623ed3fa24dead6f0f9dd1096cce82dc9a048bf774730e23b964d7d43607fd83,0.0,0.0,all_to_all_reference,0.0,0.0
cubic_spin_glass,inst_629843195526c2b817edb433d2bf81dc1c9d7d1b6b358890ba16bbbcd422ab15,0.0,0.0,all_to_all_reference,0.0,0.0
cubic_spin_glass,inst_64ff32844bde505ea188f6df7a2e54fe41e88061d38144bbd304285bc823e766,0.0,0.0,all_to_all_reference,0.0,0.0
cubic_spin_glass,inst_67f4e4fa7cd1382fcc03d558ad19ac0420a74e3749bd90c0167e795417192422,0.0,0.0,all_to_all_reference,-50.400000000000006,-1.1999999999999886
cubic_spin_glass,inst_6969ca061e6a5a0b4350ccfb99da5386eb70d23ece3e7ffa0101e3a9c6305d74,0.0,0.0,all_to_all_reference,0.0,0.0
cubic_spin_glass,inst_6a06eec6c612c29ba46b89da361fc8b89d4e4e985e548b9c5d20da503d9b6f95,0.0,0.0,all_to_all_reference,-45.599999999999994,-20.400000000000006
cubic_spin_glass,inst_6ad9548a92747aff9a6795f1c5b99d2304f005ac72fb8084bdc0b85e2e6b4c72,0.0,0.0,all_to_all_reference,-30.400000000000006,-19.19999999999999
cubic_spin_glass,inst_6b16c179affcc9148d858478cbc1dac715c4665ff957ce51abd50e9aa1408c4b,0.0,0.0,all_to_all_reference,-20.799999999999997,0.0
cubic_spin_glass,inst_6b39d1a73c909fe62fea28132fe796da14083eef65020e77cf56f6f6be6b578d,0.0,0.0,all_to_all_reference,0.0,0.0
cubic_spin_glass,inst_6c945daac216f453a50715a1baa7e8a40f19ae2e62bd0a5f5ec4ecd7e3881303,0.0,0.0,all_to_all_reference,0.0,0.0
cubic_spin_glass,inst_6de219ee046e11cc6b3925b66cc25f0b4641e502623cd3aa766407f918c53235,0.0,0.0,all_to_all_reference,0.0,0.0
cubic_spin_glass,inst_6e8e29b178b0429786c8a2bff968eb63511358e6ddec0fe591285ea24a8d1c6d,0.0,0.0,all_to_all_reference,0.0,0.0
cubic_spin_glass,inst_6ea539895de41953dcf8585c9c5a14620e89386260235c3b1468a17d57ab2b23,0.0,0.0,all_to_all_reference,0.0,0.0
cubic_spin_glass,inst_70cd92fd1145b443443914cb7d2dd37eebe868cb4f6e2e0cd99cc6f5fceb49f1,0.0,0.0,all_to_all_reference,0.0,0.0
cubic_spin_glass,inst_7716434047cb9a3a78813351309803842d97d8ee66b37f8923c41d7969c1c58a,0.0,0.0,all_to_all_reference,-22.400000000000006,-17.599999999999994
cubic_spin_glass,inst_7c46ab9828c14c80ecbb7d6d499d693814b74054db5e4e07d7a39ee4b775bb50,0.0,0.0,all_to_all_reference,-33.400000000000006,3.5999999999999943
cubic_spin_glass,inst_7efab38b2e0155b0b8445fdfed32c7e06e3901e3e22e1d8f40f9b35350aa66a9,0.0,0.0,all_to_all_reference,-19.599999999999994,0.39999999999997726
cubic_spin_glass,inst_7f7a436339b87b34cb27d5c721ed3c7eefb780ae1f65c12c15de9645b48ed437,0.0,0.0,all_to_all_reference,0.0,0.0
cubic_spin_glass,inst_7f90e24a78f8a26d1a801c170cc595d5d7669882dcba292c4b15aa6b53b3dacf,0.0,0.0,all_to_all_reference,0.0,0.0
cubic_spin_glass,inst_7fb1bfed3cb150b9c82f88f49613843c766218e213329cc38e12264c97c15eba,0.0,0.0,all_to_all_reference,-63.19999999999999,-9.600000000000023
cubic_spin_glass,inst_8603e288413e6a8d06805f7acb84ae33701f1b6b8cd108dd5b9386188f286531,0.0,0.0,all_to_all_reference,-14.400000000000006,-0.4000000000000057
cubic_spin_glass,inst_8c4d9776efa0c93c2c9988f4c062d82692051281f1990acd2fc48a9536215c36,0.0,0.0,all_to_all_reference,-51.599999999999994,2.4000000000000057
cubic_spin_glass,inst_90ea5a2894cc294c32ec161d76b831ad4079fdcbaaad0e421851b5fa6f8561ba,0.0,0.0,all_to_all_reference,-69.6,-8.400000000000006
cubic_spin_glass,inst_92eb60bbccda5c5e3e2562b302edd076ac50a62aeb4d3709272c6303eeb1a61b,0.0,0.0,all_to_all_reference,0.0,0.0
cubic_spin_glass,inst_9ba2a7792551103e6e69b98c0de1119c32118930928fc10d75a1e7d657dd1bcf,0.0,0.0,all_to_all_reference,0.0,0.0
cubic_spin_glass,inst_9bce13272818b61594dbc28dec9d8b84d5c90a5cff1574a18f881703e17ad0f7,0.0,0.0,all_to_all_reference,0.0,0.0
cubic_spin_glass,inst_a281a70cf3027da7a09f4adaf7e6e96f50074205fe7b5bd1aab52f03a994e7f0,0.0,0.0,all_to_all_reference,0.0,0.0
cubic_spin_glass,inst_a4679bc36e70ceabe07c23d07c304c011669cd7cd6dd39977860e971d22b5bae,0.0,0.0,all_to_all_reference,0.0,0.0
cubic_spin_glass,inst_af9b682406075901b4f377cea9bb6dda351c54f44f95fadd7be931c5565e5ee7,0.0,0.0,all_to_all_reference,0.0,0.0
cubic_spin_glass,inst_b4ee1e445e988b3bd6d55f528563578e122178c9757b5377ac9192f99996b923,0.0,0.0,all_to_all_reference,-112.19999999999999,-4.399999999999977
cubic_spin_glass,inst_b6bffeaedeb53019eec1c8bec5d768c3b2d9013ec18b83f60ee9a2ef0ca455da,0.0,0.0,all_to_all_reference,0.0,0.0
cubic_spin_glass,inst_b732278acd92c203b9a27e0bcc5d32b417c737bd33781646533636e270b41e97,0.0,0.0,all_to_all_reference,0.0,0.0
cubic_spin_glass,inst_badadd6b960880e69de1e4a1077d644ec987b1efaeac187f421a7f530b78f797,0.0,0.0,all_to_all_reference,-27.599999999999994,0.0
cubic_spin_glass,inst_bb9ea8526f4f8c3163389b1dd29737c6dc55d4b10908c16cd989bbf99598ae9b,0.0,0.0,all_to_all_reference,-77.4,-13.599999999999994
cubic_spin_glass,inst_bd91654b426322e8e5eeb5aeae69692f9e01419f8ff43e2242b156e1ee054dd2,0.0,0.0,all_to_all_reference,-35.599999999999994,-27.19999999999999
cubic_spin_glass,inst_c2e05f7c3075c3aad73660a0712a836e2e081e148a56e82b9e52e010e4099cc2,0.0,0.0,all_to_all_reference,-19.400000000000006,-17.19999999999999
cubic_spin_glass,inst_c4e35a1cfc403513d25de62f5a1ade08c0f44afc5635ef5ba336e817a5f95387,0.0,0.0,all_to_all_reference,-69.80000000000001,2.8000000000000114
cubic_spin_glass,inst_c4f7f15fb4d34d0c48ee7c85dea7e846efc521f79aba3f47e9cb971bff038a3c,0.0,0.0,all_to_all_reference,-110.80000000000001,1.1999999999999886
cubic_spin_glass,inst_c953f174f2a63e6344fc92986f80da94e87d4acd3ab259c8f9d9332832f86a3e,0.0,0.0,all_to_all_reference,-79.0,-11.600000000000023
cubic_spin_glass,inst_cd62fc2eb91018e6a9da61c7b64c837ad5b988a267bd06e44091a7bb226c6327,0.0,0.0,all_to_all_reference,0.0,0.0
cubic_spin_glass,inst_d00ca93e6523bcec641670bd2f915a9e935326dd3a40ad48fc79f3a9c5c91ded,0.0,0.0,all_to_all_reference,-27.400000000000006,3.5999999999999943
cubic_spin_glass,inst_d39931f25d0a580985f2d689473d0b69f872405923e4b602501f05ec114e6507,0.0,0.0,all_to_all_reference,0.0,0.0
cubic_spin_glass,inst_d3c6a9aaeb39e276f75da8011cade132a868ef0f7cc911933833f479a8fae9b6,0.0,0.0,all_to_all_reference,0.0,0.0
cubic_spin_glass,inst_d91125199706c8108c27d3f20dd2ffc9a38c519cb4e58c97770db6ccd427a96c,0.0,0.0,all_to_all_reference,-19.400000000000006,-11.199999999999989
cubic_spin_glass,inst_da3101c770b48b4f0db791033edb8e7a538edbef1506d2019f202beb0c200cca,0.0,0.0,all_to_all_reference,-29.200000000000003,-3.1999999999999886
cubic_spin_glass,inst_da6cc0814f1cda7d2b8acf79563c59341898d86355f6e7d54acdb51463c602cf,0.0,0.0,all_to_all_reference,-28.400000000000006,-20.0
cubic_spin_glass,inst_e6863527db589505432cd6b1d26c66dd8cc456c8b9660f4d19bbc5c14d7738e4,0.0,0.0,all_to_all_reference,0.0,0.0
cubic_spin_glass,inst_ea1372732b45bea8ab2adc28dfcd62f4d328d838401c7ec158552a1e109c1c0d,0.0,0.0,all_to_all_reference,0.0,0.0
cubic_spin_glass,inst_ece5bba3739bc03a15ddcd6bbe4055bbd33c8ec145b5e5027ddc9b2d78213107,0.0,0.0,all_to_all_reference,-27.599999999999994,2.0
cubic_spin_glass,inst_ee30c9f5c123b7e1b93abed350ca64e7dc66b77042c74c2583df52d2313c7c61,0.0,0.0,all_to_all_reference,0.0,0.0
cubic_spin_glass,inst_eea12da1e1e88a4c6e8507aad613af99cbc02e7026129f640f22f3660eb2ebc6,0.0,0.0,all_to_all_reference,-20.0,-2.4000000000000057
cubic_spin_glass,inst_f34c63f8cfd94227a08f5c94c23fc2ab0b44f082c3ebb7d7c987fd86a735be25,0.0,0.0,all_to_all_reference,-34.19999999999999,-1.1999999999999886
cubic_spin_glass,inst_f37842a047e83492990313eec01ec5d49bc57873228193dd2f82f533032af864,0.0,0.0,all_to_all_reference,0.0,0.0
cubic_spin_glass,inst_f3a85e8bbaaeb5c96e59011403ee2f0f58abac7e6fd87e4ccbd3e0d68b1a179c,0.0,0.0,all_to_all_reference,-38.599999999999994,-7.199999999999989
cubic_spin_glass,inst_f4773a42848780f4cb4b292631096ceb1e1a30b6c917199603ba97c16bfa190b,0.0,0.0,all_to_all_reference,-80.80000000000001,-0.39999999999997726
cubic_spin_glass,inst_f9f59e0f30c74cb657e83170cba09f9012a39197b2b021dae1850ae012f1678f,0.0,0.0,all_to_all_reference,0.0,0.0
cubic_spin_glass,inst_fb8a9da4adf31a021767c9fabc43d7ddf89cfad0c621ca87f56cfb9907a6f495,0.0,0.0,all_to_all_reference,0.0,0.0
max3sat,inst_0252ede428af7d5ba638c993716885266bdf345dcd87961e7c927bacd016606c,0.0,0.0,all_to_all_reference,-53.599999999999994,-35.60000000000002
max3sat,inst_04a1b89230c5a6026d670ebcad2bd30c736104ed6ac28632205ec9169547e9f9,0.0,0.0,all_to_all_reference,-13.799999999999997,-11.599999999999994
max3sat,inst_0a73f63fb3161b683c1ecca2d45ca1ed0133a0bb6ac68f9b778657cfc7aa7e0f,0.0,0.0,all_to_all_reference,-93.4,-89.20000000000005
max3sat,inst_0cb8147f35cb319c98db07725be6b560d9ac23b0be515d6aabe4baafcfed6cea,0.0,0.0,all_to_all_reference,-14.600000000000001,-10.799999999999997
max3sat,inst_1b8063bafe8fb16b92612498609bbac8bbb284b59e73fc2d63cadf82b323441f,0.0,0.0,all_to_all_reference,-6.799999999999997,-3.6000000000000014
max3sat,inst_1be426e4fa90403494acd53c7f303758b784d3ffcb50ec5c77ffe22230f0f215,0.0,0.0,all_to_all_reference,-51.599999999999994,-52.80000000000001
max3sat,inst_1e91fd044da82237969da768df48589b6b1ab5771c97bb11bdb53a8fb4803ec9,0.0,0.0,all_to_all_reference,-43.0,-32.0
max3sat,inst_1f433b01487e58f130026b4b39df5b281f3248354e8bd1e1058204938b94c351,0.0,0.0,all_to_all_reference,-42.400000000000006,-43.19999999999999
max3sat,inst_1fd1e3af188a3ea1adf4c52be504c18998f9987176e8145c96535d8607f79e50,0.0,0.0,all_to_all_reference,-17.799999999999997,-16.0
max3sat,inst_1fdccd0ea073b5ce489dd04bf55aa58692c93d7a6e8030ea54f69d187a8b67bc,0.0,0.0,all_to_all_reference,-104.4,-87.19999999999999
max3sat,inst_2435c007116b03470f62d34cb88efdb456703104ba682192d46d894aa479d642,0.0,0.0,all_to_all_reference,-55.599999999999994,-39.19999999999999
max3sat,inst_282c742887e5c98fde17b21ba08676c33dcd0d2b564db9120176704b8a84467b,0.0,0.0,all_to_all_reference,-46.599999999999994,-46.39999999999998
max3sat,inst_28ff20a6c0731a37ed804a7e8e137c72f43ecb16c06242490c2839e435a3c9c9,0.0,0.0,all_to_all_reference,-42.599999999999994,-26.399999999999977
max3sat,inst_2ad6fd57820320548db69f878d4c4679c0dba001302d3d027eb6a3bd18976999,0.0,0.0,all_to_all_reference,-87.4,-57.19999999999999
max3sat,inst_2cb581ef9182b4e94ad87468822d97c34bab3f5844f008f31be762da257eef0a,0.0,0.0,all_to_all_reference,-13.0,-6.799999999999997
max3sat,inst_2e816cce0a2319003b1016e03a990097cba6aa784390cb4cad82f3363dce05c1,0.0,0.0,all_to_all_reference,-79.80000000000001,-66.39999999999998
max3sat,inst_2f15d2f234c8f1df4c005ad0920e30245530206ef3ff58661a368393a9143cfb,0.0,0.0,all_to_all_reference,-36.400000000000006,-38.400000000000006
max3sat,inst_31e7ab3ba7da728558cbbe0bd81fc3184ec0cb15f0d2b97364cc4ec16800c671,0.0,0.0,all_to_all_reference,-66.0,-50.0
max3sat,inst_351b2f1044631455ab325f3efabb01e0e041402aa854cb63ffe41759af6edb31,0.0,0.0,all_to_all_reference,-20.799999999999997,-17.599999999999994
max3sat,inst_383684e2b457379b22ad997ff9ba9dd2a89f56020635a4f5957cd64397e30d27,0.0,0.0,all_to_all_reference,-42.599999999999994,-32.0
max3sat,inst_389e9c8eec6e70d1760446aec874ba73c33d282a4aafd97bdf661c4173973bd4,0.0,0.0,all_to_all_reference,-28.0,-32.0
max3sat,inst_4292cef2fb4c9eb999019c1773bb594d1728cdf303bdeb10a83a3e7bef71dbf2,0.0,0.0,all_to_all_reference,-23.799999999999997,-8.0
max3sat,inst_44d41ee19adf16187d2472123669bbf847d64335b452c13d07c64d022afdbd6a,0.0,0.0,all_to_all_reference,-16.799999999999997,-16.799999999999997
max3sat,inst_44fe959f979ed41d00ed5d00c8ad559cb9fcc3a1f54352020e9bee9224ecc496,0.0,0.0,all_to_all_reference,-28.599999999999994,-41.599999999999994
max3sat,inst_4a5cdf12000be45c6e4eed5c6e54361319ac9cc9ed9744d18b2b715e8842bdac,0.0,0.0,all_to_all_reference,-20.6,-12.400000000000006
max3sat,inst_4de883a02a19b7c89e5a750e6dcb1d4f9e6df46511c418ac80e3e264607c4b3d,0.0,0.0,all_to_all_reference,-102.80000000000001,-64.79999999999995
max3sat,inst_4e00bf13ed9a31011cbd47075adf6f3eab16dfa39555e92093a024fe8a1e926c,0.0,0.0,all_to_all_reference,-72.6,-33.599999999999994
max3sat,inst_4e8508f5359b84174b076d2999c2a153f2bb1b3a2567a06b1ebfe41d5c34d5c4,0.0,0.0,all_to_all_reference,-74.8,-62.80000000000001
max3sat,inst_4fd1ba0267f29040b461532cd91b707bc0c1ae9e3f7403a5242d350656e5f63e,0.0,0.0,all_to_all_reference,-23.599999999999994,-14.400000000000006
max3sat,inst_4fea6db13cc5470bdb568c7a901f9b644950b3a9904281c86cd3d07aabe5be3d,0.0,0.0,all_to_all_reference,-79.0,-58.0
max3sat,inst_514ba25a028dc5cc4b3e64e92354a8517183f6f7354585b35ad695552a02d87b,0.0,0.0,all_to_all_reference,-37.2,-20.80000000000001
max3sat,inst_51faf0087471c6aa5bc4e424dbdc809b6058f9d679d5ef1e8c40e464f97f530a,0.0,0.0,all_to_all_reference,-67.0,-57.19999999999999
max3sat,inst_5671b7942728848d4cb1ba3ce249889b0b8e15bc2c97a8f008abb86493c57490,0.0,0.0,all_to_all_reference,-44.0,-27.200000000000003
max3sat,inst_5683a8170815775476c0c3080ab79c1cfd47561fea54e8872321c0e570d236f8,0.0,0.0,all_to_all_reference,-11.600000000000001,-8.399999999999999
max3sat,inst_571f081da361f3f25f937f197426b28f55d2c0673008ff8a95108c7a2d7f493b,0.0,0.0,all_to_all_reference,-62.19999999999999,-32.0
max3sat,inst_5c8c712e1fd5638aad21aef795e3bed14481f8229fbaa95833e0226595749b66,0.0,0.0,all_to_all_reference,-110.19999999999999,-71.20000000000005
max3sat,inst_6483eb8d9af8fdd362f04ce3d7675db45d9e1a5927ecd5e5f48e37b58962cc09,0.0,0.0,all_to_all_reference,-28.0,-26.0
max3sat,inst_65427f0ab483e773c37c684098f0ae7da76014c3314db691eb56799de98b918d,0.0,0.0,all_to_all_reference,-15.399999999999999,-13.599999999999994
max3sat,inst_67bfa1c14b3388aa4788b1b0b8fb0a628d9e11fad6d7ead7faa4270deca7be29,0.0,0.0,all_to_all_reference,-19.4,-11.599999999999994
max3sat,inst_6d08b4cb6adfe9fef1cbd72e0844d093ec9b6bbc548d03e358316eda6e525702,0.0,0.0,all_to_all_reference,-32.2,-30.80000000000001
max3sat,inst_70386662ce4299b736f2e3c495ef2708cd597b5b14cffe32a5027158a7a4a610,0.0,0.0,all_to_all_reference,-57.2,-49.19999999999999
max3sat,inst_724e0f606e662c6fc85b188f6d894ad9f45246f9367864a6c0b04d899083b597,0.0,0.0,all_to_all_reference,-31.400000000000006,-19.599999999999994
max3sat,inst_79109a0aeb80dc43411828163b5e828f667c41be7b72649f61aa8c0c3d211456,0.0,0.0,all_to_all_reference,-33.0,-20.400000000000006
max3sat,inst_7c746f95778d619e64c9d1d603b4f4ea5d9114e9ad069b562d10c0f26e807114,0.0,0.0,all_to_all_reference,-45.400000000000006,-55.599999999999994
max3sat,inst_7df90454db3288ecbd0880a8fbcf3d08e406d14be6f78d4c241e304924acb233,0.0,0.0,all_to_all_reference,-29.0,-14.0
max3sat,inst_7f9711ab9dcd95d41f2b9204480f254d29eb7b481c76fe9902e66f6be89a57f9,0.0,0.0,all_to_all_reference,-84.4,-69.19999999999999
max3sat,inst_880a9ce347d5f6df07a021bcc3777e532027fab32c40375218c981d4b93f4575,0.0,0.0,all_to_all_reference,-14.799999999999997,-9.200000000000003
max3sat,inst_88c738dc8822be6f692c1ca3216ff6f77f84863f52ae46d3be776ae165da4f38,0.0,0.0,all_to_all_reference,-74.0,-44.400000000000006
max3sat,inst_8da79e9eb8f997c1fc0ee150f0bf39f847d1db5235c9e861fd3510f60be375ea,0.0,0.0,all_to_all_reference,-48.2,-35.60000000000002
max3sat,inst_8ec9bffe895168e3d6057479112fc26184f086ae1cc1fcd5532cb16027fbfa29,0.0,0.0,all_to_all_reference,-23.599999999999994,-13.599999999999994
max3sat,inst_91de1c566768e2107a255c2b5e9b3d207ee6f17de18234b7d98081ef44b0556e,0.0,0.0,all_to_all_reference,-62.599999999999994,-52.80000000000001
max3sat,inst_93750e2faed9c9245b47a162edd68b576dfcc2011e0800d2b1edac661d13e0b1,0.0,0.0,all_to_all_reference,-36.599999999999994,-54.39999999999998
max3sat,inst_9450ef3d9ff004e2fb5b0139c1d3d736da4d25de602cb1d4c57e69a5aa03741b,0.0,0.0,all_to_all_reference,-15.200000000000003,-10.0
max3sat,inst_988a4cdc6171530ec091f734c342662ae559dec88cdad95e95eee1c75eb9022a,0.0,0.0,all_to_all_reference,-44.400000000000006,-51.19999999999999
max3sat,inst_9e9a0b918ddcd2a552104d1597a4bf1a0f02a66b3d265a3acbcad1a257316d47,0.0,0.0,all_to_all_reference,-132.0,-97.60000000000002
max3sat,inst_a407acb5f955147a44dfba4f02be7931dbe34e43e005579bdb9007aad4d94062,0.0,0.0,all_to_all_reference,-35.400000000000006,-24.0
max3sat,inst_a46160035a30aefe3892d2b049a43bad55098d26bc175c664ebbfea2da0bcad6,0.0,0.0,all_to_all_reference,-15.799999999999997,-9.599999999999994
max3sat,inst_a77c9a2a22c7fb46c8daf505f15f1eb531030ee724e832dfad977be3359a0493,0.0,0.0,all_to_all_reference,-41.400000000000006,-52.80000000000001
max3sat,inst_a7b03ca0a70026a3c0068bb3d0a6dfb3f855921d7f87601023f686c95d18ed53,0.0,0.0,all_to_all_reference,-29.400000000000006,-16.80000000000001
max3sat,inst_aaba8c0130b46ce253b0dc858f515be46b77f177d84efe9e95abb5d612190ebf,0.0,0.0,all_to_all_reference,-28.0,-18.400000000000006
max3sat,inst_b14e10b59e6aea194761d2eedde57c8d806845debe65a98c7d82fcd34f43ca0a,0.0,0.0,all_to_all_reference,-19.200000000000003,-14.400000000000006
max3sat,inst_b42f45e7b9183b2c37d9ff53ece3fa020875e9212ea871615be79b4e6f4f5119,0.0,0.0,all_to_all_reference,-85.80000000000001,-60.0
max3sat,inst_b495f40cacb80e7ae9a159b9be70c178135bbf1ac9f1dba424c37b8eafdeefd4,0.0,0.0,all_to_all_reference,-79.4,-94.4
max3sat,inst_b5a6d609aee43c8b525af00209476dde731caaa09d42f6c0ee326d1b1dc31caa,0.0,0.0,all_to_all_reference,-32.400000000000006,-16.80000000000001
max3sat,inst_bad108426f15da32dab503d42c5642c5b518605ab19b47a4444ceadbfa396063,0.0,0.0,all_to_all_reference,-41.599999999999994,-41.599999999999994
max3sat,inst_c32cb33b55efb0ee1a708f9936b9c45d95c8b4a9c07a53a564b24913ae6b0e3c,0.0,0.0,all_to_all_reference,-14.799999999999997,-12.799999999999997
max3sat,inst_c3ee41c0264643625e0eba9d472b30ff36b702de794e26ce06ff2eb31cab4421,0.0,0.0,all_to_all_reference,-17.799999999999997,-26.400000000000006
max3sat,inst_c48354249e2c91ecf73b39e126eec777bf9c93960e96d8924c6b6668619a825d,0.0,0.0,all_to_all_reference,-33.2,-22.0
max3sat,inst_c509325172b5b725870efeab7b1ee663cf118c3d5f52498275e25d6bbec8fcc5,0.0,0.0,all_to_all_reference,-57.0,-45.60000000000002
max3sat,inst_c5bac017b3e56ce9614f19eed76797e511f81cea2eccb992920a1a9b1902b35f,0.0,0.0,all_to_all_reference,-59.400000000000006,-55.60000000000002
max3sat,inst_ccb599d971d1da8d223cf442b00bd17f867272a51c5c1f8e79983c9f8942e2eb,0.0,0.0,all_to_all_reference,-17.4,-14.400000000000006
max3sat,inst_ce1381fba0e0749fbb1c4e403906dd932f3e490f5396e27cb97b99d9196bf5d8,0.0,0.0,all_to_all_reference,-66.0,-56.400000000000006
max3sat,inst_d11e45c41a0ff1ded85963a8b0d3c48fb95e655fe90cb4d8e70151bb71db3e2a,0.0,0.0,all_to_all_reference,-42.0,-24.0
max3sat,inst_d14cd6885001ea20ec547911c34c72177f32f5b9a45bc6fab58ee35ad20fc8dc,0.0,0.0,all_to_all_reference,-24.4,-22.400000000000006
max3sat,inst_d28d32be2aa609b3d4a6fd9bbfb880e2b75cff8400d2467930452c7f49defb3d,0.0,0.0,all_to_all_reference,-32.8,-28.400000000000006
max3sat,inst_d8d3130ca62f78d970e6558b2f60e1cac4ac8fb32dab01f61ab1ad5e2251a4ca,0.0,0.0,all_to_all_reference,-33.8,-26.799999999999997
max3sat,inst_d8ec562ca5ef40d9f7ef8722b8b48c9dc29bb61f474bb6de5cb9b2bcd9af7966,0.0,0.0,all_to_all_reference,-36.2,-36.39999999999998
max3sat,inst_e0a112f4b4528d8a718c887e04382c8c83e8e7a3c92be26028e535beb12cb41a,0.0,0.0,all_to_all_reference,-83.0,-64.79999999999995
max3sat,inst_e12133f263eeb656788fdd262f62163f5f4192f5a79ff33af3ca871d47682d87,0.0,0.0,all_to_all_reference,-94.60000000000002,-64.0
max3sat,inst_e1f8e13043f499d41df3b5c890c92c00a77684a2c4285714cb80815404be8ce3,0.0,0.0,all_to_all_reference,-105.0,-89.60000000000002
max3sat,inst_e69f844d025a2b0d7429ca4fdb825e3dc3659eac383d56cf62b921b8a85a5599,0.0,0.0,all_to_all_reference,-13.799999999999997,-8.799999999999997
max3sat,inst_edc6a7be57895210f8297e4c3332ad4cb3f2fe67ab75d9c0a5f1d571795b9415,0.0,0.0,all_to_all_reference,-25.400000000000006,-18.0
max3sat,inst_ef15628e3860089c2ab159ded8e1fa9dbfbc8b813be7872196abc3ec5dbbb6b7,0.0,0.0,all_to_all_reference,-87.19999999999999,-74.4
max3sat,inst_ef49f2fe7a33b84b6f96e5521c5c8fdf75a20c6927b1ee95513546942ddcb745,0.0,0.0,all_to_all_reference,-114.4,-79.60000000000002
max3sat,inst_ef8b06cb660f7d79dd26817980f7262c71e0993a3de1c210c321cc575edbe07f,0.0,0.0,all_to_all_reference,-42.400000000000006,-24.0
max3sat,inst_f29b35824bf56c712844358d17dd46d00aa5d95ac0b138e8f6c349d586ccae67,0.0,0.0,all_to_all_reference,-50.599999999999994,-54.80000000000001
max3sat,inst_f3e37072d51c70def0bd0fed6f54a322c49d92f70b611a5840d4fdf28984f698,0.0,0.0,all_to_all_reference,-14.200000000000003,-14.799999999999997
max3sat,inst_f8d57f764e7fdeef8a546e03dc838d094048a6bdb09a5be2ae77cbd88353843c,0.0,0.0,all_to_all_reference,-60.19999999999999,-34.39999999999998
max3sat,inst_fcd3827382c69a628f6d42b430b9c2a8f1f0b2d308717bc8dae03c0a4793ec88,0.0,0.0,all_to_all_reference,-17.200000000000003,-10.400000000000006
max3sat,inst_fe233b0fa65362c539986f27b2b50fec37a4040aa0be75b4b087e35a6e16696e,0.0,0.0,all_to_all_reference,-37.2,-32.0
cubic_spin_glass,inst_041b2d91ccdc07271608f44a7f021336dab5e35d5c3753501859d4ba17b039f0,-21.200000000000003,-5.399999999999999,device_sparse_v1,-17.0,-40.39999999999998
cubic_spin_glass,inst_05aaf3936982b612481791b8cbe696e666dbac6b7c6371ca8f9309f2a7262b26,0.0,0.0,device_sparse_v1,0.0,0.0
cubic_spin_glass,inst_0acf907b55a053afe21f59b938b915b2995d1239482407859acb7f7817e7ba44,0.0,0.0,device_sparse_v1,0.0,0.0
cubic_spin_glass,inst_13030ed96c3ca324374d60f8d25452134295fce62c10aca2ac1f801aa32741cc,-23.599999999999994,-10.200000000000003,device_sparse_v1,-58.19999999999999,-48.0
cubic_spin_glass,inst_197b36f95eb8e50c23f40079363564c5b46bf91fe6289146a90e6138187c5952,0.0,0.0,device_sparse_v1,0.0,0.0
cubic_spin_glass,inst_1e8d2ca8dea323e76f3e0aedd094066ab28417574610dbcc8dead14c8acc86d1,0.0,0.0,device_sparse_v1,0.0,0.0
cubic_spin_glass,inst_2b120f46ab783ce0aa9b4822502780d50c164c50f8bccaebc930a325a4ae0290,-19.200000000000003,-6.0,device_sparse_v1,-34.599999999999994,-34.80000000000001
cubic_spin_glass,inst_341aaea9cc6b648e49be42c5a9a85c286aa8e35d42e20fd993b487fdda2e28cb,0.0,0.0,device_sparse_v1,0.0,0.0
cubic_spin_glass,inst_457a1b897247007214daca60d4caf6ae6d0341f6d1e25c03ef72a4651794688d,0.0,0.0,device_sparse_v1,0.0,0.0
cubic_spin_glass,inst_475335f157ee1891b40b8f710155777516f4d877098145d0ddce1fce297c55df,-20.200000000000003,-6.0,device_sparse_v1,-25.0,-36.60000000000002
cubic_spin_glass,inst_53dec71c3e2fae0bd3971cba514a32e1708dd7cd2ca9764224bca5022a248a7e,0.0,0.0,device_sparse_v1,0.0,0.0
cubic_spin_glass,inst_55970a6e9882c541702aea4a808a177a8682c2746c2513cea2cf4365dad37c3c,0.0,0.0,device_sparse_v1,0.0,0.0
cubic_spin_glass,inst_59d47f0711e495d090f7fe436c47b3444643657d19e1e4fc567b971685dcb3e2,0.0,0.0,device_sparse_v1,0.0,0.0
cubic_spin_glass,inst_5e7c8d0ae78fb3fcd9e50f45870af4ef1698195119adfcdb8c7bf1699215879b,0.0,0.0,device_sparse_v1,0.0,0.0
cubic_spin_glass,inst_623ed3fa24dead6f0f9dd1096cce82dc9a048bf774730e23b964d7d43607fd83,0.0,0.0,device_sparse_v1,0.0,0.0
cubic_spin_glass,inst_629843195526c2b817edb433d2bf81dc1c9d7d1b6b358890ba16bbbcd422ab15,0.0,0.0,device_sparse_v1,0.0,0.0
cubic_spin_glass,inst_64ff32844bde505ea188f6df7a2e54fe41e88061d38144bbd304285bc823e766,0.0,0.0,device_sparse_v1,0.0,0.0
cubic_spin_glass,inst_6969ca061e6a5a0b4350ccfb99da5386eb70d23ece3e7ffa0101e3a9c6305d74,0.0,0.0,device_sparse_v1,0.0,0.0
cubic_spin_glass,inst_6ad9548a92747aff9a6795f1c5b99d2304f005ac72fb8084bdc0b85e2e6b4c72,-3.799999999999997,-3.6000000000000014,device_sparse_v1,-25.400000000000006,-23.0
cubic_spin_glass,inst_6b39d1a73c909fe62fea28132fe796da14083eef65020e77cf56f6f6be6b578d,0.0,0.0,device_sparse_v1,0.0,0.0
cubic_spin_glass,inst_6de219ee046e11cc6b3925b66cc25f0b4641e502623cd3aa766407f918c53235,0.0,0.0,device_sparse_v1,0.0,0.0
cubic_spin_glass,inst_6e8e29b178b0429786c8a2bff968eb63511358e6ddec0fe591285ea24a8d1c6d,0.0,0.0,device_sparse_v1,0.0,0.0
cubic_spin_glass,inst_6ea539895de41953dcf8585c9c5a14620e89386260235c3b1468a17d57ab2b23,0.0,0.0,device_sparse_v1,0.0,0.0
cubic_spin_glass,inst_70cd92fd1145b443443914cb7d2dd37eebe868cb4f6e2e0cd99cc6f5fceb49f1,0.0,0.0,device_sparse_v1,0.0,0.0
cubic_spin_glass,inst_7716434047cb9a3a78813351309803842d97d8ee66b37f8923c41d7969c1c58a,-29.80000000000001,-9.600000000000001,device_sparse_v1,-25.19999999999999,-47.39999999999998
cubic_spin_glass,inst_7f90e24a78f8a26d1a801c170cc595d5d7669882dcba292c4b15aa6b53b3dacf,0.0,0.0,device_sparse_v1,0.0,0.0
cubic_spin_glass,inst_92eb60bbccda5c5e3e2562b302edd076ac50a62aeb4d3709272c6303eeb1a61b,0.0,0.0,device_sparse_v1,0.0,0.0
cubic_spin_glass,inst_9ba2a7792551103e6e69b98c0de1119c32118930928fc10d75a1e7d657dd1bcf,0.0,0.0,device_sparse_v1,0.0,0.0
cubic_spin_glass,inst_a281a70cf3027da7a09f4adaf7e6e96f50074205fe7b5bd1aab52f03a994e7f0,0.0,0.0,device_sparse_v1,0.0,0.0
cubic_spin_glass,inst_a4679bc36e70ceabe07c23d07c304c011669cd7cd6dd39977860e971d22b5bae,0.0,0.0,device_sparse_v1,0.0,0.0
cubic_spin_glass,inst_cd62fc2eb91018e6a9da61c7b64c837ad5b988a267bd06e44091a7bb226c6327,0.0,0.0,device_sparse_v1,0.0,0.0
cubic_spin_glass,inst_d39931f25d0a580985f2d689473d0b69f872405923e4b602501f05ec114e6507,0.0,0.0,device_sparse_v1,0.0,0.0
cubic_spin_glass,inst_da3101c770b48b4f0db791033edb8e7a538edbef1506d2019f202beb0c200cca,-10.799999999999997,-1.7999999999999972,device_sparse_v1,-32.0,-14.0
cubic_spin_glass,inst_da6cc0814f1cda7d2b8acf79563c59341898d86355f6e7d54acdb51463c602cf,-13.799999999999997,-5.799999999999997,device_sparse_v1,-31.599999999999994,-33.80000000000001
cubic_spin_glass,inst_e6863527db589505432cd6b1d26c66dd8cc456c8b9660f4d19bbc5c14d7738e4,0.0,0.0,device_sparse_v1,0.0,0.0
cubic_spin_glass,inst_ea1372732b45bea8ab2adc28dfcd62f4d328d838401c7ec158552a1e109c1c0d,0.0,0.0,device_sparse_v1,0.0,0.0
cubic_spin_glass,inst_ece5bba3739bc03a15ddcd6bbe4055bbd33c8ec145b5e5027ddc9b2d78213107,6.399999999999999,2.3999999999999986,device_sparse_v1,-10.200000000000003,8.400000000000006
cubic_spin_glass,inst_ee30c9f5c123b7e1b93abed350ca64e7dc66b77042c74c2583df52d2313c7c61,0.0,0.0,device_sparse_v1,0.0,0.0
cubic_spin_glass,inst_fb8a9da4adf31a021767c9fabc43d7ddf89cfad0c621ca87f56cfb9907a6f495,0.0,0.0,device_sparse_v1,0.0,0.0
max3sat,inst_04a1b89230c5a6026d670ebcad2bd30c736104ed6ac28632205ec9169547e9f9,-6.200000000000003,-2.1999999999999993,device_sparse_v1,-13.0,-17.799999999999997
max3sat,inst_0cb8147f35cb319c98db07725be6b560d9ac23b0be515d6aabe4baafcfed6cea,-9.799999999999997,-3.6000000000000014,device_sparse_v1,-19.200000000000003,-20.599999999999994
max3sat,inst_1b8063bafe8fb16b92612498609bbac8bbb284b59e73fc2d63cadf82b323441f,1.0,-0.1999999999999993,device_sparse_v1,-3.6000000000000014,-2.5999999999999943
max3sat,inst_2cb581ef9182b4e94ad87468822d97c34bab3f5844f008f31be762da257eef0a,0.20000000000000284,-0.40000000000000036,device_sparse_v1,-14.400000000000006,-6.599999999999994
max3sat,inst_351b2f1044631455ab325f3efabb01e0e041402aa854cb63ffe41759af6edb31,-14.799999999999997,-6.399999999999999,device_sparse_v1,-26.400000000000006,-32.400000000000006
max3sat,inst_44d41ee19adf16187d2472123669bbf847d64335b452c13d07c64d022afdbd6a,-19.4,-6.600000000000001,device_sparse_v1,-30.200000000000003,-36.19999999999999
max3sat,inst_4a5cdf12000be45c6e4eed5c6e54361319ac9cc9ed9744d18b2b715e8842bdac,-9.799999999999997,-4.199999999999999,device_sparse_v1,-25.799999999999997,-22.19999999999999
max3sat,inst_4fd1ba0267f29040b461532cd91b707bc0c1ae9e3f7403a5242d350656e5f63e,-8.400000000000006,-3.200000000000003,device_sparse_v1,-16.0,-22.80000000000001
max3sat,inst_5683a8170815775476c0c3080ab79c1cfd47561fea54e8872321c0e570d236f8,3.0,-1.5999999999999996,device_sparse_v1,-1.6000000000000014,-5.400000000000006
max3sat,inst_67bfa1c14b3388aa4788b1b0b8fb0a628d9e11fad6d7ead7faa4270deca7be29,-6.799999999999997,-3.0,device_sparse_v1,-24.0,-18.400000000000006
max3sat,inst_880a9ce347d5f6df07a021bcc3777e532027fab32c40375218c981d4b93f4575,-6.599999999999994,-2.3999999999999986,device_sparse_v1,-18.200000000000003,-15.800000000000011
max3sat,inst_9450ef3d9ff004e2fb5b0139c1d3d736da4d25de602cb1d4c57e69a5aa03741b,-4.799999999999997,-2.3999999999999986,device_sparse_v1,-14.200000000000003,-14.800000000000011
max3sat,inst_a46160035a30aefe3892d2b049a43bad55098d26bc175c664ebbfea2da0bcad6,-9.200000000000003,-3.0,device_sparse_v1,-21.19999999999999,-18.80000000000001
max3sat,inst_c32cb33b55efb0ee1a708f9936b9c45d95c8b4a9c07a53a564b24913ae6b0e3c,1.2000000000000028,-1.8000000000000007,device_sparse_v1,-11.200000000000003,-11.599999999999994
max3sat,inst_ccb599d971d1da8d223cf442b00bd17f867272a51c5c1f8e79983c9f8942e2eb,-11.600000000000001,-5.0,device_sparse_v1,-21.0,-26.0
max3sat,inst_e69f844d025a2b0d7429ca4fdb825e3dc3659eac383d56cf62b921b8a85a5599,-10.200000000000003,-3.3999999999999986,device_sparse_v1,-20.200000000000003,-19.0
max3sat,inst_f3e37072d51c70def0bd0fed6f54a322c49d92f70b611a5840d4fdf28984f698,-13.0,-5.399999999999999,device_sparse_v1,-14.799999999999997,-27.80000000000001
max3sat,inst_fcd3827382c69a628f6d42b430b9c2a8f1f0b2d308717bc8dae03c0a4793ec88,-7.600000000000001,-4.199999999999999,device_sparse_v1,-21.400000000000006,-18.0
cubic_spin_glass,inst_041b2d91ccdc07271608f44a7f021336dab5e35d5c3753501859d4ba17b039f0,-42.0,-15.200000000000003,heavy_hex_d3_19,-46.599999999999994,-61.19999999999999
cubic_spin_glass,inst_05aaf3936982b612481791b8cbe696e666dbac6b7c6371ca8f9309f2a7262b26,0.0,0.0,heavy_hex_d3_19,0.0,0.0
cubic_spin_glass,inst_0acf907b55a053afe21f59b938b915b2995d1239482407859acb7f7817e7ba44,0.0,0.0,heavy_hex_d3_19,0.0,0.0
cubic_spin_glass,inst_13030ed96c3ca324374d60f8d25452134295fce62c10aca2ac1f801aa32741cc,-60.19999999999999,-22.200000000000003,heavy_hex_d3_19,-79.80000000000001,-84.60000000000002
cubic_spin_glass,inst_197b36f95eb8e50c23f40079363564c5b46bf91fe6289146a90e6138187c5952,0.0,0.0,heavy_hex_d3_19,0.0,0.0
cubic_spin_glass,inst_1e8d2ca8dea323e76f3e0aedd094066ab28417574610dbcc8dead14c8acc86d1,0.0,0.0,heavy_hex_d3_19,0.0,0.0
cubic_spin_glass,inst_1f1fc2972a067dd5ad79a2770384dc5867b18b0cf6ed6f50bf88e0b0af724532,-45.19999999999999,-15.0,heavy_hex_d3_19,-46.0,-60.39999999999998
cubic_spin_glass,inst_23322d07d78ec2442f79a933696c3d2708be62e01712e6cae79bb131a75b314c,29.0,5.799999999999997,heavy_hex_d3_19,-19.0,39.80000000000001
cubic_spin_glass,inst_2578bb3c4c83da80aec8fb5980e49dedc3450aae4bbc14c0eabca47881b8a912,-3.4000000000000057,-5.200000000000003,heavy_hex_d3_19,-55.19999999999999,-17.80000000000001
cubic_spin_glass,inst_28501defa541901199d0158698324fd95f401371b2edf79721692768a6c991e2,-53.19999999999999,-20.80000000000001,heavy_hex_d3_19,-108.0,-75.60000000000002
cubic_spin_glass,inst_2b120f46ab783ce0aa9b4822502780d50c164c50f8bccaebc930a325a4ae0290,-31.599999999999994,-13.200000000000003,heavy_hex_d3_19,-45.0,-47.19999999999999
cubic_spin_glass,inst_33ce7979cf1de88d35d3c355c345fd7635ea96da4c2a6583f60e1e979f21938a,-69.0,-24.200000000000003,heavy_hex_d3_19,-31.599999999999994,-87.80000000000001
cubic_spin_glass,inst_341aaea9cc6b648e49be42c5a9a85c286aa8e35d42e20fd993b487fdda2e28cb,0.0,0.0,heavy_hex_d3_19,0.0,0.0
cubic_spin_glass,inst_457a1b897247007214daca60d4caf6ae6d0341f6d1e25c03ef72a4651794688d,0.0,0.0,heavy_hex_d3_19,0.0,0.0
cubic_spin_glass,inst_475335f157ee1891b40b8f710155777516f4d877098145d0ddce1fce297c55df,-33.400000000000006,-14.799999999999997,heavy_hex_d3_19,-34.0,-49.80000000000001
cubic_spin_glass,inst_532ca52e0bd47ef393cd0da8c1c69dadce16850b3ef6b9be0dad7c95b2678c55,-26.0,-10.0,heavy_hex_d3_19,-20.80000000000001,-36.39999999999998
cubic_spin_glass,inst_53dec71c3e2fae0bd3971cba514a32e1708dd7cd2ca9764224bca5022a248a7e,0.0,0.0,heavy_hex_d3_19,0.0,0.0
cubic_spin_glass,inst_55970a6e9882c541702aea4a808a177a8682c2746c2513cea2cf4365dad37c3c,0.0,0.0,heavy_hex_d3_19,0.0,0.0
cubic_spin_glass,inst_58ad673a89921951e0c8e74f76be469f6804253269d061917d2f9cddbfde19f0,-40.60000000000002,-16.400000000000006,heavy_hex_d3_19,-42.400000000000006,-53.80000000000001
cubic_spin_glass,inst_59d47f0711e495d090f7fe436c47b3444643657d19e1e4fc567b971685dcb3e2,0.0,0.0,heavy_hex_d3_19,0.0,0.0
cubic_spin_glass,inst_5e7c8d0ae78fb3fcd9e50f45870af4ef1698195119adfcdb8c7bf1699215879b,0.0,0.0,heavy_hex_d3_19,0.0,0.0
cubic_spin_glass,inst_5f65d193d7b5370c9379fde1b52bfef9bc19e4da666d19b2e186471b1e77bf32,0.0,0.0,heavy_hex_d3_19,0.0,0.0
cubic_spin_glass,inst_623ed3fa24dead6f0f9dd1096cce82dc9a048bf774730e23b964d7d43607fd83,0.0,0.0,heavy_hex_d3_19,0.0,0.0
cubic_spin_glass,inst_629843195526c2b817edb433d2bf81dc1c9d7d1b6b358890ba16bbbcd422ab15,0.0,0.0,heavy_hex_d3_19,0.0,0.0
cubic_spin_glass,inst_64ff32844bde505ea188f6df7a2e54fe41e88061d38144bbd304285bc823e766,0.0,0.0,heavy_hex_d3_19,0.0,0.0
cubic_spin_glass,inst_6969ca061e6a5a0b4350ccfb99da5386eb70d23ece3e7ffa0101e3a9c6305d74,0.0,0.0,heavy_hex_d3_19,0.0,0.0
cubic_spin_glass,inst_6a06eec6c612c29ba46b89da361fc8b89d4e4e985e548b9c5d20da503d9b6f95,-65.60000000000002,-22.599999999999994,heavy_hex_d3_19,-72.19999999999999,-86.0
cubic_spin_glass,inst_6ad9548a92747aff9a6795f1c5b99d2304f005ac72fb8084bdc0b85e2e6b4c72,-20.80000000000001,-10.599999999999994,heavy_hex_d3_19,-35.0,-40.0
cubic_spin_glass,inst_6b39d1a73c909fe62fea28132fe796da14083eef65020e77cf56f6f6be6b578d,0.0,0.0,heavy_hex_d3_19,0.0,0.0
cubic_spin_glass,inst_6c945daac216f453a50715a1baa7e8a40f19ae2e62bd0a5f5ec4ecd7e3881303,0.0,0.0,heavy_hex_d3_19,0.0,0.0
cubic_spin_glass,inst_6de219ee046e11cc6b3925b66cc25f0b4641e502623cd3aa766407f918c53235,0.0,0.0,heavy_hex_d3_19,0.0,0.0
cubic_spin_glass,inst_6e8e29b178b0429786c8a2bff968eb63511358e6ddec0fe591285ea24a8d1c6d,0.0,0.0,heavy_hex_d3_19,0.0,0.0
cubic_spin_glass,inst_6ea539895de41953dcf8585c9c5a14620e89386260235c3b1468a17d57ab2b23,0.0,0.0,heavy_hex_d3_19,0.0,0.0
cubic_spin_glass,inst_70cd92fd1145b443443914cb7d2dd37eebe868cb4f6e2e0cd99cc6f5fceb49f1,0.0,0.0,heavy_hex_d3_19,0.0,0.0
cubic_spin_glass,inst_7716434047cb9a3a78813351309803842d97d8ee66b37f8923c41d7969c1c58a,-53.80000000000001,-18.0,heavy_hex_d3_19,-57.0,-71.39999999999998
cubic_spin_glass,inst_7c46ab9828c14c80ecbb7d6d499d693814b74054db5e4e07d7a39ee4b775bb50,-6.400000000000006,-6.799999999999997,heavy_hex_d3_19,-51.599999999999994,-2.8000000000000114
cubic_spin_glass,inst_7f7a436339b87b34cb27d5c721ed3c7eefb780ae1f65c12c15de9645b48ed437,0.0,0.0,heavy_hex_d3_19,0.0,0.0
cubic_spin_glass,inst_7f90e24a78f8a26d1a801c170cc595d5d7669882dcba292c4b15aa6b53b3dacf,0.0,0.0,heavy_hex_d3_19,0.0,0.0
cubic_spin_glass,inst_8c4d9776efa0c93c2c9988f4c062d82692051281f1990acd2fc48a9536215c36,-29.0,-10.599999999999994,heavy_hex_d3_19,-76.19999999999999,-26.600000000000023
cubic_spin_glass,inst_90ea5a2894cc294c32ec161d76b831ad4079fdcbaaad0e421851b5fa6f8561ba,-20.0,-6.599999999999994,heavy_hex_d3_19,-91.60000000000002,-28.399999999999977
cubic_spin_glass,inst_92eb60bbccda5c5e3e2562b302edd076ac50a62aeb4d3709272c6303eeb1a61b,0.0,0.0,heavy_hex_d3_19,0.0,0.0
cubic_spin_glass,inst_9ba2a7792551103e6e69b98c0de1119c32118930928fc10d75a1e7d657dd1bcf,0.0,0.0,heavy_hex_d3_19,0.0,0.0
cubic_spin_glass,inst_a281a70cf3027da7a09f4adaf7e6e96f50074205fe7b5bd1aab52f03a994e7f0,0.0,0.0,heavy_hex_d3_19,0.0,0.0
cubic_spin_glass,inst_a4679bc36e70ceabe07c23d07c304c011669cd7cd6dd39977860e971d22b5bae,0.0,0.0,heavy_hex_d3_19,0.0,0.0
cubic_spin_glass,inst_af9b682406075901b4f377cea9bb6dda351c54f44f95fadd7be931c5565e5ee7,0.0,0.0,heavy_hex_d3_19,0.0,0.0
cubic_spin_glass,inst_b6bffeaedeb53019eec1c8bec5d768c3b2d9013ec18b83f60ee9a2ef0ca455da,0.0,0.0,heavy_hex_d3_19,0.0,0.0
cubic_spin_glass,inst_b732278acd92c203b9a27e0bcc5d32b417c737bd33781646533636e270b41e97,0.0,0.0,heavy_hex_d3_19,0.0,0.0
cubic_spin_glass,inst_bb9ea8526f4f8c3163389b1dd29737c6dc55d4b10908c16cd989bbf99598ae9b,-22.600000000000023,-12.0,heavy_hex_d3_19,-81.60000000000002,-36.200000000000045
cubic_spin_glass,inst_bd91654b426322e8e5eeb5aeae69692f9e01419f8ff43e2242b156e1ee054dd2,-54.39999999999998,-21.599999999999994,heavy_hex_d3_19,-85.0,-81.60000000000002
cubic_spin_glass,inst_c2e05f7c3075c3aad73660a0712a836e2e081e148a56e82b9e52e010e4099cc2,-38.0,-13.400000000000006,heavy_hex_d3_19,-39.80000000000001,-55.19999999999999
cubic_spin_glass,inst_cd62fc2eb91018e6a9da61c7b64c837ad5b988a267bd06e44091a7bb226c6327,0.0,0.0,heavy_hex_d3_19,0.0,0.0
cubic_spin_glass,inst_d00ca93e6523bcec641670bd2f915a9e935326dd3a40ad48fc79f3a9c5c91ded,-10.800000000000011,-2.4000000000000057,heavy_hex_d3_19,-37.400000000000006,-7.199999999999989
cubic_spin_glass,inst_d39931f25d0a580985f2d689473d0b69f872405923e4b602501f05ec114e6507,0.0,0.0,heavy_hex_d3_19,0.0,0.0
cubic_spin_glass,inst_d3c6a9aaeb39e276f75da8011cade132a868ef0f7cc911933833f479a8fae9b6,0.0,0.0,heavy_hex_d3_19,0.0,0.0
cubic_spin_glass,inst_d91125199706c8108c27d3f20dd2ffc9a38c519cb4e58c97770db6ccd427a96c,-51.60000000000002,-17.400000000000006,heavy_hex_d3_19,-44.80000000000001,-62.80000000000001
cubic_spin_glass,inst_da3101c770b48b4f0db791033edb8e7a538edbef1506d2019f202beb0c200cca,-38.599999999999994,-9.0,heavy_hex_d3_19,-44.400000000000006,-41.80000000000001
cubic_spin_glass,inst_da6cc0814f1cda7d2b8acf79563c59341898d86355f6e7d54acdb51463c602cf,-55.0,-20.400000000000006,heavy_hex_d3_19,-69.60000000000002,-75.0
cubic_spin_glass,inst_e6863527db589505432cd6b1d26c66dd8cc456c8b9660f4d19bbc5c14d7738e4,0.0,0.0,heavy_hex_d3_19,0.0,0.0
cubic_spin_glass,inst_ea1372732b45bea8ab2adc28dfcd62f4d328d838401c7ec158552a1e109c1c0d,0.0,0.0,heavy_hex_d3_19,0.0,0.0
cubic_spin_glass,inst_ece5bba3739bc03a15ddcd6bbe4055bbd33c8ec145b5e5027ddc9b2d78213107,20.799999999999997,7.600000000000001,heavy_hex_d3_19,-21.599999999999994,22.80000000000001
cubic_spin_glass,inst_ee30c9f5c123b7e1b93abed350ca64e7dc66b77042c74c2583df52d2313c7c61,0.0,0.0,heavy_hex_d3_19,0.0,0.0
cubic_spin_glass,inst_eea12da1e1e88a4c6e8507aad613af99cbc02e7026129f640f22f3660eb2ebc6,-21.0,-6.0,heavy_hex_d3_19,-28.19999999999999,-23.399999999999977
cubic_spin_glass,inst_f37842a047e83492990313eec01ec5d49bc57873228193dd2f82f533032af864,0.0,0.0,heavy_hex_d3_19,0.0,0.0
cubic_spin_glass,inst_f9f59e0f30c74cb657e83170cba09f9012a39197b2b021dae1850ae012f1678f,0.0,0.0,heavy_hex_d3_19,0.0,0.0
cubic_spin_glass,inst_fb8a9da4adf31a021767c9fabc43d7ddf89cfad0c621ca87f56cfb9907a6f495,0.0,0.0,heavy_hex_d3_19,0.0,0.0
max3sat,inst_04a1b89230c5a6026d670ebcad2bd30c736104ed6ac28632205ec9169547e9f9,-13.400000000000006,-4.600000000000001,heavy_hex_d3_19,-18.200000000000003,-25.0
max3sat,inst_0cb8147f35cb319c98db07725be6b560d9ac23b0be515d6aabe4baafcfed6cea,-15.800000000000011,-6.0,heavy_hex_d3_19,-19.200000000000003,-26.599999999999994
max3sat,inst_1b8063bafe8fb16b92612498609bbac8bbb284b59e73fc2d63cadf82b323441f,4.599999999999994,0.6000000000000014,heavy_hex_d3_19,-1.4000000000000057,1.0
max3sat,inst_1f433b01487e58f130026b4b39df5b281f3248354e8bd1e1058204938b94c351,-77.80000000000001,-30.799999999999997,heavy_hex_d3_19,-97.39999999999998,-121.0
max3sat,inst_1fd1e3af188a3ea1adf4c52be504c18998f9987176e8145c96535d8607f79e50,-27.0,-11.599999999999994,heavy_hex_d3_19,-40.80000000000001,-43.0
max3sat,inst_2435c007116b03470f62d34cb88efdb456703104ba682192d46d894aa479d642,-49.400000000000006,-22.400000000000006,heavy_hex_d3_19,-69.19999999999999,-88.60000000000002
max3sat,inst_2cb581ef9182b4e94ad87468822d97c34bab3f5844f008f31be762da257eef0a,-14.599999999999994,-5.199999999999999,heavy_hex_d3_19,-27.0,-21.400000000000006
max3sat,inst_2f15d2f234c8f1df4c005ad0920e30245530206ef3ff58661a368393a9143cfb,-91.4,-32.8,heavy_hex_d3_19,-83.4,-129.8
max3sat,inst_351b2f1044631455ab325f3efabb01e0e041402aa854cb63ffe41759af6edb31,-43.0,-14.399999999999999,heavy_hex_d3_19,-41.400000000000006,-60.599999999999994
max3sat,inst_389e9c8eec6e70d1760446aec874ba73c33d282a4aafd97bdf661c4173973bd4,-54.599999999999994,-17.400000000000006,heavy_hex_d3_19,-74.0,-86.60000000000002
max3sat,inst_4292cef2fb4c9eb999019c1773bb594d1728cdf303bdeb10a83a3e7bef71dbf2,19.80000000000001,1.4000000000000057,heavy_hex_d3_19,-7.199999999999989,11.800000000000011
max3sat,inst_44d41ee19adf16187d2472123669bbf847d64335b452c13d07c64d022afdbd6a,-42.2,-14.399999999999999,heavy_hex_d3_19,-48.400000000000006,-59.0
max3sat,inst_44fe959f979ed41d00ed5d00c8ad559cb9fcc3a1f54352020e9bee9224ecc496,-88.19999999999999,-32.599999999999994,heavy_hex_d3_19,-81.0,-129.8
max3sat,inst_4a5cdf12000be45c6e4eed5c6e54361319ac9cc9ed9744d18b2b715e8842bdac,-12.599999999999994,-5.799999999999997,heavy_hex_d3_19,-18.599999999999994,-25.0
max3sat,inst_4e00bf13ed9a31011cbd47075adf6f3eab16dfa39555e92093a024fe8a1e926c,-116.80000000000001,-39.80000000000001,heavy_hex_d3_19,-130.39999999999998,-150.39999999999998
max3sat,inst_4e8508f5359b84174b076d2999c2a153f2bb1b3a2567a06b1ebfe41d5c34d5c4,-135.39999999999998,-49.599999999999994,heavy_hex_d3_19,-151.2,-198.20000000000005
max3sat,inst_4fd1ba0267f29040b461532cd91b707bc0c1ae9e3f7403a5242d350656e5f63e,-20.0,-7.200000000000003,heavy_hex_d3_19,-24.80000000000001,-34.39999999999998
max3sat,inst_514ba25a028dc5cc4b3e64e92354a8517183f6f7354585b35ad695552a02d87b,-39.19999999999999,-17.599999999999994,heavy_hex_d3_19,-60.0,-60.0
max3sat,inst_5671b7942728848d4cb1ba3ce249889b0b8e15bc2c97a8f008abb86493c57490,-20.400000000000006,-11.200000000000003,heavy_hex_d3_19,-31.0,-47.60000000000002
max3sat,inst_5683a8170815775476c0c3080ab79c1cfd47561fea54e8872321c0e570d236f8,-4.0,-3.1999999999999993,heavy_hex_d3_19,-11.200000000000003,-12.400000000000006
max3sat,inst_571f081da361f3f25f937f197426b28f55d2c0673008ff8a95108c7a2d7f493b,-91.0,-35.599999999999994,heavy_hex_d3_19,-123.80000000000001,-123.0
max3sat,inst_65427f0ab483e773c37c684098f0ae7da76014c3314db691eb56799de98b918d,-36.19999999999999,-13.0,heavy_hex_d3_19,-52.400000000000006,-49.80000000000001
max3sat,inst_67bfa1c14b3388aa4788b1b0b8fb0a628d9e11fad6d7ead7faa4270deca7be29,6.200000000000003,-0.3999999999999986,heavy_hex_d3_19,-13.0,-5.400000000000006
max3sat,inst_6d08b4cb6adfe9fef1cbd72e0844d093ec9b6bbc548d03e358316eda6e525702,-48.400000000000006,-17.799999999999997,heavy_hex_d3_19,-61.599999999999994,-79.19999999999999
max3sat,inst_724e0f606e662c6fc85b188f6d894ad9f45246f9367864a6c0b04d899083b597,-36.0,-14.599999999999994,heavy_hex_d3_19,-40.0,-55.60000000000002
max3sat,inst_79109a0aeb80dc43411828163b5e828f667c41be7b72649f61aa8c0c3d211456,-5.399999999999977,-6.0,heavy_hex_d3_19,-31.80000000000001,-25.80000000000001
max3sat,inst_7c746f95778d619e64c9d1d603b4f4ea5d9114e9ad069b562d10c0f26e807114,-94.6,-34.8,heavy_hex_d3_19,-90.80000000000001,-150.2
max3sat,inst_7df90454db3288ecbd0880a8fbcf3d08e406d14be6f78d4c241e304924acb233,-49.0,-15.200000000000003,heavy_hex_d3_19,-58.0,-63.0
max3sat,inst_880a9ce347d5f6df07a021bcc3777e532027fab32c40375218c981d4b93f4575,-13.0,-4.200000000000003,heavy_hex_d3_19,-29.0,-22.19999999999999
max3sat,inst_88c738dc8822be6f692c1ca3216ff6f77f84863f52ae46d3be776ae165da4f38,-104.19999999999999,-37.2,heavy_hex_d3_19,-115.60000000000002,-148.60000000000002
max3sat,inst_8ec9bffe895168e3d6057479112fc26184f086ae1cc1fcd5532cb16027fbfa29,-26.400000000000006,-10.799999999999997,heavy_hex_d3_19,-35.0,-40.0
max3sat,inst_9450ef3d9ff004e2fb5b0139c1d3d736da4d25de602cb1d4c57e69a5aa03741b,-15.799999999999997,-5.399999999999999,heavy_hex_d3_19,-28.599999999999994,-25.80000000000001
max3sat,inst_988a4cdc6171530ec091f734c342662ae559dec88cdad95e95eee1c75eb9022a,-119.19999999999999,-40.8,heavy_hex_d3_19,-113.6,-170.39999999999998
max3sat,inst_a407acb5f955147a44dfba4f02be7931dbe34e43e005579bdb9007aad4d94062,-55.80000000000001,-19.200000000000003,heavy_hex_d3_19,-77.0,-79.80000000000001
max3sat,inst_a46160035a30aefe3892d2b049a43bad55098d26bc175c664ebbfea2da0bcad6,-16.599999999999994,-6.600000000000001,heavy_hex_d3_19,-38.599999999999994,-26.19999999999999
max3sat,inst_a77c9a2a22c7fb46c8daf505f15f1eb531030ee724e832dfad977be3359a0493,-130.2,-47.19999999999999,heavy_hex_d3_19,-140.2,-183.0
max3sat,inst_a7b03ca0a70026a3c0068bb3d0a6dfb3f855921d7f87601023f686c95d18ed53,-29.0,-12.0,heavy_hex_d3_19,-67.80000000000001,-45.80000000000001
max3sat,inst_aaba8c0130b46ce253b0dc858f515be46b77f177d84efe9e95abb5d612190ebf,-57.80000000000001,-21.200000000000003,heavy_hex_d3_19,-72.80000000000001,-76.19999999999999
max3sat,inst_b14e10b59e6aea194761d2eedde57c8d806845debe65a98c7d82fcd34f43ca0a,-23.0,-9.400000000000006,heavy_hex_d3_19,-38.0,-37.39999999999998
max3sat,inst_b5a6d609aee43c8b525af00209476dde731caaa09d42f6c0ee326d1b1dc31caa,-31.599999999999994,-13.400000000000006,heavy_hex_d3_19,-49.0,-48.39999999999998
max3sat,inst_bad108426f15da32dab503d42c5642c5b518605ab19b47a4444ceadbfa396063,-82.0,-29.0,heavy_hex_d3_19,-87.80000000000001,-123.60000000000002
max3sat,inst_c32cb33b55efb0ee1a708f9936b9c45d95c8b4a9c07a53a564b24913ae6b0e3c,-7.400000000000006,-4.200000000000003,heavy_hex_d3_19,-19.400000000000006,-20.19999999999999
max3sat,inst_c48354249e2c91ecf73b39e126eec777bf9c93960e96d8924c6b6668619a825d,-33.80000000000001,-16.599999999999994,heavy_hex_d3_19,-56.60000000000002,-55.80000000000001
max3sat,inst_ccb599d971d1da8d223cf442b00bd17f867272a51c5c1f8e79983c9f8942e2eb,-18.400000000000006,-10.0,heavy_hex_d3_19,-33.599999999999994,-32.80000000000001
max3sat,inst_ce1381fba0e0749fbb1c4e403906dd932f3e490f5396e27cb97b99d9196bf5d8,-97.0,-39.80000000000001,heavy_hex_d3_19,-107.0,-153.39999999999998
max3sat,inst_d11e45c41a0ff1ded85963a8b0d3c48fb95e655fe90cb4d8e70151bb71db3e2a,-58.599999999999994,-21.400000000000006,heavy_hex_d3_19,-68.0,-82.60000000000002
max3sat,inst_d14cd6885001ea20ec547911c34c72177f32f5b9a45bc6fab58ee35ad20fc8dc,-35.599999999999994,-14.600000000000001,heavy_hex_d3_19,-52.400000000000006,-58.0
max3sat,inst_d28d32be2aa609b3d4a6fd9bbfb880e2b75cff8400d2467930452c7f49defb3d,-33.60000000000002,-16.400000000000006,heavy_hex_d3_19,-69.80000000000001,-62.0
max3sat,inst_d8d3130ca62f78d970e6558b2f60e1cac4ac8fb32dab01f61ab1ad5e2251a4ca,-53.400000000000006,-20.799999999999997,heavy_hex_d3_19,-61.400000000000006,-80.19999999999999
max3sat,inst_e69f844d025a2b0d7429ca4fdb825e3dc3659eac383d56cf62b921b8a85a5599,-19.400000000000006,-6.0,heavy_hex_d3_19,-25.400000000000006,-28.19999999999999
max3sat,inst_edc6a7be57895210f8297e4c3332ad4cb3f2fe67ab75d9c0a5f1d571795b9415,-28.0,-9.799999999999997,heavy_hex_d3_19,-45.0,-46.0
max3sat,inst_ef8b06cb660f7d79dd26817980f7262c71e0993a3de1c210c321cc575edbe07f,-36.60000000000002,-16.200000000000003,heavy_hex_d3_19,-71.60000000000002,-60.60000000000002
max3sat,inst_f3e37072d51c70def0bd0fed6f54a322c49d92f70b611a5840d4fdf28984f698,-26.599999999999994,-10.799999999999997,heavy_hex_d3_19,-37.19999999999999,-41.39999999999998
max3sat,inst_fcd3827382c69a628f6d42b430b9c2a8f1f0b2d308717bc8dae03c0a4793ec88,-22.599999999999994,-11.200000000000003,heavy_hex_d3_19,-29.200000000000003,-33.0
max3sat,inst_fe233b0fa65362c539986f27b2b50fec37a4040aa0be75b4b087e35a6e16696e,-71.19999999999999,-27.80000000000001,heavy_hex_d3_19,-91.80000000000001,-103.20000000000005
cubic_spin_glass,inst_041b2d91ccdc07271608f44a7f021336dab5e35d5c3753501859d4ba17b039f0,-56.19999999999999,-22.200000000000003,line_12,-45.80000000000001,-75.39999999999998
cubic_spin_glass,inst_05aaf3936982b612481791b8cbe696e666dbac6b7c6371ca8f9309f2a7262b26,0.0,0.0,line_12,0.0,0.0
cubic_spin_glass,inst_0acf907b55a053afe21f59b938b915b2995d1239482407859acb7f7817e7ba44,0.0,0.0,line_12,0.0,0.0
cubic_spin_glass,inst_13030ed96c3ca324374d60f8d25452134295fce62c10aca2ac1f801aa32741cc,-74.39999999999998,-26.0,line_12,-70.39999999999998,-98.80000000000001
cubic_spin_glass,inst_197b36f95eb8e50c23f40079363564c5b46bf91fe6289146a90e6138187c5952,0.0,0.0,line_12,0.0,0.0
cubic_spin_glass,inst_1e8d2ca8dea323e76f3e0aedd094066ab28417574610dbcc8dead14c8acc86d1,0.0,0.0,line_12,0.0,0.0
cubic_spin_glass,inst_2b120f46ab783ce0aa9b4822502780d50c164c50f8bccaebc930a325a4ae0290,-42.19999999999999,-15.400000000000006,line_12,-37.80000000000001,-57.80000000000001
cubic_spin_glass,inst_341aaea9cc6b648e49be42c5a9a85c286aa8e35d42e20fd993b487fdda2e28cb,0.0,0.0,line_12,0.0,0.0
cubic_spin_glass,inst_457a1b897247007214daca60d4caf6ae6d0341f6d1e25c03ef72a4651794688d,0.0,0.0,line_12,0.0,0.0
cubic_spin_glass,inst_475335f157ee1891b40b8f710155777516f4d877098145d0ddce1fce297c55df,-72.0,-25.400000000000006,line_12,-51.0,-88.39999999999998
cubic_spin_glass,inst_53dec71c3e2fae0bd3971cba514a32e1708dd7cd2ca9764224bca5022a248a7e,0.0,0.0,line_12,0.0,0.0
cubic_spin_glass,inst_55970a6e9882c541702aea4a808a177a8682c2746c2513cea2cf4365dad37c3c,0.0,0.0,line_12,0.0,0.0
cubic_spin_glass,inst_59d47f0711e495d090f7fe436c47b3444643657d19e1e4fc567b971685dcb3e2,0.0,0.0,line_12,0.0,0.0
cubic_spin_glass,inst_5e7c8d0ae78fb3fcd9e50f45870af4ef1698195119adfcdb8c7bf1699215879b,0.0,0.0,line_12,0.0,0.0
cubic_spin_glass,inst_623ed3fa24dead6f0f9dd1096cce82dc9a048bf774730e23b964d7d43607fd83,0.0,0.0,line_12,0.0,0.0
cubic_spin_glass,inst_629843195526c2b817edb433d2bf81dc1c9d7d1b6b358890ba16bbbcd422ab15,0.0,0.0,line_12,0.0,0.0
cubic_spin_glass,inst_64ff32844bde505ea188f6df7a2e54fe41e88061d38144bbd304285bc823e766,0.0,0.0,line_12,0.0,0.0
cubic_spin_glass,inst_6969ca061e6a5a0b4350ccfb99da5386eb70d23ece3e7ffa0101e3a9c6305d74,0.0,0.0,line_12,0.0,0.0
cubic_spin_glass,inst_6ad9548a92747aff9a6795f1c5b99d2304f005ac72fb8084bdc0b85e2e6b4c72,-77.39999999999998,-29.799999999999997,line_12,-82.39999999999998,-96.60000000000002
cubic_spin_glass,inst_6b39d1a73c909fe62fea28132fe796da14083eef65020e77cf56f6f6be6b578d,0.0,0.0,line_12,0.0,0.0
cubic_spin_glass,inst_6de219ee046e11cc6b3925b66cc25f0b4641e502623cd3aa766407f918c53235,0.0,0.0,line_12,0.0,0.0
cubic_spin_glass,inst_6e8e29b178b0429786c8a2bff968eb63511358e6ddec0fe591285ea24a8d1c6d,0.0,0.0,line_12,0.0,0.0
cubic_spin_glass,inst_6ea539895de41953dcf8585c9c5a14620e89386260235c3b1468a17d57ab2b23,0.0,0.0,line_12,0.0,0.0
cubic_spin_glass,inst_70cd92fd1145b443443914cb7d2dd37eebe868cb4f6e2e0cd99cc6f5fceb49f1,0.0,0.0,line_12,0.0,0.0
cubic_spin_glass,inst_7716434047cb9a3a78813351309803842d97d8ee66b37f8923c41d7969c1c58a,-60.0,-20.400000000000006,line_12,-42.60000000000002,-77.60000000000002
cubic_spin_glass,inst_7f90e24a78f8a26d1a801c170cc595d5d7669882dcba292c4b15aa6b53b3dacf,0.0,0.0,line_12,0.0,0.0
cubic_spin_glass,inst_92eb60bbccda5c5e3e2562b302edd076ac50a62aeb4d3709272c6303eeb1a61b,0.0,0.0,line_12,0.0,0.0
cubic_spin_glass,inst_9ba2a7792551103e6e69b98c0de1119c32118930928fc10d75a1e7d657dd1bcf,0.0,0.0,line_12,0.0,0.0
cubic_spin_glass,inst_a281a70cf3027da7a09f4adaf7e6e96f50074205fe7b5bd1aab52f03a994e7f0,0.0,0.0,line_12,0.0,0.0
cubic_spin_glass,inst_a4679bc36e70ceabe07c23d07c304c011669cd7cd6dd39977860e971d22b5bae,0.0,0.0,line_12,0.0,0.0
cubic_spin_glass,inst_cd62fc2eb91018e6a9da61c7b64c837ad5b988a267bd06e44091a7bb226c6327,0.0,0.0,line_12,0.0,0.0
cubic_spin_glass,inst_d39931f25d0a580985f2d689473d0b69f872405923e4b602501f05ec114e6507,0.0,0.0,line_12,0.0,0.0
cubic_spin_glass,inst_da3101c770b48b4f0db791033edb8e7a538edbef1506d2019f202beb0c200cca,-42.80000000000001,-12.799999999999997,line_12,-78.19999999999999,-46.0
cubic_spin_glass,inst_da6cc0814f1cda7d2b8acf79563c59341898d86355f6e7d54acdb51463c602cf,-46.39999999999998,-22.200000000000003,line_12,-32.80000000000001,-66.39999999999998
cubic_spin_glass,inst_e6863527db589505432cd6b1d26c66dd8cc456c8b9660f4d19bbc5c14d7738e4,0.0,0.0,line_12,0.0,0.0
cubic_spin_glass,inst_ea1372732b45bea8ab2adc28dfcd62f4d328d838401c7ec158552a1e109c1c0d,0.0,0.0,line_12,0.0,0.0
cubic_spin_glass,inst_ece5bba3739bc03a15ddcd6bbe4055bbd33c8ec145b5e5027ddc9b2d78213107,46.2,13.200000000000003,line_12,-9.200000000000003,48.19999999999999
cubic_spin_glass,inst_ee30c9f5c123b7e1b93abed350ca64e7dc66b77042c74c2583df52d2313c7c61,0.0,0.0,line_12,0.0,0.0
cubic_spin_glass,inst_fb8a9da4adf31a021767c9fabc43d7ddf89cfad0c621ca87f56cfb9907a6f495,0.0,0.0,line_12,0.0,0.0
max3sat,inst_04a1b89230c5a6026d670ebcad2bd30c736104ed6ac28632205ec9169547e9f9,-19.400000000000006,-7.799999999999997,line_12,-28.0,-31.0
max3sat,inst_0cb8147f35cb319c98db07725be6b560d9ac23b0be515d6aabe4baafcfed6cea,-23.80000000000001,-8.799999999999997,line_12,-35.400000000000006,-34.60000000000002
max3sat,inst_1b8063bafe8fb16b92612498609bbac8bbb284b59e73fc2d63cadf82b323441f,-17.0,-5.0,line_12,-7.400000000000006,-20.599999999999994
max3sat,inst_2cb581ef9182b4e94ad87468822d97c34bab3f5844f008f31be762da257eef0a,-19.200000000000003,-7.0,line_12,-21.0,-26.0
max3sat,inst_351b2f1044631455ab325f3efabb01e0e041402aa854cb63ffe41759af6edb31,-48.0,-17.4,line_12,-22.80000000000001,-65.6
max3sat,inst_44d41ee19adf16187d2472123669bbf847d64335b452c13d07c64d022afdbd6a,-54.599999999999994,-17.200000000000003,line_12,-37.2,-71.4
max3sat,inst_4a5cdf12000be45c6e4eed5c6e54361319ac9cc9ed9744d18b2b715e8842bdac,-18.19999999999999,-9.0,line_12,-32.0,-30.599999999999994
max3sat,inst_4fd1ba0267f29040b461532cd91b707bc0c1ae9e3f7403a5242d350656e5f63e,-26.19999999999999,-8.799999999999997,line_12,-44.400000000000006,-40.60000000000002
max3sat,inst_5683a8170815775476c0c3080ab79c1cfd47561fea54e8872321c0e570d236f8,-12.200000000000003,-5.399999999999999,line_12,-24.0,-20.599999999999994
max3sat,inst_67bfa1c14b3388aa4788b1b0b8fb0a628d9e11fad6d7ead7faa4270deca7be29,-36.599999999999994,-14.799999999999997,line_12,-34.599999999999994,-48.19999999999999
max3sat,inst_880a9ce347d5f6df07a021bcc3777e532027fab32c40375218c981d4b93f4575,-31.599999999999994,-9.400000000000006,line_12,-48.599999999999994,-40.80000000000001
max3sat,inst_9450ef3d9ff004e2fb5b0139c1d3d736da4d25de602cb1d4c57e69a5aa03741b,-6.599999999999994,-5.399999999999999,line_12,-22.19999999999999,-16.599999999999994
max3sat,inst_a46160035a30aefe3892d2b049a43bad55098d26bc175c664ebbfea2da0bcad6,-19.0,-5.799999999999997,line_12,-10.800000000000011,-28.600000000000023
max3sat,inst_c32cb33b55efb0ee1a708f9936b9c45d95c8b4a9c07a53a564b24913ae6b0e3c,-38.599999999999994,-13.799999999999997,line_12,-36.0,-51.400000000000006
max3sat,inst_ccb599d971d1da8d223cf442b00bd17f867272a51c5c1f8e79983c9f8942e2eb,-46.400000000000006,-16.6,line_12,-42.400000000000006,-60.80000000000001
max3sat,inst_e69f844d025a2b0d7429ca4fdb825e3dc3659eac383d56cf62b921b8a85a5599,-43.19999999999999,-14.599999999999994,line_12,-28.80000000000001,-52.0
max3sat,inst_f3e37072d51c70def0bd0fed6f54a322c49d92f70b611a5840d4fdf28984f698,-29.599999999999994,-13.0,line_12,-45.0,-44.39999999999998
max3sat,inst_fcd3827382c69a628f6d42b430b9c2a8f1f0b2d308717bc8dae03c0a4793ec88,-25.799999999999997,-10.799999999999997,line_12,-41.0,-36.19999999999999
cubic_spin_glass,inst_041b2d91ccdc07271608f44a7f021336dab5e35d5c3753501859d4ba17b039f0,-34.60000000000002,-16.0,ring_12,-33.19999999999999,-53.80000000000001
cubic_spin_glass,inst_05aaf3936982b612481791b8cbe696e666dbac6b7c6371ca8f9309f2a7262b26,0.0,0.0,ring_12,0.0,0.0
cubic_spin_glass,inst_0acf907b55a053afe21f59b938b915b2995d1239482407859acb7f7817e7ba44,0.0,0.0,ring_12,0.0,0.0
cubic_spin_glass,inst_13030ed96c3ca324374d60f8d25452134295fce62c10aca2ac1f801aa32741cc,-87.80000000000001,-32.0,ring_12,-78.80000000000001,-112.19999999999999
cubic_spin_glass,inst_197b36f95eb8e50c23f40079363564c5b46bf91fe6289146a90e6138187c5952,0.0,0.0,ring_12,0.0,0.0
cubic_spin_glass,inst_1e8d2ca8dea323e76f3e0aedd094066ab28417574610dbcc8dead14c8acc86d1,0.0,0.0,ring_12,0.0,0.0
cubic_spin_glass,inst_2b120f46ab783ce0aa9b4822502780d50c164c50f8bccaebc930a325a4ae0290,-45.39999999999998,-18.200000000000003,ring_12,-46.19999999999999,-61.0
cubic_spin_glass,inst_341aaea9cc6b648e49be42c5a9a85c286aa8e35d42e20fd993b487fdda2e28cb,0.0,0.0,ring_12,0.0,0.0
cubic_spin_glass,inst_457a1b897247007214daca60d4caf6ae6d0341f6d1e25c03ef72a4651794688d,0.0,0.0,ring_12,0.0,0.0
cubic_spin_glass,inst_475335f157ee1891b40b8f710155777516f4d877098145d0ddce1fce297c55df,-31.80000000000001,-10.200000000000003,ring_12,-21.400000000000006,-48.19999999999999
cubic_spin_glass,inst_53dec71c3e2fae0bd3971cba514a32e1708dd7cd2ca9764224bca5022a248a7e,0.0,0.0,ring_12,0.0,0.0
cubic_spin_glass,inst_55970a6e9882c541702aea4a808a177a8682c2746c2513cea2cf4365dad37c3c,0.0,0.0,ring_12,0.0,0.0
cubic_spin_glass,inst_59d47f0711e495d090f7fe436c47b3444643657d19e1e4fc567b971685dcb3e2,0.0,0.0,ring_12,0.0,0.0
cubic_spin_glass,inst_5e7c8d0ae78fb3fcd9e50f45870af4ef1698195119adfcdb8c7bf1699215879b,0.0,0.0,ring_12,0.0,0.0
cubic_spin_glass,inst_623ed3fa24dead6f0f9dd1096cce82dc9a048bf774730e23b964d7d43607fd83,0.0,0.0,ring_12,0.0,0.0
cubic_spin_glass,inst_629843195526c2b817edb433d2bf81dc1c9d7d1b6b358890ba16bbbcd422ab15,0.0,0.0,ring_12,0.0,0.0
cubic_spin_glass,inst_64ff32844bde505ea188f6df7a2e54fe41e88061d38144bbd304285bc823e766,0.0,0.0,ring_12,0.0,0.0
cubic_spin_glass,inst_6969ca061e6a5a0b4350ccfb99da5386eb70d23ece3e7ffa0101e3a9c6305d74,0.0,0.0,ring_12,0.0,0.0
cubic_spin_glass,inst_6ad9548a92747aff9a6795f1c5b99d2304f005ac72fb8084bdc0b85e2e6b4c72,-32.19999999999999,-13.599999999999994,ring_12,-47.19999999999999,-51.39999999999998
cubic_spin_glass,inst_6b39d1a73c909fe62fea28132fe796da14083eef65020e77cf56f6f6be6b578d,0.0,0.0,ring_12,0.0,0.0
cubic_spin_glass,inst_6de219ee046e11cc6b3925b66cc25f0b4641e502623cd3aa766407f918c53235,0.0,0.0,ring_12,0.0,0.0
cubic_spin_glass,inst_6e8e29b178b0429786c8a2bff968eb63511358e6ddec0fe591285ea24a8d1c6d,0.0,0.0,ring_12,0.0,0.0
cubic_spin_glass,inst_6ea539895de41953dcf8585c9c5a14620e89386260235c3b1468a17d57ab2b23,0.0,0.0,ring_12,0.0,0.0
cubic_spin_glass,inst_70cd92fd1145b443443914cb7d2dd37eebe868cb4f6e2e0cd99cc6f5fceb49f1,0.0,0.0,ring_12,0.0,0.0
cubic_spin_glass,inst_7716434047cb9a3a78813351309803842d97d8ee66b37f8923c41d7969c1c58a,-18.80000000000001,-5.799999999999997,ring_12,-39.400000000000006,-36.39999999999998
cubic_spin_glass,inst_7f90e24a78f8a26d1a801c170cc595d5d7669882dcba292c4b15aa6b53b3dacf,0.0,0.0,ring_12,0.0,0.0
cubic_spin_glass,inst_92eb60bbccda5c5e3e2562b302edd076ac50a62aeb4d3709272c6303eeb1a61b,0.0,0.0,ring_12,0.0,0.0
cubic_spin_glass,inst_9ba2a7792551103e6e69b98c0de1119c32118930928fc10d75a1e7d657dd1bcf,0.0,0.0,ring_12,0.0,0.0
cubic_spin_glass,inst_a281a70cf3027da7a09f4adaf7e6e96f50074205fe7b5bd1aab52f03a994e7f0,0.0,0.0,ring_12,0.0,0.0
cubic_spin_glass,inst_a4679bc36e70ceabe07c23d07c304c011669cd7cd6dd39977860e971d22b5bae,0.0,0.0,ring_12,0.0,0.0
cubic_spin_glass,inst_cd62fc2eb91018e6a9da61c7b64c837ad5b988a267bd06e44091a7bb226c6327,0.0,0.0,ring_12,0.0,0.0
cubic_spin_glass,inst_d39931f25d0a580985f2d689473d0b69f872405923e4b602501f05ec114e6507,0.0,0.0,ring_12,0.0,0.0
cubic_spin_glass,inst_da3101c770b48b4f0db791033edb8e7a538edbef1506d2019f202beb0c200cca,-12.399999999999977,-3.4000000000000057,ring_12,-33.0,-15.600000000000023
cubic_spin_glass,inst_da6cc0814f1cda7d2b8acf79563c59341898d86355f6e7d54acdb51463c602cf,-57.60000000000002,-19.200000000000003,ring_12,-63.80000000000001,-77.60000000000002
cubic_spin_glass,inst_e6863527db589505432cd6b1d26c66dd8cc456c8b9660f4d19bbc5c14d7738e4,0.0,0.0,ring_12,0.0,0.0
cubic_spin_glass,inst_ea1372732b45bea8ab2adc28dfcd62f4d328d838401c7ec158552a1e109c1c0d,0.0,0.0,ring_12,0.0,0.0
cubic_spin_glass,inst_ece5bba3739bc03a15ddcd6bbe4055bbd33c8ec145b5e5027ddc9b2d78213107,1.2000000000000028,1.6000000000000014,ring_12,-32.599999999999994,3.1999999999999886
cubic_spin_glass,inst_ee30c9f5c123b7e1b93abed350ca64e7dc66b77042c74c2583df52d2313c7c61,0.0,0.0,ring_12,0.0,0.0
cubic_spin_glass,inst_fb8a9da4adf31a021767c9fabc43d7ddf89cfad0c621ca87f56cfb9907a6f495,0.0,0.0,ring_12,0.0,0.0
max3sat,inst_04a1b89230c5a6026d670ebcad2bd30c736104ed6ac28632205ec9169547e9f9,-15.799999999999997,-5.600000000000001,ring_12,-17.400000000000006,-27.400000000000006
max3sat,inst_0cb8147f35cb319c98db07725be6b560d9ac23b0be515d6aabe4baafcfed6cea,-24.80000000000001,-8.200000000000003,ring_12,-30.80000000000001,-35.60000000000002
max3sat,inst_1b8063bafe8fb16b92612498609bbac8bbb284b59e73fc2d63cadf82b323441f,-4.599999999999994,-2.6000000000000014,ring_12,-5.599999999999994,-8.199999999999989
max3sat,inst_2cb581ef9182b4e94ad87468822d97c34bab3f5844f008f31be762da257eef0a,-24.200000000000003,-8.600000000000001,ring_12,-34.0,-31.0
max3sat,inst_351b2f1044631455ab325f3efabb01e0e041402aa854cb63ffe41759af6edb31,-44.19999999999999,-14.799999999999997,ring_12,-45.0,-61.80000000000001
max3sat,inst_44d41ee19adf16187d2472123669bbf847d64335b452c13d07c64d022afdbd6a,-54.400000000000006,-18.200000000000003,ring_12,-39.2,-71.19999999999999
max3sat,inst_4a5cdf12000be45c6e4eed5c6e54361319ac9cc9ed9744d18b2b715e8842bdac,-40.400000000000006,-16.0,ring_12,-30.0,-52.80000000000001
max3sat,inst_4fd1ba0267f29040b461532cd91b707bc0c1ae9e3f7403a5242d350656e5f63e,-14.800000000000011,-6.400000000000006,ring_12,-29.599999999999994,-29.19999999999999
max3sat,inst_5683a8170815775476c0c3080ab79c1cfd47561fea54e8872321c0e570d236f8,-17.799999999999997,-5.799999999999997,ring_12,-25.599999999999994,-26.19999999999999
max3sat,inst_67bfa1c14b3388aa4788b1b0b8fb0a628d9e11fad6d7ead7faa4270deca7be29,-17.19999999999999,-9.0,ring_12,-24.599999999999994,-28.80000000000001
max3sat,inst_880a9ce347d5f6df07a021bcc3777e532027fab32c40375218c981d4b93f4575,-40.0,-10.799999999999997,ring_12,-40.80000000000001,-49.19999999999999
max3sat,inst_9450ef3d9ff004e2fb5b0139c1d3d736da4d25de602cb1d4c57e69a5aa03741b,-33.80000000000001,-12.799999999999997,ring_12,-39.599999999999994,-43.80000000000001
max3sat,inst_a46160035a30aefe3892d2b049a43bad55098d26bc175c664ebbfea2da0bcad6,-25.0,-10.0,ring_12,-32.80000000000001,-34.60000000000002
max3sat,inst_c32cb33b55efb0ee1a708f9936b9c45d95c8b4a9c07a53a564b24913ae6b0e3c,-30.80000000000001,-10.200000000000003,ring_12,-30.200000000000003,-43.599999999999994
max3sat,inst_ccb599d971d1da8d223cf442b00bd17f867272a51c5c1f8e79983c9f8942e2eb,-20.400000000000006,-9.399999999999999,ring_12,-24.599999999999994,-34.80000000000001
max3sat,inst_e69f844d025a2b0d7429ca4fdb825e3dc3659eac383d56cf62b921b8a85a5599,-28.19999999999999,-8.200000000000003,ring_12,-35.19999999999999,-37.0
max3sat,inst_f3e37072d51c70def0bd0fed6f54a322c49d92f70b611a5840d4fdf28984f698,-30.400000000000006,-11.0,ring_12,-43.599999999999994,-45.19999999999999
max3sat,inst_fcd3827382c69a628f6d42b430b9c2a8f1f0b2d308717bc8dae03c0a4793ec88,-30.599999999999994,-12.0,ring_12,-44.19999999999999,-41.0
