instance_id,family,tier,split,n,regime,generator_mode,instance_seed,raw_file,raw_sha256,canonical_file,canonical_sha256,validation_status,ground_truth_status,qmax,all_native_width,fully_quadratized_width,selective_width_upper_bound,matched_random_width_upper_bound,all_four_within_qmax,origin,config_sha256,generation_plan_sha256,code_commit
inst_023cdc8fe68bc010af3e4b8267ac107052b34378aa9702e637d696f06b410084,cubic_spin_glass,qaoa,train,6,intermediate,uniform,4091559668828080762,raw/cubic_spin_glass/inst_023cdc8fe68bc010af3e4b8267ac107052b34378aa9702e637d696f06b410084.json,3e49e8a906e634e05dac6a6b69663a027f8bb829ac2a061bdeceb47ec20de0f2,canonical/inst_023cdc8fe68bc010af3e4b8267ac107052b34378aa9702e637d696f06b410084.json,783a35cf5995af7829ddf8b3fe65708972440cf2b2af9f44bc776ef5664ed3ce,pass,optimal,12,6,11,11,11,True,formal_qaoa_generation,c1fe6ddb0aa5e0bd75dbc46707e2824bbe199bac82b2d766160294ce56353d99,ce881ad150a72354b843adb6c936e4afe1527655ac750bc3d89c0ae476cfc355,bee9c67f3f61ba16ad7ba5dbb0f1b3b151c68c16
inst_04204c7d862dcfca8e427f256f533fe1306d04cc8891110f908ad2c268e28c47,cubic_spin_glass,qaoa,test,6,low,uniform,3320431567548888733,raw/cubic_spin_glass/inst_04204c7d862dcfca8e427f256f533fe1306d04cc8891110f908ad2c268e28c47.json,391a08fa2e29f77667f6ece68c60ab1b55dc3610727892f8ccc5e00b697a27ef,canonical/inst_04204c7d862dcfca8e427f256f533fe1306d04cc8891110f908ad2c268e28c47.json,4bd56c3b45e42b613c0f4dc336e69ecaedf4f42784b30ae5dc875057da6787dc,pass,optimal,12,6,9,9,9,True,formal_qaoa_generation,c1fe6ddb0aa5e0bd75dbc46707e2824bbe199bac82b2d766160294ce56353d99,ce881ad150a72354b843adb6c936e4afe1527655ac750bc3d89c0ae476cfc355,bee9c67f3f61ba16ad7ba5dbb0f1b3b151c68c16
inst_0d01f2a84f10d513faa8f67e2513dbb4c6a8b20801d9ae1470152b7190d2604b,cubic_spin_glass,qaoa,validation,6,low,anchor_pair,7172589564129364940,raw/cubic_spin_glass/inst_0d01f2a84f10d513faa8f67e2513dbb4c6a8b20801d9ae1470152b7190d2604b.json,09ee5b196d1d14583923f9d800512853eee9d76182fe0f9a4d8c8ade2fc60e81,canonical/inst_0d01f2a84f10d513faa8f67e2513dbb4c6a8b20801d9ae1470152b7190d2604b.json,1b275a064091c6b1ff3456f6ab11a0c693df2718c4e0e3c7441bbdd4e5c61a66,pass,optimal,12,6,8,8,8,True,formal_qaoa_generation,c1fe6ddb0aa5e0bd75dbc46707e2824bbe199bac82b2d766160294ce56353d99,ce881ad150a72354b843adb6c936e4afe1527655ac750bc3d89c0ae476cfc355,bee9c67f3f61ba16ad7ba5dbb0f1b3b151c68c16
inst_13b5d2a7117883e0dd95e95f184fc82c6f4ab0340b8270f9f241a63d9c4c3097,max3sat,qaoa,validation,10,low,anchor_pair,8941291328125638203,raw/max3sat/inst_13b5d2a7117883e0dd95e95f184fc82c6f4ab0340b8270f9f241a63d9c4c3097.json,16cc220ec62594a6a8dcd31944b0df094e100a1d1ee67c38aa7bf64289fea0b4,canonical/inst_13b5d2a7117883e0dd95e95f184fc82c6f4ab0340b8270f9f241a63d9c4c3097.json,810d3d05ca1ec3fdbc9e065b565848215fdccc023d83025adeb5cff2189b2d58,pass,optimal,12,10,12,12,12,True,formal_qaoa_generation,c1fe6ddb0aa5e0bd75dbc46707e2824bbe199bac82b2d766160294ce56353d99,ce881ad150a72354b843adb6c936e4afe1527655ac750bc3d89c0ae476cfc355,bee9c67f3f61ba16ad7ba5dbb0f1b3b151c68c16
inst_1500ff5f019c3f49b5fc996a691bdf61369c9cb9b85ee0bd2e3d7114f2b52336,max3sat,qaoa,validation,6,low,anchor_pair,3753111336617178560,raw/max3sat/inst_1500ff5f019c3f49b5fc996a691bdf61369c9cb9b85ee0bd2e3d7114f2b52336.json,ff52cd7529c0c1edc24dc518d8417deb38e426f33320b6324877429b9de2a064,canonical/inst_1500ff5f019c3f49b5fc996a691bdf61369c9cb9b85ee0bd2e3d7114f2b52336.json,a421b4ddf31b75b70a3a8573c6d56cf32c8b18f16c351f42d51c66fc1578dff0,pass,optimal,12,6,8,8,8,True,formal_qaoa_generation,c1fe6ddb0aa5e0bd75dbc46707e2824bbe199bac82b2d766160294ce56353d99,ce881ad150a72354b843adb6c936e4afe1527655ac750bc3d89c0ae476cfc355,bee9c67f3f61ba16ad7ba5dbb0f1b3b151c68c16
inst_1b4f0ef7fd72cb047be9f8d1f10dd8b773de7906795b02e88a72b0aec525d5ef,cubic_spin_glass,qaoa,train,10,low,anchor_pair,6044293916680755243,raw/cubic_spin_glass/inst_1b4f0ef7fd72cb047be9f8d1f10dd8b773de7906795b02e88a72b0aec525d5ef.json,b91582728bbfa27dd7a597bb9bac1f36b911b59cac5edd500be2d111cd913637,canonical/inst_1b4f0ef7fd72cb047be9f8d1f10dd8b773de7906795b02e88a72b0aec525d5ef.json,feea304ddff3a03059b9615fa9cecbf5f5a596bfaaa04893ff4a066d9b5bcb83,pass,optimal,12,10,12,12,12,True,formal_qaoa_generation,c1fe6ddb0aa5e0bd75dbc46707e2824bbe199bac82b2d766160294ce56353d99,ce881ad150a72354b843adb6c936e4afe1527655ac750bc3d89c0ae476cfc355,bee9c67f3f61ba16ad7ba5dbb0f1b3b151c68c16
inst_1e4da500dce3d92221927deee513215ccf25427772bb75430a1f8eb8417f5465,max3sat,qaoa,train,6,low,uniform,6289992472653807275,raw/max3sat/inst_1e4da500dce3d92221927deee513215ccf25427772bb75430a1f8eb8417f5465.json,9c1655aa663381c40182a2539a4f89a3a3e253aab5552dfd978ab8fa225a132f,canonical/inst_1e4da500dce3d92221927deee513215ccf25427772bb75430a1f8eb8417f5465.json,209c9e65d1609666d619bd228fb536257e53ab3eefa67aa8cd3dbe85e50c3479,pass,optimal,12,6,10,10,10,True,formal_qaoa_generation,c1fe6ddb0aa5e0bd75dbc46707e2824bbe199bac82b2d766160294ce56353d99,ce881ad150a72354b843adb6c936e4afe1527655ac750bc3d89c0ae476cfc355,bee9c67f3f61ba16ad7ba5dbb0f1b3b151c68c16
inst_1f38565d0249629ccd91d59429a59874484c5e49585622367237a3c089310256,max3sat,qaoa,train,6,low,uniform,6118544403806521075,raw/max3sat/inst_1f38565d0249629ccd91d59429a59874484c5e49585622367237a3c089310256.json,3bb608d2737ca03242e09e2c6d48898b8dc20f0645d57d9f07cf53b6111c0f95,canonical/inst_1f38565d0249629ccd91d59429a59874484c5e49585622367237a3c089310256.json,65f6f85b65c13e3c1607a5ab36428236aad8bb5d63137a1601b8738ee7dcf60d,pass,optimal,12,6,11,11,11,True,formal_qaoa_generation,c1fe6ddb0aa5e0bd75dbc46707e2824bbe199bac82b2d766160294ce56353d99,ce881ad150a72354b843adb6c936e4afe1527655ac750bc3d89c0ae476cfc355,bee9c67f3f61ba16ad7ba5dbb0f1b3b151c68c16
inst_255623f933cc900883afa210b6d47922d9729feb2c969ac77c388dbfc757bb48,cubic_spin_glass,qaoa,train,6,low,anchor_pair,7986907862162954451,raw/cubic_spin_glass/inst_255623f933cc900883afa210b6d47922d9729feb2c969ac77c388dbfc757bb48.json,fa1d66b0ae14a83dce8296a494d74107b80bef25a6a9bda2c24d3c7c2014cfc7,canonical/inst_255623f933cc900883afa210b6d47922d9729feb2c969ac77c388dbfc757bb48.json,4239a751e819ab868f810259ec42b7e094618e4028760f2dd28a0af30db681fc,pass,optimal,12,6,8,8,8,True,formal_qaoa_generation,c1fe6ddb0aa5e0bd75dbc46707e2824bbe199bac82b2d766160294ce56353d99,ce881ad150a72354b843adb6c936e4afe1527655ac750bc3d89c0ae476cfc355,bee9c67f3f61ba16ad7ba5dbb0f1b3b151c68c16
inst_25b483ef7012b2525897b043600d7021fdf80f7bdca55f987e5490a7352a1570,max3sat,qaoa,train,6,intermediate,anchor_pair,9179052833801220511,raw/max3sat/inst_25b483ef7012b2525897b043600d7021fdf80f7bdca55f987e5490a7352a1570.json,cf0831166bb7899e85017f90cd2096b6daf681675022daad83ac685587e51ccf,canonical/inst_25b483ef7012b2525897b043600d7021fdf80f7bdca55f987e5490a7352a1570.json,fcaabe9cf7520689dc3d7ca48f79d37e62ff85dbd000d2f5b4b7616e94e43ad3,pass,optimal,12,6,8,8,8,True,formal_qaoa_generation,c1fe6ddb0aa5e0bd75dbc46707e2824bbe199bac82b2d766160294ce56353d99,ce881ad150a72354b843adb6c936e4afe1527655ac750bc3d89c0ae476cfc355,bee9c67f3f61ba16ad7ba5dbb0f1b3b151c68c16
inst_25f1a58b73bbb90f880206a5277ab1aae7427b926a072e7e48afe20e2c482518,cubic_spin_glass,qaoa,train,6,low,anchor_pair,5861121391840921887,raw/cubic_spin_glass/inst_25f1a58b73bbb90f880206a5277ab1aae7427b926a072e7e48afe20e2c482518.json,38c4e30e5785cf512d5f010cb96ace8121d408cfafe83560418b4d8e63996298,canonical/inst_25f1a58b73bbb90f880206a5277ab1aae7427b926a072e7e48afe20e2c482518.json,c0d5e424853270b4ab0c6f62c95e118985a586c64c096baebc6b4313a5778f66,pass,optimal,12,6,8,8,8,True,formal_qaoa_generation,c1fe6ddb0aa5e0bd75dbc46707e2824bbe199bac82b2d766160294ce56353d99,ce881ad150a72354b843adb6c936e4afe1527655ac750bc3d89c0ae476cfc355,bee9c67f3f61ba16ad7ba5dbb0f1b3b151c68c16
inst_26a052729d9fe21627fd092781c37a97ef6dd9c8af4c37f19bcf581ae13425de,cubic_spin_glass,qaoa,test,6,intermediate,uniform,4878336449851699541,raw/cubic_spin_glass/inst_26a052729d9fe21627fd092781c37a97ef6dd9c8af4c37f19bcf581ae13425de.json,5e958a8daad1527a679fc56d50125f69b8181d95099842c3bc7a801a88388c80,canonical/inst_26a052729d9fe21627fd092781c37a97ef6dd9c8af4c37f19bcf581ae13425de.json,45d779634b56601e11cd7de9bd38dc2fec9e6073bc619964401cdc3ec74551a8,pass,optimal,12,6,11,11,11,True,formal_qaoa_generation,c1fe6ddb0aa5e0bd75dbc46707e2824bbe199bac82b2d766160294ce56353d99,ce881ad150a72354b843adb6c936e4afe1527655ac750bc3d89c0ae476cfc355,bee9c67f3f61ba16ad7ba5dbb0f1b3b151c68c16
inst_2b7c854a2ddbb78ddffae9a2720daf40eaa572b5cf2bb2b48a7306e186d37058,cubic_spin_glass,qaoa,validation,6,high,uniform,6690689700990824332,raw/cubic_spin_glass/inst_2b7c854a2ddbb78ddffae9a2720daf40eaa572b5cf2bb2b48a7306e186d37058.json,dc633561c0ea0f5cc7e7fe86d7ce32f2186f8af3ef33af542bcbd23954851563,canonical/inst_2b7c854a2ddbb78ddffae9a2720daf40eaa572b5cf2bb2b48a7306e186d37058.json,a8270e26afaa185924f5d48b22ff89157d81089f43f47d05b6a017b2b47b250b,pass,optimal,12,6,12,12,12,True,formal_qaoa_generation,c1fe6ddb0aa5e0bd75dbc46707e2824bbe199bac82b2d766160294ce56353d99,ce881ad150a72354b843adb6c936e4afe1527655ac750bc3d89c0ae476cfc355,bee9c67f3f61ba16ad7ba5dbb0f1b3b151c68c16
inst_2d85735389a188377c1f8dfdf00a8dffad686ec6479999406ce019ca10f550d5,max3sat,qaoa,validation,6,high,anchor_pair,2880307632850618675,raw/max3sat/inst_2d85735389a188377c1f8dfdf00a8dffad686ec6479999406ce019ca10f550d5.json,8ce8d9eff619bccbc5b3b056c84ec6754f891f755367df0ffcd91ce9375dcb6f,canonical/inst_2d85735389a188377c1f8dfdf00a8dffad686ec6479999406ce019ca10f550d5.json,57ea95898a0eb9b212e16a48552edd8fd7b72846b9ba28c0bfdbc7e7b53b3e75,pass,optimal,12,6,8,8,8,True,formal_qaoa_generation,c1fe6ddb0aa5e0bd75dbc46707e2824bbe199bac82b2d766160294ce56353d99,ce881ad150a72354b843adb6c936e4afe1527655ac750bc3d89c0ae476cfc355,bee9c67f3f61ba16ad7ba5dbb0f1b3b151c68c16
inst_336b32e64a4e400307ddc3a363856314c3215ad4d7bbf6244ed91f1a3fb34983,cubic_spin_glass,qaoa,train,6,intermediate,anchor_pair,1428219527172119021,raw/cubic_spin_glass/inst_336b32e64a4e400307ddc3a363856314c3215ad4d7bbf6244ed91f1a3fb34983.json,c672daa2b4e9c6484cec62dbee1ecc23809171e9412a92e10a49fd06e5939f9c,canonical/inst_336b32e64a4e400307ddc3a363856314c3215ad4d7bbf6244ed91f1a3fb34983.json,e969809a8e4f6af31dcbe98c8042d6feee28f17e2beb9d8e35b6367d53adaa4e,pass,optimal,12,6,9,9,9,True,formal_qaoa_generation,c1fe6ddb0aa5e0bd75dbc46707e2824bbe199bac82b2d766160294ce56353d99,ce881ad150a72354b843adb6c936e4afe1527655ac750bc3d89c0ae476cfc355,bee9c67f3f61ba16ad7ba5dbb0f1b3b151c68c16
inst_3419a0a271f895203877dd111ea5b69937d12be4625e682c969accdb8084cbdd,max3sat,qaoa,train,8,high,anchor_pair,6494413810709397515,raw/max3sat/inst_3419a0a271f895203877dd111ea5b69937d12be4625e682c969accdb8084cbdd.json,fc5a5e1dff52104e6571757947b351e96615d647e02b093b29fce1929eb5047f,canonical/inst_3419a0a271f895203877dd111ea5b69937d12be4625e682c969accdb8084cbdd.json,99cc37026b6fe06088f371069f9163ec85d1b44508b85296c6e462eee1cd44f7,pass,optimal,12,8,10,10,10,True,formal_qaoa_generation,c1fe6ddb0aa5e0bd75dbc46707e2824bbe199bac82b2d766160294ce56353d99,ce881ad150a72354b843adb6c936e4afe1527655ac750bc3d89c0ae476cfc355,bee9c67f3f61ba16ad7ba5dbb0f1b3b151c68c16
inst_3a21a5de486b7fbdc0811f15d7ef512d6ac91340274b87abdd9b0057a6a0e294,cubic_spin_glass,qaoa,train,8,low,uniform,7141619115623855186,raw/cubic_spin_glass/inst_3a21a5de486b7fbdc0811f15d7ef512d6ac91340274b87abdd9b0057a6a0e294.json,de4790897e30fc355ac5815dfa8ffb28ffcd87eaeeb640329fb1e11ae8aff240,canonical/inst_3a21a5de486b7fbdc0811f15d7ef512d6ac91340274b87abdd9b0057a6a0e294.json,9eae4d7e9f54d2f063e5280eb8c36fe24048720284464f7f86c105897855957b,pass,optimal,12,8,12,12,12,True,formal_qaoa_generation,c1fe6ddb0aa5e0bd75dbc46707e2824bbe199bac82b2d766160294ce56353d99,ce881ad150a72354b843adb6c936e4afe1527655ac750bc3d89c0ae476cfc355,bee9c67f3f61ba16ad7ba5dbb0f1b3b151c68c16
inst_3ab744f89662c042c717796da57c545b21b80089c4a23c53ba4ee4787beef9e4,max3sat,qaoa,train,6,low,uniform,1379675545406675875,raw/max3sat/inst_3ab744f89662c042c717796da57c545b21b80089c4a23c53ba4ee4787beef9e4.json,ecf8e4292d40dcb2f2131b1b87e847f3aa4913fda519cccd6d138c5ae2970772,canonical/inst_3ab744f89662c042c717796da57c545b21b80089c4a23c53ba4ee4787beef9e4.json,fa2f55fdd69930fbbcec616e233e06bf5b394ee665b33a06dad498149a4640c0,pass,optimal,12,6,10,10,10,True,formal_qaoa_generation,c1fe6ddb0aa5e0bd75dbc46707e2824bbe199bac82b2d766160294ce56353d99,ce881ad150a72354b843adb6c936e4afe1527655ac750bc3d89c0ae476cfc355,bee9c67f3f61ba16ad7ba5dbb0f1b3b151c68c16
inst_3df2ae586a891d7ff67cee3d608c8dc346fbd94b16bdfb2e9144233b3adcceb0,max3sat,qaoa,validation,8,intermediate,anchor_pair,6397242854043091855,raw/max3sat/inst_3df2ae586a891d7ff67cee3d608c8dc346fbd94b16bdfb2e9144233b3adcceb0.json,4940d5cac1df9946e92d829a4101244d6b291cb463ac03c8330032b269f11489,canonical/inst_3df2ae586a891d7ff67cee3d608c8dc346fbd94b16bdfb2e9144233b3adcceb0.json,c7081c87b9a3cb6f9533ccfaddb21b9262f813b71c7326df1bffc745c9651c81,pass,optimal,12,8,10,10,10,True,formal_qaoa_generation,c1fe6ddb0aa5e0bd75dbc46707e2824bbe199bac82b2d766160294ce56353d99,ce881ad150a72354b843adb6c936e4afe1527655ac750bc3d89c0ae476cfc355,bee9c67f3f61ba16ad7ba5dbb0f1b3b151c68c16
inst_40b7da8688b096406256a812d6f1b491c34f975d3379ab3d2aa25f8b20dd3025,cubic_spin_glass,qaoa,train,6,low,anchor_pair,8934610260370916977,raw/cubic_spin_glass/inst_40b7da8688b096406256a812d6f1b491c34f975d3379ab3d2aa25f8b20dd3025.json,606368ceb187bc91f6496feecb253f527ec4144d68ee2e0985f1026d3f100600,canonical/inst_40b7da8688b096406256a812d6f1b491c34f975d3379ab3d2aa25f8b20dd3025.json,f9c3f39043c40637b6a413df2c6830afb772d788b7cdfb22f3c8d1ee3cb70a63,pass,optimal,12,6,8,8,8,True,formal_qaoa_generation,c1fe6ddb0aa5e0bd75dbc46707e2824bbe199bac82b2d766160294ce56353d99,ce881ad150a72354b843adb6c936e4afe1527655ac750bc3d89c0ae476cfc355,bee9c67f3f61ba16ad7ba5dbb0f1b3b151c68c16
inst_4512beae9c6329cb7d637000b3c1dbb98656f38f8f894427cc5655bd69e928b1,cubic_spin_glass,qaoa,train,6,low,uniform,5751666346202771004,raw/cubic_spin_glass/inst_4512beae9c6329cb7d637000b3c1dbb98656f38f8f894427cc5655bd69e928b1.json,ecd5e862144831bd9429d1f145ecd242676788ed9a90746373e6d06a4ff308f0,canonical/inst_4512beae9c6329cb7d637000b3c1dbb98656f38f8f894427cc5655bd69e928b1.json,d86530a7ba9e0cb03c62db63c3fffb30ad23458cad52733c71c7e9a67180a81d,pass,optimal,12,6,10,10,10,True,formal_qaoa_generation,c1fe6ddb0aa5e0bd75dbc46707e2824bbe199bac82b2d766160294ce56353d99,ce881ad150a72354b843adb6c936e4afe1527655ac750bc3d89c0ae476cfc355,bee9c67f3f61ba16ad7ba5dbb0f1b3b151c68c16
inst_4990efb6440485f1e7c24a61aed5caceca456765fd9f2c80c3634724940b9cbf,max3sat,qaoa,train,10,intermediate,anchor_pair,1131034286376903417,raw/max3sat/inst_4990efb6440485f1e7c24a61aed5caceca456765fd9f2c80c3634724940b9cbf.json,bdae187d2b0cad0a242c0c364054e262129c3390e8a3fe3bfbd441d0c33b4805,canonical/inst_4990efb6440485f1e7c24a61aed5caceca456765fd9f2c80c3634724940b9cbf.json,f3c9a7fb5b1729255a7cdbcff2150c4e7401293182ab11899aaa62b7a6f36de6,pass,optimal,12,10,12,12,12,True,formal_qaoa_generation,c1fe6ddb0aa5e0bd75dbc46707e2824bbe199bac82b2d766160294ce56353d99,ce881ad150a72354b843adb6c936e4afe1527655ac750bc3d89c0ae476cfc355,bee9c67f3f61ba16ad7ba5dbb0f1b3b151c68c16
inst_4b591fc03a526b7fcac84a39c12d3cd38794f139deb42da5c67ea314b93b3c4d,cubic_spin_glass,qaoa,train,8,intermediate,anchor_pair,5862257204706947723,raw/cubic_spin_glass/inst_4b591fc03a526b7fcac84a39c12d3cd38794f139deb42da5c67ea314b93b3c4d.json,8051ac952772669ef261acb3809b675e337f02df671c9c3eb92ccf75b1d7fe8c,canonical/inst_4b591fc03a526b7fcac84a39c12d3cd38794f139deb42da5c67ea314b93b3c4d.json,c2c0457719149d53bccb09e8ce8768983aa3453f47f4b21729bd2c13e816fa2d,pass,optimal,12,8,11,11,11,True,formal_qaoa_generation,c1fe6ddb0aa5e0bd75dbc46707e2824bbe199bac82b2d766160294ce56353d99,ce881ad150a72354b843adb6c936e4afe1527655ac750bc3d89c0ae476cfc355,bee9c67f3f61ba16ad7ba5dbb0f1b3b151c68c16
inst_4f6194bdbf502d5bd1a173beb00958b23dff9a60bc8938e8730b27664afe6c78,max3sat,qaoa,train,6,intermediate,anchor_pair,5730438144396854573,raw/max3sat/inst_4f6194bdbf502d5bd1a173beb00958b23dff9a60bc8938e8730b27664afe6c78.json,7937102227d0aa71323c22e5a7077216ed5c8a7e6ee60fec5e9fed76b70e01f3,canonical/inst_4f6194bdbf502d5bd1a173beb00958b23dff9a60bc8938e8730b27664afe6c78.json,37fbd8b2160b36c3a63311cb531c9f2b813e68b7fa8d1444c655d2ed5b340f90,pass,optimal,12,6,8,8,8,True,formal_qaoa_generation,c1fe6ddb0aa5e0bd75dbc46707e2824bbe199bac82b2d766160294ce56353d99,ce881ad150a72354b843adb6c936e4afe1527655ac750bc3d89c0ae476cfc355,bee9c67f3f61ba16ad7ba5dbb0f1b3b151c68c16
inst_50a4355072fa756c5d1514dee7df9212b9d394a38e47faf66f27f6f3fc45495b,cubic_spin_glass,qaoa,train,8,low,anchor_pair,3635306598714253547,raw/cubic_spin_glass/inst_50a4355072fa756c5d1514dee7df9212b9d394a38e47faf66f27f6f3fc45495b.json,79b90f9b38e2e6ca369996893fd46d26be5e8befa1a7998540bcec7dd4b64339,canonical/inst_50a4355072fa756c5d1514dee7df9212b9d394a38e47faf66f27f6f3fc45495b.json,27bcc0738678c0fab05aa98ebd84442bcd617763a24233288cd0d11e5b6092e6,pass,optimal,12,8,10,10,10,True,formal_qaoa_generation,c1fe6ddb0aa5e0bd75dbc46707e2824bbe199bac82b2d766160294ce56353d99,ce881ad150a72354b843adb6c936e4afe1527655ac750bc3d89c0ae476cfc355,bee9c67f3f61ba16ad7ba5dbb0f1b3b151c68c16
inst_56a4b2be74d9d80472331abfa64523e69d0b091b3134ecd63c8fae9c5cc59dd0,cubic_spin_glass,qaoa,validation,6,intermediate,uniform,2524280047380768253,raw/cubic_spin_glass/inst_56a4b2be74d9d80472331abfa64523e69d0b091b3134ecd63c8fae9c5cc59dd0.json,60375aa010a6912bb02b7b345b75da6d53c2f951bb16fc3fb8be943fa4e1eb38,canonical/inst_56a4b2be74d9d80472331abfa64523e69d0b091b3134ecd63c8fae9c5cc59dd0.json,c12d453981c4e71374da844df367cbee22a882aadafcfdea8e502610d8b2df7f,pass,optimal,12,6,10,10,10,True,formal_qaoa_generation,c1fe6ddb0aa5e0bd75dbc46707e2824bbe199bac82b2d766160294ce56353d99,ce881ad150a72354b843adb6c936e4afe1527655ac750bc3d89c0ae476cfc355,bee9c67f3f61ba16ad7ba5dbb0f1b3b151c68c16
inst_6386a5a1674291c3376f16cf10c8a127d668fed887d3581704ddfab01214aa0f,max3sat,qaoa,test,10,low,anchor_pair,3680820703623724394,raw/max3sat/inst_6386a5a1674291c3376f16cf10c8a127d668fed887d3581704ddfab01214aa0f.json,d9b9b968d2064069ae14b5535e309ffd76a632b740117616f6eaa61ccec8f354,canonical/inst_6386a5a1674291c3376f16cf10c8a127d668fed887d3581704ddfab01214aa0f.json,6d6a2a5f9c4cccb91f066c025157f9f909b1650c67d02b8cf06d33c6217bac03,pass,optimal,12,10,12,12,12,True,formal_qaoa_generation,c1fe6ddb0aa5e0bd75dbc46707e2824bbe199bac82b2d766160294ce56353d99,ce881ad150a72354b843adb6c936e4afe1527655ac750bc3d89c0ae476cfc355,bee9c67f3f61ba16ad7ba5dbb0f1b3b151c68c16
inst_63b4e2961f7a765a956752e468cbcd762956cfacae495a056c93f4bf10646938,max3sat,qaoa,train,6,low,anchor_pair,78317674914385090,raw/max3sat/inst_63b4e2961f7a765a956752e468cbcd762956cfacae495a056c93f4bf10646938.json,0a0587272cb1597487ac4f48e930b6a1589006819d6821d5da94bf21d46b85c2,canonical/inst_63b4e2961f7a765a956752e468cbcd762956cfacae495a056c93f4bf10646938.json,46909ec3c90d1d2bcd8255da1f977bac7f25e79b828f170327b0febe49a6031a,pass,optimal,12,6,8,8,8,True,formal_qaoa_generation,c1fe6ddb0aa5e0bd75dbc46707e2824bbe199bac82b2d766160294ce56353d99,ce881ad150a72354b843adb6c936e4afe1527655ac750bc3d89c0ae476cfc355,bee9c67f3f61ba16ad7ba5dbb0f1b3b151c68c16
inst_64a56f06a746ecaf70d6b2bb88cdc75b3bb8a2474ef52ca61f0efd3fd9eff42c,max3sat,qaoa,train,6,intermediate,anchor_pair,8993930942158530520,raw/max3sat/inst_64a56f06a746ecaf70d6b2bb88cdc75b3bb8a2474ef52ca61f0efd3fd9eff42c.json,728a72cbb1d3679f03bbbee064e63b9914a523f59cf3c5b1f15231d9fbb01d9e,canonical/inst_64a56f06a746ecaf70d6b2bb88cdc75b3bb8a2474ef52ca61f0efd3fd9eff42c.json,ba935ba7428549c5bcc4c1aa47d3ed199cb87ab545f764b56bdea92c5eef2b3f,pass,optimal,12,6,8,8,8,True,formal_qaoa_generation,c1fe6ddb0aa5e0bd75dbc46707e2824bbe199bac82b2d766160294ce56353d99,ce881ad150a72354b843adb6c936e4afe1527655ac750bc3d89c0ae476cfc355,bee9c67f3f61ba16ad7ba5dbb0f1b3b151c68c16
inst_66236c4111897ef8474d3ead539ffbdb2773cc3796cbb79c2b6c4ce120fb1b91,cubic_spin_glass,qaoa,train,6,intermediate,anchor_pair,7185050492456210881,raw/cubic_spin_glass/inst_66236c4111897ef8474d3ead539ffbdb2773cc3796cbb79c2b6c4ce120fb1b91.json,ed1e1bb6ad1e7a54d5a9829decd5830da6a4e246adf54da58871c0fefdb78a1e,canonical/inst_66236c4111897ef8474d3ead539ffbdb2773cc3796cbb79c2b6c4ce120fb1b91.json,ab140e3e6bbe3fe76c78380bff48ce20de49011b51a0d410af324708054e2647,pass,optimal,12,6,9,9,9,True,formal_qaoa_generation,c1fe6ddb0aa5e0bd75dbc46707e2824bbe199bac82b2d766160294ce56353d99,ce881ad150a72354b843adb6c936e4afe1527655ac750bc3d89c0ae476cfc355,bee9c67f3f61ba16ad7ba5dbb0f1b3b151c68c16
inst_68182ec61906beaeaf985399446793651206286ca861e2884f2f8538db8f65f6,cubic_spin_glass,qaoa,test,6,low,uniform,9081678660396830351,raw/cubic_spin_glass/inst_68182ec61906beaeaf985399446793651206286ca861e2884f2f8538db8f65f6.json,69698f6ef2048846b91b4146986c1e20fd729dbba0b3d7858e6b68dffb3cfbed,canonical/inst_68182ec61906beaeaf985399446793651206286ca861e2884f2f8538db8f65f6.json,1dfad6827a92b90d6ddb4a37676604d6b519a1020d3e971a411fa6b482db9567,pass,optimal,12,6,9,9,9,True,formal_qaoa_generation,c1fe6ddb0aa5e0bd75dbc46707e2824bbe199bac82b2d766160294ce56353d99,ce881ad150a72354b843adb6c936e4afe1527655ac750bc3d89c0ae476cfc355,bee9c67f3f61ba16ad7ba5dbb0f1b3b151c68c16
inst_6d175f46adaeddca794682ee19d5e6aeba5357c0cdcd37b731fcaa351e5b2594,max3sat,qaoa,test,8,high,anchor_pair,3310717172339998921,raw/max3sat/inst_6d175f46adaeddca794682ee19d5e6aeba5357c0cdcd37b731fcaa351e5b2594.json,e99a095fd599a5f00e20a9040efea4599dd38bd19e4364208023c744fb65bbcf,canonical/inst_6d175f46adaeddca794682ee19d5e6aeba5357c0cdcd37b731fcaa351e5b2594.json,715e1cd7356d7b56e05c28f417bab2f89f421a6ae062baa4e860dd3f556010af,pass,optimal,12,8,10,10,10,True,formal_qaoa_generation,c1fe6ddb0aa5e0bd75dbc46707e2824bbe199bac82b2d766160294ce56353d99,ce881ad150a72354b843adb6c936e4afe1527655ac750bc3d89c0ae476cfc355,bee9c67f3f61ba16ad7ba5dbb0f1b3b151c68c16
inst_6e1b06d7ea43e3f3ea56b4d65c888b171b0b8e082d901f1993a38fcee8467025,max3sat,qaoa,test,6,high,uniform,5799957021557901660,raw/max3sat/inst_6e1b06d7ea43e3f3ea56b4d65c888b171b0b8e082d901f1993a38fcee8467025.json,cb6da7bb7e42c1bc90be908a3353c48532b78bd16e0ab468c7caf62916c8390c,canonical/inst_6e1b06d7ea43e3f3ea56b4d65c888b171b0b8e082d901f1993a38fcee8467025.json,ba982d92781770a7bfcf44ae19a370702e7eb2d8327ab1d6fd142e96403f7102,pass,optimal,12,6,12,12,12,True,formal_qaoa_generation,c1fe6ddb0aa5e0bd75dbc46707e2824bbe199bac82b2d766160294ce56353d99,ce881ad150a72354b843adb6c936e4afe1527655ac750bc3d89c0ae476cfc355,bee9c67f3f61ba16ad7ba5dbb0f1b3b151c68c16
inst_76b4fceaa4971ac39515576d3b4ae8be7e9cc630ca02f37f35038b1a211ddd14,max3sat,qaoa,test,6,low,anchor_pair,8775421186341018331,raw/max3sat/inst_76b4fceaa4971ac39515576d3b4ae8be7e9cc630ca02f37f35038b1a211ddd14.json,c40c3e7900711d0b3401f9d6de0c9fcee3c3df2b5f99d107b8c8f120129136f5,canonical/inst_76b4fceaa4971ac39515576d3b4ae8be7e9cc630ca02f37f35038b1a211ddd14.json,4ba0bb084cfd8a7754ad888e8a8dadd5125ca7c1974d88c1bf528ffffaf564a6,pass,optimal,12,6,8,8,8,True,formal_qaoa_generation,c1fe6ddb0aa5e0bd75dbc46707e2824bbe199bac82b2d766160294ce56353d99,ce881ad150a72354b843adb6c936e4afe1527655ac750bc3d89c0ae476cfc355,bee9c67f3f61ba16ad7ba5dbb0f1b3b151c68c16
inst_7a77be45945816cdb503e7f7499301da069c2cbea99b8c7736abc24242d83658,cubic_spin_glass,qaoa,validation,8,low,anchor_pair,3431456607978185364,raw/cubic_spin_glass/inst_7a77be45945816cdb503e7f7499301da069c2cbea99b8c7736abc24242d83658.json,e1ac45124096afe194cb7bbd0c8b911ccb51024a5b4804703f1848c9400cd36d,canonical/inst_7a77be45945816cdb503e7f7499301da069c2cbea99b8c7736abc24242d83658.json,d825ef8c60c04493c05bae67da7a0802ada1343e9bd1b0429686e6ac57a89a8e,pass,optimal,12,8,10,10,10,True,formal_qaoa_generation,c1fe6ddb0aa5e0bd75dbc46707e2824bbe199bac82b2d766160294ce56353d99,ce881ad150a72354b843adb6c936e4afe1527655ac750bc3d89c0ae476cfc355,bee9c67f3f61ba16ad7ba5dbb0f1b3b151c68c16
inst_8608e5248a35d6522c6e9d7789133cee2e59bb424a22755bfda7051964066655,cubic_spin_glass,qaoa,validation,8,intermediate,anchor_pair,8048912635813092059,raw/cubic_spin_glass/inst_8608e5248a35d6522c6e9d7789133cee2e59bb424a22755bfda7051964066655.json,795df955a9ad2104fd6f74ecc9188a0208d3ee10825e3b64e00f62718a4e68d0,canonical/inst_8608e5248a35d6522c6e9d7789133cee2e59bb424a22755bfda7051964066655.json,457b8a8d027e1551365893ca751531d318738140822397bc57b1cd676cba8c71,pass,optimal,12,8,11,11,11,True,formal_qaoa_generation,c1fe6ddb0aa5e0bd75dbc46707e2824bbe199bac82b2d766160294ce56353d99,ce881ad150a72354b843adb6c936e4afe1527655ac750bc3d89c0ae476cfc355,bee9c67f3f61ba16ad7ba5dbb0f1b3b151c68c16
inst_87a601d3b122868183c0757e6cbe5feb2ef11dd40f7c673ea291985e6a549307,cubic_spin_glass,qaoa,train,6,high,uniform,6615990439164754036,raw/cubic_spin_glass/inst_87a601d3b122868183c0757e6cbe5feb2ef11dd40f7c673ea291985e6a549307.json,f48a5f6170d155553800a83fff110de7b28aabc67435a4e80fd7118284c4b3aa,canonical/inst_87a601d3b122868183c0757e6cbe5feb2ef11dd40f7c673ea291985e6a549307.json,a7df9ceadfba3a013b1b38e657ae7a9152ab2f7d22a4c3df0d58fe6d0db6f2f9,pass,optimal,12,6,12,12,12,True,formal_qaoa_generation,c1fe6ddb0aa5e0bd75dbc46707e2824bbe199bac82b2d766160294ce56353d99,ce881ad150a72354b843adb6c936e4afe1527655ac750bc3d89c0ae476cfc355,bee9c67f3f61ba16ad7ba5dbb0f1b3b151c68c16
inst_897adab116a5a121bf9fd3b204b6d114d9b3c62bbb6b805c65f617ba7b93930d,cubic_spin_glass,qaoa,train,10,low,anchor_pair,4473658859020542845,raw/cubic_spin_glass/inst_897adab116a5a121bf9fd3b204b6d114d9b3c62bbb6b805c65f617ba7b93930d.json,b663bdd008e6dcba4b3d822ee202feb31d20fce3ef3983460fb05b50884e1174,canonical/inst_897adab116a5a121bf9fd3b204b6d114d9b3c62bbb6b805c65f617ba7b93930d.json,0797804197129e0ed6390f035cd4e32dd8bef30989b5b31dd338dddf12213c7c,pass,optimal,12,10,12,12,12,True,formal_qaoa_generation,c1fe6ddb0aa5e0bd75dbc46707e2824bbe199bac82b2d766160294ce56353d99,ce881ad150a72354b843adb6c936e4afe1527655ac750bc3d89c0ae476cfc355,bee9c67f3f61ba16ad7ba5dbb0f1b3b151c68c16
inst_91eb426c9c0bbbd84ef2fe7ad42085e23723cdb6cf1531196081348c8a5f3f87,max3sat,qaoa,train,10,high,anchor_pair,8505486104773285232,raw/max3sat/inst_91eb426c9c0bbbd84ef2fe7ad42085e23723cdb6cf1531196081348c8a5f3f87.json,0a5542b3828e1f914442e885e72656f133541ad1e90ed6d48dce6e6f33a70b8c,canonical/inst_91eb426c9c0bbbd84ef2fe7ad42085e23723cdb6cf1531196081348c8a5f3f87.json,8bb7228fc7cbe401a767b1dcfc6f94f69a3376cddefb23f2eb5c4db6892e3402,pass,optimal,12,10,12,12,12,True,formal_qaoa_generation,c1fe6ddb0aa5e0bd75dbc46707e2824bbe199bac82b2d766160294ce56353d99,ce881ad150a72354b843adb6c936e4afe1527655ac750bc3d89c0ae476cfc355,bee9c67f3f61ba16ad7ba5dbb0f1b3b151c68c16
inst_9679681558f577ddb420b6c5061d6d4c13b7a9a490b5766a03b938713b6af827,cubic_spin_glass,qaoa,train,6,intermediate,uniform,6214419117001468609,raw/cubic_spin_glass/inst_9679681558f577ddb420b6c5061d6d4c13b7a9a490b5766a03b938713b6af827.json,342855ed1688c28de223bfd4b024c3db4f6b3398ce99979efa5d9cbdc421c39d,canonical/inst_9679681558f577ddb420b6c5061d6d4c13b7a9a490b5766a03b938713b6af827.json,06bfca207ad4a6fb92a7cd8e1d16fdcb716e9edc7802f03c159e9474efac188c,pass,optimal,12,6,10,10,10,True,formal_qaoa_generation,c1fe6ddb0aa5e0bd75dbc46707e2824bbe199bac82b2d766160294ce56353d99,ce881ad150a72354b843adb6c936e4afe1527655ac750bc3d89c0ae476cfc355,bee9c67f3f61ba16ad7ba5dbb0f1b3b151c68c16
inst_978c368ff5bb87297b67d689adffef2a8a61615398dcc1b4abee87bbe84a351c,max3sat,qaoa,validation,6,high,anchor_pair,1724272743371229750,raw/max3sat/inst_978c368ff5bb87297b67d689adffef2a8a61615398dcc1b4abee87bbe84a351c.json,7bb7d47fb74c0f0c023ea96d12a556ca189a08349462244432526cd0fb6944b3,canonical/inst_978c368ff5bb87297b67d689adffef2a8a61615398dcc1b4abee87bbe84a351c.json,12ee164165da5092d8c1ad206dc6276e3bb9b990e1866d3e9a70cc42278711fd,pass,optimal,12,6,8,8,8,True,formal_qaoa_generation,c1fe6ddb0aa5e0bd75dbc46707e2824bbe199bac82b2d766160294ce56353d99,ce881ad150a72354b843adb6c936e4afe1527655ac750bc3d89c0ae476cfc355,bee9c67f3f61ba16ad7ba5dbb0f1b3b151c68c16
inst_9b6ce8884ae154982c2939a60289ee47dfa313091f1d48b8103f43407954fa13,max3sat,qaoa,train,8,intermediate,anchor_pair,948957155853442301,raw/max3sat/inst_9b6ce8884ae154982c2939a60289ee47dfa313091f1d48b8103f43407954fa13.json,5d92026f52da20b1d9ef5991878f272684aadf1c58cebef681c2327b912be0d4,canonical/inst_9b6ce8884ae154982c2939a60289ee47dfa313091f1d48b8103f43407954fa13.json,bb97bf7d6cb01d46bcf9a1ce810e87aa9741828d4095896664d7d8f2e6eef3c3,pass,optimal,12,8,10,10,10,True,formal_qaoa_generation,c1fe6ddb0aa5e0bd75dbc46707e2824bbe199bac82b2d766160294ce56353d99,ce881ad150a72354b843adb6c936e4afe1527655ac750bc3d89c0ae476cfc355,bee9c67f3f61ba16ad7ba5dbb0f1b3b151c68c16
inst_9d85627da1dd99cb693a2224b5d4f551382d0946add534465780ba32103efdda,cubic_spin_glass,qaoa,validation,8,low,anchor_pair,1990336762921602775,raw/cubic_spin_glass/inst_9d85627da1dd99cb693a2224b5d4f551382d0946add534465780ba32103efdda.json,11a17bcd4069505ee1d0e7dad0a51fe5e9b20bbb1b2c45f2f71edacc77ca18bb,canonical/inst_9d85627da1dd99cb693a2224b5d4f551382d0946add534465780ba32103efdda.json,8419f2942b785a9b35b95adadb4ca8bf1fecab88ccfc94819e14f39c4c6c3c9a,pass,optimal,12,8,10,10,10,True,formal_qaoa_generation,c1fe6ddb0aa5e0bd75dbc46707e2824bbe199bac82b2d766160294ce56353d99,ce881ad150a72354b843adb6c936e4afe1527655ac750bc3d89c0ae476cfc355,bee9c67f3f61ba16ad7ba5dbb0f1b3b151c68c16
inst_a2007c06fe8dd399d90465f32b4aa41fa9ba101663d028b2d14c0b2216b8cf03,max3sat,qaoa,train,8,low,anchor_pair,4891716441055920854,raw/max3sat/inst_a2007c06fe8dd399d90465f32b4aa41fa9ba101663d028b2d14c0b2216b8cf03.json,5da749a905d4ea23f2cf7ec0d3343b19cc5dd6a5abd138750cb5abe6c60b5627,canonical/inst_a2007c06fe8dd399d90465f32b4aa41fa9ba101663d028b2d14c0b2216b8cf03.json,21a6cdaad9d5bdc0b67bf0200b4232c66acbe57bac6e46f6a5ed2b0cdf68c607,pass,optimal,12,8,10,10,10,True,formal_qaoa_generation,c1fe6ddb0aa5e0bd75dbc46707e2824bbe199bac82b2d766160294ce56353d99,ce881ad150a72354b843adb6c936e4afe1527655ac750bc3d89c0ae476cfc355,bee9c67f3f61ba16ad7ba5dbb0f1b3b151c68c16
inst_a45fa2e7ace177e24317c9282f70f74bc0232b8fc2ea3a8327f837e0ad475363,max3sat,qaoa,train,10,intermediate,anchor_pair,8254981240188926932,raw/max3sat/inst_a45fa2e7ace177e24317c9282f70f74bc0232b8fc2ea3a8327f837e0ad475363.json,9a1a9a5b30018135e2a8b8c7d892d6ee4096b7fa4dc34936b13212c314716950,canonical/inst_a45fa2e7ace177e24317c9282f70f74bc0232b8fc2ea3a8327f837e0ad475363.json,e233b11b01816293f198dabaf0bcbf5f7495c291f84d93ab202a4485538d20c3,pass,optimal,12,10,12,12,12,True,formal_qaoa_generation,c1fe6ddb0aa5e0bd75dbc46707e2824bbe199bac82b2d766160294ce56353d99,ce881ad150a72354b843adb6c936e4afe1527655ac750bc3d89c0ae476cfc355,bee9c67f3f61ba16ad7ba5dbb0f1b3b151c68c16
inst_a5e1e50cf4985c81696d94f0fcfb6039e12200f0121a30e8cc3765883fe2c0a4,max3sat,qaoa,train,6,high,anchor_pair,8451387300215826528,raw/max3sat/inst_a5e1e50cf4985c81696d94f0fcfb6039e12200f0121a30e8cc3765883fe2c0a4.json,892c06ba2a1f00070ee919b9992d99ec87ee52440055ef46603937b6784e19a2,canonical/inst_a5e1e50cf4985c81696d94f0fcfb6039e12200f0121a30e8cc3765883fe2c0a4.json,8305ced57350cd5a5849ecb2646d5ca36e71ebe5beb8188c356085e7adbb5ee4,pass,optimal,12,6,8,8,8,True,formal_qaoa_generation,c1fe6ddb0aa5e0bd75dbc46707e2824bbe199bac82b2d766160294ce56353d99,ce881ad150a72354b843adb6c936e4afe1527655ac750bc3d89c0ae476cfc355,bee9c67f3f61ba16ad7ba5dbb0f1b3b151c68c16
inst_a706fe1dbaf251e152bea8c1f6a9c98b2c24fd37bf19ec145e7ff4669d04bbfd,max3sat,qaoa,train,6,intermediate,uniform,1258723949549648295,raw/max3sat/inst_a706fe1dbaf251e152bea8c1f6a9c98b2c24fd37bf19ec145e7ff4669d04bbfd.json,60f6afcd846e53da221ee1ed1bfa5f4ea807b62af12dff784e8d95ab30885f6e,canonical/inst_a706fe1dbaf251e152bea8c1f6a9c98b2c24fd37bf19ec145e7ff4669d04bbfd.json,7eabdc2cab9a9cb71c114b7a9a3ea824a3908a937e88241107fb18bad2e79f8d,pass,optimal,12,6,11,11,11,True,formal_qaoa_generation,c1fe6ddb0aa5e0bd75dbc46707e2824bbe199bac82b2d766160294ce56353d99,ce881ad150a72354b843adb6c936e4afe1527655ac750bc3d89c0ae476cfc355,bee9c67f3f61ba16ad7ba5dbb0f1b3b151c68c16
inst_aa8b03f9dc27f4204bf39bc1f69d4b2676ac00ec15a6970405d5619e2cc111bc,max3sat,qaoa,validation,10,high,anchor_pair,4774631791855334547,raw/max3sat/inst_aa8b03f9dc27f4204bf39bc1f69d4b2676ac00ec15a6970405d5619e2cc111bc.json,ca7d20cd6bdccd550f5b8ffe22b7e1ad4e4e2f08d3a91a7cebf866b6a907f64d,canonical/inst_aa8b03f9dc27f4204bf39bc1f69d4b2676ac00ec15a6970405d5619e2cc111bc.json,acaa556145c9cc89c2b54cdce2f20d74af2d2322c8c15ca9cbff5852b738fb26,pass,optimal,12,10,12,12,12,True,formal_qaoa_generation,c1fe6ddb0aa5e0bd75dbc46707e2824bbe199bac82b2d766160294ce56353d99,ce881ad150a72354b843adb6c936e4afe1527655ac750bc3d89c0ae476cfc355,bee9c67f3f61ba16ad7ba5dbb0f1b3b151c68c16
inst_aaead796fbc07b3bf205acd3394d06c5e034ff1f664327964b61110ee9cf9cb6,cubic_spin_glass,qaoa,train,6,low,uniform,8323679637250390135,raw/cubic_spin_glass/inst_aaead796fbc07b3bf205acd3394d06c5e034ff1f664327964b61110ee9cf9cb6.json,e4e4e1636ec0ee28aeedb98b3ba4767bb0cb9bd746aa4d4b17d9b4dc8ec955dc,canonical/inst_aaead796fbc07b3bf205acd3394d06c5e034ff1f664327964b61110ee9cf9cb6.json,bd4852c83d78af8527723fe0e37e6c01a9f1a8500638469d769333c15668ab72,pass,optimal,12,6,10,10,10,True,formal_qaoa_generation,c1fe6ddb0aa5e0bd75dbc46707e2824bbe199bac82b2d766160294ce56353d99,ce881ad150a72354b843adb6c936e4afe1527655ac750bc3d89c0ae476cfc355,bee9c67f3f61ba16ad7ba5dbb0f1b3b151c68c16
inst_acbf81eed080cb0966307b9d199008aead5fdef8c6ff8f37b637df67070c0e62,max3sat,qaoa,test,6,intermediate,uniform,1042524451568219041,raw/max3sat/inst_acbf81eed080cb0966307b9d199008aead5fdef8c6ff8f37b637df67070c0e62.json,7222d25bf63ae6fcd2aa598a15fec896b98df886c57293ee5216027eb077f331,canonical/inst_acbf81eed080cb0966307b9d199008aead5fdef8c6ff8f37b637df67070c0e62.json,25803008fbaf5678b79de9fd308a369b7b390c9e3a4f7d8c3cebdcc17185c838,pass,optimal,12,6,11,11,11,True,formal_qaoa_generation,c1fe6ddb0aa5e0bd75dbc46707e2824bbe199bac82b2d766160294ce56353d99,ce881ad150a72354b843adb6c936e4afe1527655ac750bc3d89c0ae476cfc355,bee9c67f3f61ba16ad7ba5dbb0f1b3b151c68c16
inst_adc5a65599618eb3abc9d5b1187bc63812a1fce96aebb9aba3f4ad2d0d9f6b03,cubic_spin_glass,qaoa,train,6,intermediate,anchor_pair,8412245308310008440,raw/cubic_spin_glass/inst_adc5a65599618eb3abc9d5b1187bc63812a1fce96aebb9aba3f4ad2d0d9f6b03.json,2244f152adb52f6ad48b5e6887d91c00706f31f62b34203cafe65c12f820d437,canonical/inst_adc5a65599618eb3abc9d5b1187bc63812a1fce96aebb9aba3f4ad2d0d9f6b03.json,9a65f0ab642ed6fc37ca6ce272cb529845f967bbee2d0318ca75437c9ac1e90e,pass,optimal,12,6,9,9,9,True,formal_qaoa_generation,c1fe6ddb0aa5e0bd75dbc46707e2824bbe199bac82b2d766160294ce56353d99,ce881ad150a72354b843adb6c936e4afe1527655ac750bc3d89c0ae476cfc355,bee9c67f3f61ba16ad7ba5dbb0f1b3b151c68c16
inst_afdec9931581f1401d0b64eac7696464cbd188be6cf8c292ebc7f1d853f0ce57,cubic_spin_glass,qaoa,test,8,intermediate,anchor_pair,3711617590002910696,raw/cubic_spin_glass/inst_afdec9931581f1401d0b64eac7696464cbd188be6cf8c292ebc7f1d853f0ce57.json,5d502d5296ffdce4fe581800cccec52c06b18257d03c2badd7958dc5d1639b1e,canonical/inst_afdec9931581f1401d0b64eac7696464cbd188be6cf8c292ebc7f1d853f0ce57.json,2eeab13af26ac8442ff813e5ab1affba32b6b40938149ca6b21c17e1fc53438d,pass,optimal,12,8,11,11,11,True,formal_qaoa_generation,c1fe6ddb0aa5e0bd75dbc46707e2824bbe199bac82b2d766160294ce56353d99,ce881ad150a72354b843adb6c936e4afe1527655ac750bc3d89c0ae476cfc355,bee9c67f3f61ba16ad7ba5dbb0f1b3b151c68c16
inst_b05509b0b56a79b5828b18c10344227850eb248828adc058ebb16b0f87050956,max3sat,qaoa,train,10,high,anchor_pair,470574044888623235,raw/max3sat/inst_b05509b0b56a79b5828b18c10344227850eb248828adc058ebb16b0f87050956.json,6e40e1e51c758274cb96521ed2fbdfa8dc31bc17e68d7a00fba470f8679239a0,canonical/inst_b05509b0b56a79b5828b18c10344227850eb248828adc058ebb16b0f87050956.json,57bb9763e1b1895093b9419bbf394ba99265b54e7e00893b864a5725be9ecf84,pass,optimal,12,10,12,12,12,True,formal_qaoa_generation,c1fe6ddb0aa5e0bd75dbc46707e2824bbe199bac82b2d766160294ce56353d99,ce881ad150a72354b843adb6c936e4afe1527655ac750bc3d89c0ae476cfc355,bee9c67f3f61ba16ad7ba5dbb0f1b3b151c68c16
inst_b1f9b7e0ac3bdb4a518d06f4c72df0221c8ecb3cd602913bd3240c52f03270bb,cubic_spin_glass,qaoa,test,6,high,uniform,3407019156353329484,raw/cubic_spin_glass/inst_b1f9b7e0ac3bdb4a518d06f4c72df0221c8ecb3cd602913bd3240c52f03270bb.json,0fcb9599ef2026dbcfb2c8d72eccc6f1cd219314b9f58292ed6fb981a623d2a4,canonical/inst_b1f9b7e0ac3bdb4a518d06f4c72df0221c8ecb3cd602913bd3240c52f03270bb.json,7201bad90623f03ce4f454361dbd36a2e542f5bc1bc67c1c18373c111750d9f5,pass,optimal,12,6,12,12,12,True,formal_qaoa_generation,c1fe6ddb0aa5e0bd75dbc46707e2824bbe199bac82b2d766160294ce56353d99,ce881ad150a72354b843adb6c936e4afe1527655ac750bc3d89c0ae476cfc355,bee9c67f3f61ba16ad7ba5dbb0f1b3b151c68c16
inst_b37828179f6c6800c802702f1d239fd05b463464d96b80d54b9f3288c26e23b2,max3sat,qaoa,train,8,low,anchor_pair,6528705412493470694,raw/max3sat/inst_b37828179f6c6800c802702f1d239fd05b463464d96b80d54b9f3288c26e23b2.json,8e0340e2cb43997b83fe23603868cfd8710db6c73bab98bf285d61962e38570c,canonical/inst_b37828179f6c6800c802702f1d239fd05b463464d96b80d54b9f3288c26e23b2.json,74a25e0dbb77b23606cd41ea47a3be392d9b27dbc53d84224052bb505a140a7c,pass,optimal,12,8,10,10,10,True,formal_qaoa_generation,c1fe6ddb0aa5e0bd75dbc46707e2824bbe199bac82b2d766160294ce56353d99,ce881ad150a72354b843adb6c936e4afe1527655ac750bc3d89c0ae476cfc355,bee9c67f3f61ba16ad7ba5dbb0f1b3b151c68c16
inst_b3fcc42b591a7f9ae37e3c0266fc2236ae632c8e7f2ebaa4d1f6ae7bebb2b09b,cubic_spin_glass,qaoa,validation,6,intermediate,uniform,4570899243862192263,raw/cubic_spin_glass/inst_b3fcc42b591a7f9ae37e3c0266fc2236ae632c8e7f2ebaa4d1f6ae7bebb2b09b.json,79c70ddd8d8e7f6c2316e60de8c6151fee52d8db4802d3887453237247720e1a,canonical/inst_b3fcc42b591a7f9ae37e3c0266fc2236ae632c8e7f2ebaa4d1f6ae7bebb2b09b.json,9165198cc862f4ace4c594c5586cace7c0a9dc350a62d93f6a7742db1b122dfa,pass,optimal,12,6,10,10,10,True,formal_qaoa_generation,c1fe6ddb0aa5e0bd75dbc46707e2824bbe199bac82b2d766160294ce56353d99,ce881ad150a72354b843adb6c936e4afe1527655ac750bc3d89c0ae476cfc355,bee9c67f3f61ba16ad7ba5dbb0f1b3b151c68c16
inst_b743f95ddc47da1f2a603f93425eed7e366f1373e13f44ce77e30625e2bb6c2c,max3sat,qaoa,test,8,low,anchor_pair,5757431592604328772,raw/max3sat/inst_b743f95ddc47da1f2a603f93425eed7e366f1373e13f44ce77e30625e2bb6c2c.json,31c3960a5459e612134b496c05b8dfefa25b8713c30658e51dd813695491a3b3,canonical/inst_b743f95ddc47da1f2a603f93425eed7e366f1373e13f44ce77e30625e2bb6c2c.json,7035742235678d0747762791e7b1a5b954ac77730c55a570ceb8c76d8b3adb40,pass,optimal,12,8,10,10,10,True,formal_qaoa_generation,c1fe6ddb0aa5e0bd75dbc46707e2824bbe199bac82b2d766160294ce56353d99,ce881ad150a72354b843adb6c936e4afe1527655ac750bc3d89c0ae476cfc355,bee9c67f3f61ba16ad7ba5dbb0f1b3b151c68c16
inst_b89c75bd1ee3d668aafe33b2d3a9f205d46bcc8ed9d5d2e51163ef9012e66fed,max3sat,qaoa,train,6,high,uniform,7885668108836731689,raw/max3sat/inst_b89c75bd1ee3d668aafe33b2d3a9f205d46bcc8ed9d5d2e51163ef9012e66fed.json,bcc7ec29229e391409883362de4c7861b1a30ac86d5780c9ba33ade0eef83a50,canonical/inst_b89c75bd1ee3d668aafe33b2d3a9f205d46bcc8ed9d5d2e51163ef9012e66fed.json,ebf3b2e387a3c281a10fbd71f771ab58b6ce5827880b39363087d76388bfb311,pass,optimal,12,6,12,12,12,True,formal_qaoa_generation,c1fe6ddb0aa5e0bd75dbc46707e2824bbe199bac82b2d766160294ce56353d99,ce881ad150a72354b843adb6c936e4afe1527655ac750bc3d89c0ae476cfc355,bee9c67f3f61ba16ad7ba5dbb0f1b3b151c68c16
inst_bfc4f75c01232f1f90ac800a8b3e0a150a32af237331cb4a57b0c101fc620920,cubic_spin_glass,qaoa,train,6,low,anchor_pair,6814594293212464180,raw/cubic_spin_glass/inst_bfc4f75c01232f1f90ac800a8b3e0a150a32af237331cb4a57b0c101fc620920.json,dd3b439df2ea7204aa3f666e2aa6b15f08380c32ff0b6ab767b71ce2bb496655,canonical/inst_bfc4f75c01232f1f90ac800a8b3e0a150a32af237331cb4a57b0c101fc620920.json,7c31f18648aad8a01d970731eb0216796f457c3e21188650fb142c3851d9a60f,pass,optimal,12,6,8,8,8,True,formal_qaoa_generation,c1fe6ddb0aa5e0bd75dbc46707e2824bbe199bac82b2d766160294ce56353d99,ce881ad150a72354b843adb6c936e4afe1527655ac750bc3d89c0ae476cfc355,bee9c67f3f61ba16ad7ba5dbb0f1b3b151c68c16
inst_bfdeb7102dbcaa77576bb0f0dd190d0ccd5988214af55517250b0b1f1f35472d,max3sat,qaoa,train,10,low,anchor_pair,4583913544804495012,raw/max3sat/inst_bfdeb7102dbcaa77576bb0f0dd190d0ccd5988214af55517250b0b1f1f35472d.json,e78d62bfec2d798678a6b14d2e81c210d460ab6a308008c818463d43c03d0210,canonical/inst_bfdeb7102dbcaa77576bb0f0dd190d0ccd5988214af55517250b0b1f1f35472d.json,1ee3b8e7f7059bbd58bfa30d7c1392948d307256f25e67b0731fe62c537d0771,pass,optimal,12,10,12,12,12,True,formal_qaoa_generation,c1fe6ddb0aa5e0bd75dbc46707e2824bbe199bac82b2d766160294ce56353d99,ce881ad150a72354b843adb6c936e4afe1527655ac750bc3d89c0ae476cfc355,bee9c67f3f61ba16ad7ba5dbb0f1b3b151c68c16
inst_c0792a010607df5b8adc82617d168d996001da2fba2826f91d0df97aad060f40,max3sat,qaoa,train,6,intermediate,uniform,8108847481546831495,raw/max3sat/inst_c0792a010607df5b8adc82617d168d996001da2fba2826f91d0df97aad060f40.json,1fb9b5362d763652f5e1a26773889e57d0f4a1cf1d02a38ebad60eb96cb0dffa,canonical/inst_c0792a010607df5b8adc82617d168d996001da2fba2826f91d0df97aad060f40.json,3e00160f9825f0ebc68b670f61e15c9a73e66903a7c4adedf14bac62e5b7ef97,pass,optimal,12,6,10,10,10,True,formal_qaoa_generation,c1fe6ddb0aa5e0bd75dbc46707e2824bbe199bac82b2d766160294ce56353d99,ce881ad150a72354b843adb6c936e4afe1527655ac750bc3d89c0ae476cfc355,bee9c67f3f61ba16ad7ba5dbb0f1b3b151c68c16
inst_d961c906ab8eb747e49d8004739def871391f3aee44b8abd0fcfe0dcae8b9c8a,cubic_spin_glass,qaoa,train,8,intermediate,anchor_pair,8729095960102855723,raw/cubic_spin_glass/inst_d961c906ab8eb747e49d8004739def871391f3aee44b8abd0fcfe0dcae8b9c8a.json,9124a886c901c9ce7c87bae16318275885776e0ca8928ecc019ed5c8c7b9ebe8,canonical/inst_d961c906ab8eb747e49d8004739def871391f3aee44b8abd0fcfe0dcae8b9c8a.json,466f0f36a5584c652596bb3bc19c62c2ed12683a61227bc2021d285d7c6b7260,pass,optimal,12,8,11,11,11,True,formal_qaoa_generation,c1fe6ddb0aa5e0bd75dbc46707e2824bbe199bac82b2d766160294ce56353d99,ce881ad150a72354b843adb6c936e4afe1527655ac750bc3d89c0ae476cfc355,bee9c67f3f61ba16ad7ba5dbb0f1b3b151c68c16
inst_dbb61ddc8b32bbcd05217610a1e6dd120f91f8e4f6f034c670ba549c6a01029e,max3sat,qaoa,train,8,high,anchor_pair,2787801146011087094,raw/max3sat/inst_dbb61ddc8b32bbcd05217610a1e6dd120f91f8e4f6f034c670ba549c6a01029e.json,6cf37a292831f70c92624f62de638a4b5ac338c0dd592f9336b13cfa4dadfff4,canonical/inst_dbb61ddc8b32bbcd05217610a1e6dd120f91f8e4f6f034c670ba549c6a01029e.json,d2fefe0d0cdc81a04f58f16ec0bf6638a81b30acb2567b7cba2501b87b1487e7,pass,optimal,12,8,10,10,10,True,formal_qaoa_generation,c1fe6ddb0aa5e0bd75dbc46707e2824bbe199bac82b2d766160294ce56353d99,ce881ad150a72354b843adb6c936e4afe1527655ac750bc3d89c0ae476cfc355,bee9c67f3f61ba16ad7ba5dbb0f1b3b151c68c16
inst_de18bb33b7e3b2b67ee2e28478fd94c184101014e0d2cd7dcff968dee230f467,max3sat,qaoa,validation,10,intermediate,anchor_pair,2146125568135275257,raw/max3sat/inst_de18bb33b7e3b2b67ee2e28478fd94c184101014e0d2cd7dcff968dee230f467.json,55f70c20a27c62f437b0bbb3d1d3521457a5933c6082e7047a66c395af8d71a9,canonical/inst_de18bb33b7e3b2b67ee2e28478fd94c184101014e0d2cd7dcff968dee230f467.json,b44ba91fd0d516749f6d8ea13332a1fcd25b9dd68e737690807ab04482efaf21,pass,optimal,12,10,12,12,12,True,formal_qaoa_generation,c1fe6ddb0aa5e0bd75dbc46707e2824bbe199bac82b2d766160294ce56353d99,ce881ad150a72354b843adb6c936e4afe1527655ac750bc3d89c0ae476cfc355,bee9c67f3f61ba16ad7ba5dbb0f1b3b151c68c16
inst_e1fa5b3aa2be02b5f5b3e078e3459f57bd0d07fe0a7733dd746858e865cbb7da,max3sat,qaoa,test,6,high,uniform,2872201498030241191,raw/max3sat/inst_e1fa5b3aa2be02b5f5b3e078e3459f57bd0d07fe0a7733dd746858e865cbb7da.json,c7608b78fa4916472504d6b33ce34417e50de4fb25187f49ca9378b71e41989e,canonical/inst_e1fa5b3aa2be02b5f5b3e078e3459f57bd0d07fe0a7733dd746858e865cbb7da.json,b79493c5d7c0b3c8d40a1d287024c9c704c17bb24ac0d8a8642da490987ab54f,pass,optimal,12,6,12,12,12,True,formal_qaoa_generation,c1fe6ddb0aa5e0bd75dbc46707e2824bbe199bac82b2d766160294ce56353d99,ce881ad150a72354b843adb6c936e4afe1527655ac750bc3d89c0ae476cfc355,bee9c67f3f61ba16ad7ba5dbb0f1b3b151c68c16
inst_ecc9d06a31bd57000e6b59275f9c61a48c0f3149cbc666eabc17d781a676e0f5,cubic_spin_glass,qaoa,train,10,low,anchor_pair,553686771378838272,raw/cubic_spin_glass/inst_ecc9d06a31bd57000e6b59275f9c61a48c0f3149cbc666eabc17d781a676e0f5.json,c40394ba96c645ddf9dd6b29fd343639eb70c8129c6aa0c50f36599b6ddd0dbb,canonical/inst_ecc9d06a31bd57000e6b59275f9c61a48c0f3149cbc666eabc17d781a676e0f5.json,65fd140647459b3a604aeaebbd220db3b96190f7f37fd6359709969eabac23d8,pass,optimal,12,10,12,12,12,True,formal_qaoa_generation,c1fe6ddb0aa5e0bd75dbc46707e2824bbe199bac82b2d766160294ce56353d99,ce881ad150a72354b843adb6c936e4afe1527655ac750bc3d89c0ae476cfc355,bee9c67f3f61ba16ad7ba5dbb0f1b3b151c68c16
inst_f2ed8dbc560f51cb89927afe69d90f4f3cc7abceee680fb016d391e625d68a0c,cubic_spin_glass,qaoa,train,10,low,anchor_pair,5354672257289089525,raw/cubic_spin_glass/inst_f2ed8dbc560f51cb89927afe69d90f4f3cc7abceee680fb016d391e625d68a0c.json,b4961bba059441ca74ee4480cedaba4762841b55dcc0588db4ef6904d2d1c043,canonical/inst_f2ed8dbc560f51cb89927afe69d90f4f3cc7abceee680fb016d391e625d68a0c.json,66164ccca94cd34494ee35002953e9cfcb0fb9f35b0efbd2c7d452b84b3f3522,pass,optimal,12,10,12,12,12,True,formal_qaoa_generation,c1fe6ddb0aa5e0bd75dbc46707e2824bbe199bac82b2d766160294ce56353d99,ce881ad150a72354b843adb6c936e4afe1527655ac750bc3d89c0ae476cfc355,bee9c67f3f61ba16ad7ba5dbb0f1b3b151c68c16
inst_f36c394f70cae47fe4b477d53e2faa732f75510eb7dfa6cd0daa61cd1e03ef76,max3sat,qaoa,train,8,intermediate,anchor_pair,6718638526062437488,raw/max3sat/inst_f36c394f70cae47fe4b477d53e2faa732f75510eb7dfa6cd0daa61cd1e03ef76.json,8b19b81a8701465040234fc7a2eff86776fcf22ea560703cbfe7d80285cb00ed,canonical/inst_f36c394f70cae47fe4b477d53e2faa732f75510eb7dfa6cd0daa61cd1e03ef76.json,cffa0597e4b590868c88dc5bdf45ff547b73dcf64c4aaa1f2dbfade15d443b51,pass,optimal,12,8,10,10,10,True,formal_qaoa_generation,c1fe6ddb0aa5e0bd75dbc46707e2824bbe199bac82b2d766160294ce56353d99,ce881ad150a72354b843adb6c936e4afe1527655ac750bc3d89c0ae476cfc355,bee9c67f3f61ba16ad7ba5dbb0f1b3b151c68c16
inst_f464a6017aeb643faf87ab97342075e0e3183e3dbc6b4c602ebe7274fdf6ba78,cubic_spin_glass,qaoa,test,6,low,uniform,3573826371242130377,raw/cubic_spin_glass/inst_f464a6017aeb643faf87ab97342075e0e3183e3dbc6b4c602ebe7274fdf6ba78.json,1a05d895cb77c88be13dbe4c1e1f2e35ab6635bc323d1ac9d7bb78416e0df234,canonical/inst_f464a6017aeb643faf87ab97342075e0e3183e3dbc6b4c602ebe7274fdf6ba78.json,21022c68172d384d5b3f7f18741519e7b3b83f0a3633c491d204ed25fe104cca,pass,optimal,12,6,9,9,9,True,formal_qaoa_generation,c1fe6ddb0aa5e0bd75dbc46707e2824bbe199bac82b2d766160294ce56353d99,ce881ad150a72354b843adb6c936e4afe1527655ac750bc3d89c0ae476cfc355,bee9c67f3f61ba16ad7ba5dbb0f1b3b151c68c16
inst_f99e93afc82824a99db80d708adb1bac191b50cf23c501f5a0d79af792e1e4d0,cubic_spin_glass,qaoa,train,6,intermediate,anchor_pair,2148834744481224107,raw/cubic_spin_glass/inst_f99e93afc82824a99db80d708adb1bac191b50cf23c501f5a0d79af792e1e4d0.json,dacd5d5485a4b90ccb3746524fdcfd6ae89f495f942ef3c4739db5b961773594,canonical/inst_f99e93afc82824a99db80d708adb1bac191b50cf23c501f5a0d79af792e1e4d0.json,2e7cd347a9d10f4c07c2b8848a486c417bc9fe65091662a8e07c31e13c6286d3,pass,optimal,12,6,9,9,9,True,formal_qaoa_generation,c1fe6ddb0aa5e0bd75dbc46707e2824bbe199bac82b2d766160294ce56353d99,ce881ad150a72354b843adb6c936e4afe1527655ac750bc3d89c0ae476cfc355,bee9c67f3f61ba16ad7ba5dbb0f1b3b151c68c16
inst_fb5096b47436e44ba8bef4d03307537a82350020c40b1ec2439a544f1ab23349,cubic_spin_glass,qaoa,test,8,low,anchor_pair,2044196357262164143,raw/cubic_spin_glass/inst_fb5096b47436e44ba8bef4d03307537a82350020c40b1ec2439a544f1ab23349.json,69d8ab5fb6cdaf88df6a6ade4c5abdb6d9961c1be05d264d1784c82ef3fc51f0,canonical/inst_fb5096b47436e44ba8bef4d03307537a82350020c40b1ec2439a544f1ab23349.json,bace5a5625777e23abdec23af94d6a4b9c72bf64eb5502c32e3fc76713adf438,pass,optimal,12,8,10,10,10,True,formal_qaoa_generation,c1fe6ddb0aa5e0bd75dbc46707e2824bbe199bac82b2d766160294ce56353d99,ce881ad150a72354b843adb6c936e4afe1527655ac750bc3d89c0ae476cfc355,bee9c67f3f61ba16ad7ba5dbb0f1b3b151c68c16
inst_fd6f1d3aaac76c727a809f3cde8e864f3251753acdfb754cdbe62bef58290f57,cubic_spin_glass,qaoa,train,6,high,uniform,8012208888686048258,raw/cubic_spin_glass/inst_fd6f1d3aaac76c727a809f3cde8e864f3251753acdfb754cdbe62bef58290f57.json,c573dddfc7523102bb3e56b75ba3cc1bf0c58c8954938a7a32ad1d1bf9e46161,canonical/inst_fd6f1d3aaac76c727a809f3cde8e864f3251753acdfb754cdbe62bef58290f57.json,4e86734ee9f230c573c9a6e8c56ab13ce4a3d7a3d525b9cb3b2562e5e2197824,pass,optimal,12,6,12,12,12,True,formal_qaoa_generation,c1fe6ddb0aa5e0bd75dbc46707e2824bbe199bac82b2d766160294ce56353d99,ce881ad150a72354b843adb6c936e4afe1527655ac750bc3d89c0ae476cfc355,bee9c67f3f61ba16ad7ba5dbb0f1b3b151c68c16
